episode.description,episode.duration_ms,episode.explicit,episode.id,episode.language,episode.name,episode.release_date,show.description,show.id,show.name,show.publisher,show.total_episodes
Episode 61. Val 1: Shi**y and Good Values. Ulland and Jo start the conversation about values in a theoretical sense. They review values that are helpful and then shift to talking about some substitutes for good values.,2099030,False,6XaMJ6XsxiXwKL9L6w13bt,en,Val 1: Shi**y and Good Values,2020-07-14,"The quote ""All Therapists Are Jerks"" from Marsha Linehan, creator of Dialectical Behavior Therapy (DBT),  refers to the fallibility agreement within consult groups. The mission of the podcast is to help educate on the use of DBT skills and philosophy and to make them more accessible to the average listener and in particular those with loved ones who struggle with emotion regulation difficulties.  https://alltherapistsarejerks.squarespace.com",3pM83eBkSfywLX859sxA3m,"All Therapists are Jerks, and . . .","E Ulland, MD",124.0
"“When you allow emotion into the courtroom, bias rushes in alongside it.” Special guest Rachel Monroe tells Mike and Sarah how a good-faith critique of the justice system led to a decades-long crackdown. Digressions include Charles Manson, Ronald Reagan and a billionaire mugshot. Mike’s similes are worse than Sarah’s.Continue reading →Support us:Subscribe on PatreonDonate on PaypalBuy cute merchWhere to find us: Sarah's other show, Why Are Dads Mike's other show, Maintenance PhaseSupport the show",3239395,False,2xTnhICxB1IkSIB3T9Ot0r,en,The Victims’ Rights Movement,2019-08-16,Sarah is a journalist obsessed with the past. Every week she reconsiders a person or event that's been miscast in the public imagination.,1RefFgQB4Lrl7qczcTWA3o,You're Wrong About,Sarah Marshall,252.0
"Download our Mobile App!  iOS |  Android --- Our tried and true Brown Noise, beloved by 10's of millions of people around the world! Brown Noise is a much deeper, fuller version of the popular White Noise, with a heavy emphasis on low-end frequencies. Its soothing, calming, constant tones are wonderful for helping adults and babies alike to fall and stay asleep, for study, for meditation, for managing anxiety, or for any other activities where you want to block out the world and focus solely on the task at hand. It also has incredible sound masking properties for use in distracting and noisy environments! *If you have been enjoying this Sound Machine up until now, don't fret that you see this new episode published with a more recent date! It's the same exact Sound Machine that you and millions of others have been 💤 to for years. I just republished it so that it would be at the top of the feed and remain more visible for new folks just finding the podcast! --- 🗣️ Follow Us on Instagram & TikTok @dwellspring.io --- If these Sound Machines have been helpful for you, I'd be so grateful if you'd rate the show on either Spotify or Apple Podcasts 🙏 --- To unlock intro-free, ad-free versions of all the 12 Hour Sound Machines, subscribe to the Podcast at dwellspring.io/podcast. This free episode has an ad or two at the very beginning but once the Sound Machine starts, rest assured there will be no more interruptions whatsoever 😴 . If you have any specific sounds you'd like added, hit me up at brandon@dwellspring.io. --- Episode Keywords: Brown Noise | White Noise | Ambient Noise | Baby | Sleep | Travel | Sound Masking | Sound Cancellation | Meditation | ADHD | Anxiety | Autism ----- © 12 Hour Sound Machines, LLC. All rights reserved. Any reproduction or republication of all or part of this content is strictly prohibited.  ",42900164,False,3pE4uKFwCzd5TA2A6t4rHr,en,Brown Noise Sound Machine (12 Hours),2025-12-29,"The #1 Sound Machine Podcast in the world, downloaded over 300 million times 😴 Brought to you by Dwellspring. Download the Dwellspring App! Apple App Store | Google Play Store 🗣️ Follow Us on Instagram & TikTok @dwellspring.io --- Insomniacs...parents...travelers...noisy neighbor sufferers...rejoice! 12 hours of uninterrupted Sound Machines to help achieve deep & restful sleep, soothe a baby, mask unwanted noise, or calm your anxiety. All episodes are available for free in their entirety whether you are a premium subscriber or not. All 12 hours are offered with zero interruptions once the episode gets started. If these Sound Machines have been helpful for you, I'd be so grateful if you'd rate the show on either Spotify or Apple Podcasts 🙏 If you'd like to remove the intro & ad at the beginning, you can subscribe to the Podcast at dwellspring.io/podcast. --- My most popular Sound Machines are Brown Noise, Pink Noise, and White Noise. People use the Sound Machines for all sorts of applications but I hear most frequently from people using them to help them fall and stay asleep at home or when they travel, to help them get their baby to sleep and stay sleeping through the night, to help quiet their tinnitus, to mask unwanted noises while sleeping, traveling or studying, and to help calm their anxiety or ADHD. I have also heard from many parents who use it as ambient noise for their children on the Autism spectrum to help mask other anxiety-inducing or stressful sounds. I hope that, however you use them, my Sound Machines are helpful for you and your loved ones as you sleep, meditate, study, or otherwise tune out the world. 😴🧘👨‍🎓 --- Keywords: Sleep | Insomnia | Brown Noise | White Noise | Pink Noise | Baby | Ambient Noise | Sound Machine | Sound Masking | Noise Masking | Insomnia | Relax | Relaxing | Study | Focus | Concentrate | Concentration | Water | Rain | Thunder | Ocean | Ocean Waves | Stress | Soothing | Colic | Dr. Harvey Karp | 3 S's | Shh | Shhh | Pregnancy | Pregnant | Tinnitus | Travel | Meditate | Meditation | Dohm | Marpac | Panic Attack | ADHD | Anxiety | Peaceful | Mindful | Mindfulness | 8 hours | 10 hours | 12 hours",7rb8eiXKJpg8gjmiY4yDAN,12 Hour Sound Machines for Sleep (no loops or fades),"12 Hour Sound Machines for Sleep | Achieve Restful Sleep, Soothe a Baby, Ma",267.0
"Anxiety comes in a lot of different ways. Sometimes it can feel like the weight of it can be unbearable. Emma has been going through a lot lately, and shares some experiences on how putting things into perspective can really help us. Plus, tips and tricks on how to reduce our anxiety, how to deal with panic attacks when they come, and more. Learn more about your ad choices. Visit podcastchoices.com/adchoices",3237407,False,0AT36Vz92Kgwwwx3bbZOXW,en,regaining perspective,2021-07-29,"emma prefers to share her thoughts with a microphone rather than a physical human being, so thank god she has a podcast. recorded from the comfort of her bed...and some other fun places, emma talks at length about whatever is on her mind every week. anything really does go on this podcast. sometimes philosophy, sometimes a random story from 10 years ago, sometimes advice, sometimes fun interviews, and sometimes nothing at all. you never know what you are going to get, but that’s what keeps it interesting. new episodes every thursday, video available on spotify.",5VzFvh1JlEhBMS6ZHZ8CNO,anything goes with emma chamberlain,emma chamberlain,441.0
"A professional change in midlife can provide a much-needed reset—at least when you’re looking for a career that more closely aligns with your passion. But finding what you love, especially once you’ve gone down an entirely different path, can feel impossible. How do we redirect our efforts away from what we’re used to and toward what we want to do?   In this episode of How to Start Over, we explore what impacts our decision making in midlife, whether midlife malaise explains our need for change, and how to know if a professional change is worth it. Conversations with novelist Angie Kim and professor of human development and social policy Hannes Schwandt help us think through whether it’s ever too late to do what you really love.  This episode was produced by Rebecca Rashid and is hosted by Olga Khazan. Editing by A.C. Valdez and Claudine Ebeid. Fact-check by Ena Alvarado. Engineering by Matthew Simonson. Special thanks to Adrienne LaFrance, executive editor of The Atlantic.  Be part of How to Start Over. Write to us at howtopodcast@theatlantic.com. To support this podcast, and get unlimited access to all of The Atlantic’s journalism, become a subscriber. Music by Matt Large (“Value Every Moment,” “The Marathon Will Continue [For Nipsey]”), FLYIN (“Being Nostalgic”), and Blue Steel (“Jaded”). Click here to listen to more full-length episodes in The Atlantic’s How To series. Learn more about your ad choices. Visit megaphone.fm/adchoices",2004349,False,2ph57JUfGQKThMAvbsMppQ,en,How to Start Over: When You Think It's Too Late,2022-05-30,The science around aging is expanding but are our cultural narratives keeping up?,44vtkPicxYPd5SJDvr8SCy,How to Age Up,The Atlantic,59.0
There are lots of jobs that don't require a bachelor's degree — and pay well. Here's what to consider if you're thinking about a job in the trades — from assessing your options to choosing a training program.Learn more about sponsor message choices: podcastchoices.com/adchoicesNPR Privacy Policy,1422602,False,2eIVITh7kn5NhQ2cRcWSLy,en-US,Landing A Job In The Trades,2021-04-26,"Everyone needs a little help being a human. From sleep to saving money to parenting and more, host Marielle Segarra talks to experts to get the best advice out there. Life Kit is here to help you get it together. Want another life hack? Try Life Kit+. You'll support the show and unlock exclusive curated playlists and sponsor-free listening. Learn more at plus.npr.org/lifekit",5J0xAfsLX7bEYzGxOin4Sd,Life Kit,NPR,1083.0
Minding your budget while eating the foods that nourish you takes a little planning — but it's possible. Dietitian Shana Spence shares her tips to help you shop and keep your fridge stocked without breaking the bank.Learn more about sponsor message choices: podcastchoices.com/adchoicesNPR Privacy Policy,678791,False,59IpuoAvHsicxQvGtD1oiI,en-US,Eating Healthy Without Overspending,2020-10-08,"Everyone needs a little help being a human. From sleep to saving money to parenting and more, host Marielle Segarra talks to experts to get the best advice out there. Life Kit is here to help you get it together. Want another life hack? Try Life Kit+. You'll support the show and unlock exclusive curated playlists and sponsor-free listening. Learn more at plus.npr.org/lifekit",5J0xAfsLX7bEYzGxOin4Sd,Life Kit,NPR,1083.0
"Everyone needs a little alone time, but with the current pandemic, you might have either too much ""me"" time or not enough. Let's get that balance back. This episode breaks down some of the research behind what makes even small bouts of solitude restorative and what to do when you're alone too much.Learn more about sponsor message choices: podcastchoices.com/adchoicesNPR Privacy Policy",949289,False,4ZaniVRH4XfRXxkEUci5bn,en-US,Regulate Your Mood With Solitude,2020-07-27,"Everyone needs a little help being a human. From sleep to saving money to parenting and more, host Marielle Segarra talks to experts to get the best advice out there. Life Kit is here to help you get it together. Want another life hack? Try Life Kit+. You'll support the show and unlock exclusive curated playlists and sponsor-free listening. Learn more at plus.npr.org/lifekit",5J0xAfsLX7bEYzGxOin4Sd,Life Kit,NPR,1083.0
"Making a hard decision can be agonizing. What if you pick the wrong thing? In this episode, an Oxford professor walks us through a different approach: What if there isn't a best alternative?Learn more about sponsor message choices: podcastchoices.com/adchoicesNPR Privacy Policy",1220310,False,471NtMPvGruOqZNpm06AXI,en-US,How to make a hard decision,2021-01-04,"Everyone needs a little help being a human. From sleep to saving money to parenting and more, host Marielle Segarra talks to experts to get the best advice out there. Life Kit is here to help you get it together. Want another life hack? Try Life Kit+. You'll support the show and unlock exclusive curated playlists and sponsor-free listening. Learn more at plus.npr.org/lifekit",5J0xAfsLX7bEYzGxOin4Sd,Life Kit,NPR,1083.0
Moving can be overwhelming and expensive. Here's how to plan for a move — and save money in the process.Learn more about sponsor message choices: podcastchoices.com/adchoicesNPR Privacy Policy,1420486,False,1KWoW3UUjC3BCD5OrSFP7z,en-US,5 Steps To Saving Money On A Move,2021-01-05,"Everyone needs a little help being a human. From sleep to saving money to parenting and more, host Marielle Segarra talks to experts to get the best advice out there. Life Kit is here to help you get it together. Want another life hack? Try Life Kit+. You'll support the show and unlock exclusive curated playlists and sponsor-free listening. Learn more at plus.npr.org/lifekit",5J0xAfsLX7bEYzGxOin4Sd,Life Kit,NPR,1083.0
How do you get a good night's sleep? Many of us have routines we use to try and reach that blissful state of slumber — from meditation to melatonin to putting on a pair of socks. Sleep scientists weigh in on what sleep rituals actually work.Learn more about sponsor message choices: podcastchoices.com/adchoicesNPR Privacy Policy,1360169,False,7x4OEfSnxub8sW1ffvcijY,en-US,How To Sleep Better With These Bedtime Rituals,2020-06-08,"Everyone needs a little help being a human. From sleep to saving money to parenting and more, host Marielle Segarra talks to experts to get the best advice out there. Life Kit is here to help you get it together. Want another life hack? Try Life Kit+. You'll support the show and unlock exclusive curated playlists and sponsor-free listening. Learn more at plus.npr.org/lifekit",5J0xAfsLX7bEYzGxOin4Sd,Life Kit,NPR,1083.0
"Maintaining healthy boundaries is a way of taking care of your closest relationships, but setting those boundaries with family can be hard. The process starts with asking yourself what you need.Learn more about sponsor message choices: podcastchoices.com/adchoicesNPR Privacy Policy",1317773,False,6ijcS78w2OJvzn7uvSYPgh,en-US,Setting boundaries with family,2021-01-26,"Everyone needs a little help being a human. From sleep to saving money to parenting and more, host Marielle Segarra talks to experts to get the best advice out there. Life Kit is here to help you get it together. Want another life hack? Try Life Kit+. You'll support the show and unlock exclusive curated playlists and sponsor-free listening. Learn more at plus.npr.org/lifekit",5J0xAfsLX7bEYzGxOin4Sd,Life Kit,NPR,1083.0
"The practice of intuitive eating is about reconnecting with our bodies, trusting our physical signals and forging a healthy relationship with food. And — importantly —  it's not about losing weight. (This episode originally ran in 2019.)Learn more about sponsor message choices: podcastchoices.com/adchoicesNPR Privacy Policy",1071360,False,6VxuS7rPHiJrqxtNaOtNkv,en-US,Reframing (And Reclaiming) Your Relationship With Food,2021-04-29,"Everyone needs a little help being a human. From sleep to saving money to parenting and more, host Marielle Segarra talks to experts to get the best advice out there. Life Kit is here to help you get it together. Want another life hack? Try Life Kit+. You'll support the show and unlock exclusive curated playlists and sponsor-free listening. Learn more at plus.npr.org/lifekit",5J0xAfsLX7bEYzGxOin4Sd,Life Kit,NPR,1083.0
"Impostor syndrome: it's the voice in the back of your mind telling you that you're a fraud, and that your peers are all smarter and more creative than you. In this episode, host Diana Opong speaks with experts about how to squash that voice.Learn more about sponsor message choices: podcastchoices.com/adchoicesNPR Privacy Policy",1374040,False,1Q1KZc2C3Vdin3z4vww284,en-US,Tackling Impostor Syndrome,2021-02-01,"Everyone needs a little help being a human. From sleep to saving money to parenting and more, host Marielle Segarra talks to experts to get the best advice out there. Life Kit is here to help you get it together. Want another life hack? Try Life Kit+. You'll support the show and unlock exclusive curated playlists and sponsor-free listening. Learn more at plus.npr.org/lifekit",5J0xAfsLX7bEYzGxOin4Sd,Life Kit,NPR,1083.0
"Weight stigma can hurt more than just your feelings. Negative messages about weight are actually bad for your health. This episode, a case for ditching the obsession with weight loss and focusing on celebrating all different body shapes and sizes.Learn more about sponsor message choices: podcastchoices.com/adchoicesNPR Privacy Policy",1332114,False,5VLeck2MOZSLbvxdwQIlc2,en-US,How Body Positivity Can Lead To Better Health,2020-05-25,"Everyone needs a little help being a human. From sleep to saving money to parenting and more, host Marielle Segarra talks to experts to get the best advice out there. Life Kit is here to help you get it together. Want another life hack? Try Life Kit+. You'll support the show and unlock exclusive curated playlists and sponsor-free listening. Learn more at plus.npr.org/lifekit",5J0xAfsLX7bEYzGxOin4Sd,Life Kit,NPR,1083.0
"We'd all like to think we're open to new ideas and curious about how others see the world. But our brains aren't wired that way — in fact, being open-minded takes some conscious practice.Learn more about sponsor message choices: podcastchoices.com/adchoicesNPR Privacy Policy",1519020,False,0CCdQwnAhIBfh1QaEaLI2u,en-US,You're Probably Not As Open-Minded As You Think,2021-05-03,"Everyone needs a little help being a human. From sleep to saving money to parenting and more, host Marielle Segarra talks to experts to get the best advice out there. Life Kit is here to help you get it together. Want another life hack? Try Life Kit+. You'll support the show and unlock exclusive curated playlists and sponsor-free listening. Learn more at plus.npr.org/lifekit",5J0xAfsLX7bEYzGxOin4Sd,Life Kit,NPR,1083.0
The pandemic has reshaped social routines. Lots of people are worried about returning to a pre-coronavirus world of water-cooler talk and packed social schedules. Author and Life Kit regular Celeste Headlee has some advice.Learn more about sponsor message choices: podcastchoices.com/adchoicesNPR Privacy Policy,1164512,False,5EPSImL0nlOCsJOHsQBw0u,en-US,Do We Even Know How To Socialize Anymore?,2021-04-05,"Everyone needs a little help being a human. From sleep to saving money to parenting and more, host Marielle Segarra talks to experts to get the best advice out there. Life Kit is here to help you get it together. Want another life hack? Try Life Kit+. You'll support the show and unlock exclusive curated playlists and sponsor-free listening. Learn more at plus.npr.org/lifekit",5J0xAfsLX7bEYzGxOin4Sd,Life Kit,NPR,1083.0
"This week we tackle a sibling debate: Do your individual actions matter when it comes to climate change? Or is it all about big, systemic change? In this episode, we break down both sides of the argument. We lay out the actions that have the biggest impact on your carbon footprint – and then ask if there's a better way to think about our individual roles.Guests: Katharine Wilkinson, Anthony Leiserowitz and Steve Westlake Calls to Action Draw your Climate Action Venn Diagram – what are you good at? What is the work that needs doing? What brings you joy? Post your Venn diagram to social media (Twitter / Instagram) and tag us @How2SaveAPlanet. Looking for a job? Climatebase has a jobs directory and organizations directory that can be filtered by Project Drawdown sectors and solutions. Check out the How to Save a Planet Calls to Action document. All of our episode CTAs can be found there. Talk to people about climate change, but don’t be annoying about it! For tips, listen to our episode, Trying to Talk to Family about Climate Change? Here's How, and read the Yale Program on Climate Change Communication’s Attaining Meaningful Outcomes from Conversations on Climate. Learn More Check out Project Drawdown to learn more about the Drawdown Framework, and to see their Table of Solutions that breaks down solutions by sector(s) and their impact on reducing heat-trapping gases. Listen to related How to Save a Planet episodes – Party Like It’s 2035, Trying to Talk to Family About Climate Change? Here’s How, and Are Electric Cars Really Better for the Climate?  Listen to the climate podcast A Matter of Degrees, co-hosted by Dr. Katharine Wilkinson and Dr. Leah Stokes.  Check out the Yale Program on Climate Change Communication to learn more about the widespread support for climate policy solutions in America, and other research. Check out the research paper that provides a comparison of emissions reductions from various individual actions. If you take an action we recommend in one of our episodes, do us a favor and tell us about it! We’d love to hear how it went and what it felt like. Record a short voice memo on your phone and send it to us via our Listener Mail Form. We might use it in an upcoming episode.Special thanks to our guests: Katharine Wilkinson, Anthony Leiserowitz and Steve Westlake.This episode of How to Save a Planet was produced by Felix Poon. The rest of our reporting and producing team includes Kendra Pierre-Louis, Rachel Waldholz and Anna Ladd. Our intern is Ayo Oti. Our senior producer is Lauren Silverman. Our editor is Caitlin Kenney. Sound design and mixing by Peter Leonard with original music from Emma Munger. Learn more about your ad choices. Visit podcastchoices.com/adchoices",2597564,False,5L1RVInqBXtZgEzWTHOaTg,en,Is Your Carbon Footprint BS?,2021-03-18,"Climate change. We know. It can feel too overwhelming. But what if there was a show about climate change that left you feeling... energized? One so filled with possibility that you actually wanted to listen? Join us, journalist Alex Blumberg and a crew of climate nerds, as we bring you smart, inspiring stories about the mess we're in and how we can get ourselves out of it.Check out our Calls to Action archive here for all of the actions we've recommended on the show. Send us your ideas or feedback with our Listener Mail Form. And follow us on Twitter and Instagram.How to Save a Planet is reported and produced by Kendra Pierre-Louis, Rachel Waldholz, Anna Ladd, Daniel Ackerman, and Hannah Chinn. Our intern is Nicole Welch. Our supervising producers are Katelyn Bogucki and Lauren Silverman. Our editor is Caitlin Kenney. Sound design and mixing by Peter Leonard with original music from Peter Leonard and Emma Munger.",1KzrasExlM5dgMYwgFHns6,How to Save a Planet,Gimlet,114.0
"We all know all about fungible tokens, but what about non-fungible ones? From Kings of Leon to Grimes, everyone’s getting in on the latest crypto-craze: NFTs. But what the hell are they? This week we attempt to poorly explain it, plus Tim unveils his latest ideas for the child actor business.Advertise on The Complete Guide to Everything via Gumball.fmFor full-length weekly bonus episodes check out the TCGTE Patreon!Like the show? Rate Us on Apple Podcasts Hosted on Acast. See acast.com/privacy for more information.",4193149,True,67CERttOYAfKHN6V7geKsd,en,NFTs (Non-Fungible Tokens),2021-03-07,"A weekly podcast for knowledge about anything and everything. From North Korea to Nicolas Cage, Tim and Tom leave no stone unturned in their humble quest to make the world a more informed place. Put away the encyclopedia four-eyes because this may just be the last resource you'll ever need. Wikipedia, consider yourselves on warning. Hosted on Acast. See acast.com/privacy for more information.",16eEqistDfAqB9WgXVtFe1,The Complete Guide to Everything,The Complete Guide to Everything,554.0
"On this week’s episode, Karen and Georgia cover the murder of Lana Clarkson by Phil Spector.   See omnystudio.com/listener for privacy information.",5940871,True,40BiskF3cFI0cwl9cKIq6L,en,260 - Unwashed & Unabashed,2021-02-04,"My Favorite Murder is a true crime comedy podcast hosted by Karen Kilgariff and Georgia Hardstark. Each week, Karen and Georgia share compelling true crimes and hometown stories from friends and listeners.   Since MFM launched in January of 2016, Karen and Georgia have shared their lifelong interest in true crime and have covered stories of infamous serial killers like the Night Stalker, mysterious cold cases, captivating cults, incredible survivor stories and important events from history like the Tulsa race massacre of 1921.    My Favorite Murder is part of the Exactly Right podcast network that provides a platform for bold, creative voices to bring to life provocative, entertaining and relatable stories for audiences everywhere. The Exactly Right roster of podcasts covers a variety of topics including historic true crime, comedic interviews and news, science, pop culture and more. Podcasts on the network include Buried Bones with Kate Winkler Dawson and Paul Holes, That's Messed Up: An SVU Podcast, This Podcast Will Kill You, Bananas and more.",0U9S5J2ltMaKdxIfLuEjzE,My Favorite Murder with Karen Kilgariff and Georgia Hardstark,Exactly Right and iHeartPodcasts,1117.0
"On this week’s episode, Karen and Georgia cover Sophie Scholl & the White Rose youth resistance, and the survival story of Ada Blackjack.  See omnystudio.com/listener for privacy information.",5118014,True,0h3RxxoYGoNW2kyvOlkzmH,en,271 - 4 Hours of Sacred Pausing,2021-04-22,"My Favorite Murder is a true crime comedy podcast hosted by Karen Kilgariff and Georgia Hardstark. Each week, Karen and Georgia share compelling true crimes and hometown stories from friends and listeners.   Since MFM launched in January of 2016, Karen and Georgia have shared their lifelong interest in true crime and have covered stories of infamous serial killers like the Night Stalker, mysterious cold cases, captivating cults, incredible survivor stories and important events from history like the Tulsa race massacre of 1921.    My Favorite Murder is part of the Exactly Right podcast network that provides a platform for bold, creative voices to bring to life provocative, entertaining and relatable stories for audiences everywhere. The Exactly Right roster of podcasts covers a variety of topics including historic true crime, comedic interviews and news, science, pop culture and more. Podcasts on the network include Buried Bones with Kate Winkler Dawson and Paul Holes, That's Messed Up: An SVU Podcast, This Podcast Will Kill You, Bananas and more.",0U9S5J2ltMaKdxIfLuEjzE,My Favorite Murder with Karen Kilgariff and Georgia Hardstark,Exactly Right and iHeartPodcasts,1117.0
"On this week's episode, Karen and Georgia cover the murder of Ruthie Mae McCoy and the life of Detective Jacklean Davis.  See omnystudio.com/listener for privacy information.",6470269,True,1WmntiF1YyvuG7SghNJbVV,en,266 - Rave After Rave,2021-03-18,"My Favorite Murder is a true crime comedy podcast hosted by Karen Kilgariff and Georgia Hardstark. Each week, Karen and Georgia share compelling true crimes and hometown stories from friends and listeners.   Since MFM launched in January of 2016, Karen and Georgia have shared their lifelong interest in true crime and have covered stories of infamous serial killers like the Night Stalker, mysterious cold cases, captivating cults, incredible survivor stories and important events from history like the Tulsa race massacre of 1921.    My Favorite Murder is part of the Exactly Right podcast network that provides a platform for bold, creative voices to bring to life provocative, entertaining and relatable stories for audiences everywhere. The Exactly Right roster of podcasts covers a variety of topics including historic true crime, comedic interviews and news, science, pop culture and more. Podcasts on the network include Buried Bones with Kate Winkler Dawson and Paul Holes, That's Messed Up: An SVU Podcast, This Podcast Will Kill You, Bananas and more.",0U9S5J2ltMaKdxIfLuEjzE,My Favorite Murder with Karen Kilgariff and Georgia Hardstark,Exactly Right and iHeartPodcasts,1117.0
"On this week’s episode, Karen and Georgia cover the murder of Laci Peterson.  See omnystudio.com/listener for privacy information.",7193808,True,2ZXchczpBUb7MDL8l9LfiY,en,274 - Arrested Behavior,2021-05-13,"My Favorite Murder is a true crime comedy podcast hosted by Karen Kilgariff and Georgia Hardstark. Each week, Karen and Georgia share compelling true crimes and hometown stories from friends and listeners.   Since MFM launched in January of 2016, Karen and Georgia have shared their lifelong interest in true crime and have covered stories of infamous serial killers like the Night Stalker, mysterious cold cases, captivating cults, incredible survivor stories and important events from history like the Tulsa race massacre of 1921.    My Favorite Murder is part of the Exactly Right podcast network that provides a platform for bold, creative voices to bring to life provocative, entertaining and relatable stories for audiences everywhere. The Exactly Right roster of podcasts covers a variety of topics including historic true crime, comedic interviews and news, science, pop culture and more. Podcasts on the network include Buried Bones with Kate Winkler Dawson and Paul Holes, That's Messed Up: An SVU Podcast, This Podcast Will Kill You, Bananas and more.",0U9S5J2ltMaKdxIfLuEjzE,My Favorite Murder with Karen Kilgariff and Georgia Hardstark,Exactly Right and iHeartPodcasts,1117.0
"On this week’s quilt episode, Karen and Georgia cover the Brides in the Bath Murders and the case of Pam Hupp.  See omnystudio.com/listener for privacy information.",7234377,True,67E3BpngGnSaGBKDIcovli,en,270 - Three Out Of Ten,2021-04-15,"My Favorite Murder is a true crime comedy podcast hosted by Karen Kilgariff and Georgia Hardstark. Each week, Karen and Georgia share compelling true crimes and hometown stories from friends and listeners.   Since MFM launched in January of 2016, Karen and Georgia have shared their lifelong interest in true crime and have covered stories of infamous serial killers like the Night Stalker, mysterious cold cases, captivating cults, incredible survivor stories and important events from history like the Tulsa race massacre of 1921.    My Favorite Murder is part of the Exactly Right podcast network that provides a platform for bold, creative voices to bring to life provocative, entertaining and relatable stories for audiences everywhere. The Exactly Right roster of podcasts covers a variety of topics including historic true crime, comedic interviews and news, science, pop culture and more. Podcasts on the network include Buried Bones with Kate Winkler Dawson and Paul Holes, That's Messed Up: An SVU Podcast, This Podcast Will Kill You, Bananas and more.",0U9S5J2ltMaKdxIfLuEjzE,My Favorite Murder with Karen Kilgariff and Georgia Hardstark,Exactly Right and iHeartPodcasts,1117.0
Karen and Georgia cover the Lipstick Killer and the Lindbergh Baby kidnapping.  See omnystudio.com/listener for privacy information.,7820460,True,4MqSHf2GrDHGyAaGKilVtY,en,119 - Fingers Everywhere,2018-05-03,"My Favorite Murder is a true crime comedy podcast hosted by Karen Kilgariff and Georgia Hardstark. Each week, Karen and Georgia share compelling true crimes and hometown stories from friends and listeners.   Since MFM launched in January of 2016, Karen and Georgia have shared their lifelong interest in true crime and have covered stories of infamous serial killers like the Night Stalker, mysterious cold cases, captivating cults, incredible survivor stories and important events from history like the Tulsa race massacre of 1921.    My Favorite Murder is part of the Exactly Right podcast network that provides a platform for bold, creative voices to bring to life provocative, entertaining and relatable stories for audiences everywhere. The Exactly Right roster of podcasts covers a variety of topics including historic true crime, comedic interviews and news, science, pop culture and more. Podcasts on the network include Buried Bones with Kate Winkler Dawson and Paul Holes, That's Messed Up: An SVU Podcast, This Podcast Will Kill You, Bananas and more.",0U9S5J2ltMaKdxIfLuEjzE,My Favorite Murder with Karen Kilgariff and Georgia Hardstark,Exactly Right and iHeartPodcasts,1117.0
"On this week’s episode, Karen and Georgia cover The Poet of Wichita and the true story of the ‘Cocaine Bear.’  See omnystudio.com/listener for privacy information.",7380192,True,4RTcRHHTqpuC306zykiTrc,en,268 - All-Stars of 7th Grade,2021-04-01,"My Favorite Murder is a true crime comedy podcast hosted by Karen Kilgariff and Georgia Hardstark. Each week, Karen and Georgia share compelling true crimes and hometown stories from friends and listeners.   Since MFM launched in January of 2016, Karen and Georgia have shared their lifelong interest in true crime and have covered stories of infamous serial killers like the Night Stalker, mysterious cold cases, captivating cults, incredible survivor stories and important events from history like the Tulsa race massacre of 1921.    My Favorite Murder is part of the Exactly Right podcast network that provides a platform for bold, creative voices to bring to life provocative, entertaining and relatable stories for audiences everywhere. The Exactly Right roster of podcasts covers a variety of topics including historic true crime, comedic interviews and news, science, pop culture and more. Podcasts on the network include Buried Bones with Kate Winkler Dawson and Paul Holes, That's Messed Up: An SVU Podcast, This Podcast Will Kill You, Bananas and more.",0U9S5J2ltMaKdxIfLuEjzE,My Favorite Murder with Karen Kilgariff and Georgia Hardstark,Exactly Right and iHeartPodcasts,1117.0
"Join me and my sisters, Ashley and Barrett, for Part 1 of our six-part Summer Sister Series on The Gifts of Imperfection. In this episode, we start with the Introduction, go over the 10 Guideposts, and talk about our personal Wholehearted Inventory scores. Surgeon General’s Warning: This is about as real as it gets. Equal amounts laughing, hard conversations, surprising revelations, and cussing. And some singing. But I file that under painful and/or laughing. If this sounds like your kind of conversation, join us for the rest of the series. Learn more about your ad choices. Visit podcastchoices.com/adchoices",3515977,False,3UrjBdrskRKfjh2UCK7UHu,en,Part 1 of 6: Brené with Ashley and Barrett for the Summer Sister Series on The Gifts of Imperfection,2021-06-23,"I’ve spent over 20 years studying the emotions and experiences that bring meaning and purpose to our lives, and if there’s one thing I’ve learned it’s this: we are hardwired for connection, and connecting requires courage, vulnerability, and conversation. I want this to be a podcast that’s real, unpolished, honest, and reflects both the magic and the messiness of what it means to be human. Episodes will include conversations with the people who are teaching me, challenging me, confusing me, or maybe even ticking me off a little. I'll also have direct conversations with you about what I’m learning from new research, and we'll do some episodes dedicated to answering your questions. We don’t have to do life alone. We were never meant to. Part of the Vox Media Podcast Network.",4P86ZzHf7EOlRG7do9LkKZ,Unlocking Us with Brené Brown,Vox Media Podcast Network,134.0
"It's never too late to make things right—even when cracks form within our relationships with our families, our environment...or the inevitable. This hour, TED speakers offer healing solutions. Guests include clinical psychologist Becky Kennedy, death doula Alua Arthur and indigenous community leader and conservationist Valérie Courtois. TED Radio Hour+ subscribers now get access to bonus episodes, with more ideas from TED speakers and a behind the scenes look with our producers. A Plus subscription also lets you listen to regular episodes (like this one!) without sponsors. Sign-up at: plus.npr.org/tedLearn more about sponsor message choices: podcastchoices.com/adchoicesNPR Privacy Policy",3170534,False,6QRaVIByyN8MBhwPrLoPNY,en,Relationship Repair,2023-10-06,"Exploring the biggest questions of our time with the help of the world's greatest thinkers. Host Manoush Zomorodi inspires us to learn more about the world, our communities, and most importantly, ourselves.Get more brainy miscellany with TED Radio Hour+. Your subscription supports the show and unlocks a sponsor-free feed. Learn more at plus.npr.org/ted",1vfOw64nKjQ8LzZDPCfRaO,TED Radio Hour,NPR,300.0
"Self-criticism is often seen as a virtue. But psychologist Kristin Neff says there’s a better path to self-improvement — self-compassion. She says people who practice self-compassion are more conscientious and more likely to take responsibility for their mistakes. If you like our work, please consider supporting it! See how you can help at support.hiddenbrain.org. And to learn more about human behavior and ideas that can improve your life, subscribe to our newsletter at news.hiddenbrain.org. Hosted by Simplecast, an AdsWizz company. See pcm.adswizz.com for information about our collection and use of personal data for advertising.",3112803,False,27tdCHq4OVXJ1sOWOy0Vcs,en,Being Kind to Yourself,2021-10-11,"Why do I feel stuck? How can I become more creative? What can I do to improve my relationships? If you’ve ever asked yourself these questions, you’re not alone. On Hidden Brain, we help you understand your own mind — and the minds of the people around you. (We're routinely rated the #1 science podcast in the United States.) Hosted by veteran science journalist Shankar Vedantam.",20Gf4IAauFrfj7RBkjcWxh,Hidden Brain,"Hidden Brain, Shankar Vedantam",594.0
"Emma looks at kinematics for your AP exam. In this episode, she will look at the different types of forces. Ideal for preparing you for your AP Physics 1 exam. Click here for the full course, or visit this link: http://bit.ly/35wWSl6",181534,False,4OUHD3EYVRa0cas2CCaWe1,en,Kinematics: Types of Forces 🏋️‍♀️ - AP Physics 1 Learning & Test Prep,2020-05-29,Who wants free AP Physics test prep? Join Seneca Learning as we put the FUN in FUNdamental concepts in physics and run through tips and tricks for the AP Physics exam. Let's go! Find your FREE online AP Physics course: http://bit.ly/35wWSl6,4rwK5VbJARAz86itbcApT8,AP Physics - Study by Seneca,Seneca Learning,48.0
The Great Gatsby by F. Scott Fitzgerald Chapter Six,1751589,True,3LTEgFk3IEdgqXrB8Cy5rA,en,The Great Gatsby Episode Six,2021-03-24,"by F. Scott Fitzgerald, read by Kara Shullenberg",5JaJ7I2x4e0wsYTdNRWABW,The Great Gatsby Audio Book,Martin Lima,9.0
The Great Gatsby by F. Scott Fitzgerald Chapter Three,2378998,True,4j4jRXsUIZ064GMWeJGoIB,en,The Great Gatsby Episode Three,2021-03-24,"by F. Scott Fitzgerald, read by Kara Shullenberg",5JaJ7I2x4e0wsYTdNRWABW,The Great Gatsby Audio Book,Martin Lima,9.0
The Great Gatsby by F. Scott Fitzgerald Chapter Five,1801221,True,3IhkKzktRZFAGGftONc18H,en,The Great Gatsby Episode Five,2021-03-24,"by F. Scott Fitzgerald, read by Kara Shullenberg",5JaJ7I2x4e0wsYTdNRWABW,The Great Gatsby Audio Book,Martin Lima,9.0
The Great Gatsby by F. Scott Gerald Chapter Two,1779670,True,7u36x4Zcfz16QHdspsMkZg,en,The Great Gatsby Episode Two,2021-03-24,"by F. Scott Fitzgerald, read by Kara Shullenberg",5JaJ7I2x4e0wsYTdNRWABW,The Great Gatsby Audio Book,Martin Lima,9.0
The Great Gatsby by F. Scott Fitzgerald Chapter Nine,2116807,True,07mK2mBi2WYRxkwiw9Z9Eq,en,The Great Gatsby Episode Nine,2021-03-24,"by F. Scott Fitzgerald, read by Kara Shullenberg",5JaJ7I2x4e0wsYTdNRWABW,The Great Gatsby Audio Book,Martin Lima,9.0
thought i was dead  carti,203546,True,32WHxzWBUWTbsiYfC3Pt8q,en-US,thought i was dead (w carti),2024-10-29,no lightning mcqueen slander will be tolerated. none. at all.,17WBXFB0PySUJmewc4pJzs,songstypestuff,main (priv),3.0
"What is a good life and how do we live it? In today's special episode, Jonathan Fields debunks the three Good Life Lies, then shares a simple, yet powerful model - the Good Life Buckets - that'll help you begin crafting and living your best life. Not someday, but today. For a much more in-depth look at the Good Life Buckets, along with 10 specific ways to fill each, check out Jonathan's book How to Live a Good Life.SPECIAL ALERT: This is the second installment in our 3-episode ""Good Life Launch Pack."" Last Thursday, in our episode entitled ""To Succeed at Anything, Do This,"" we shared a game-changing achievement framework designed to help you accomplish big, meaningful goals, dreams and visions. If you haven't yet listened, check it out once you're done with this episode. We've actually learned that last week's episode did not load properly into many people's podcast apps, so if you didn't see this, be sure to go back into the show's main page and download it.And, be sure to subscribe so you don't miss next week's final Good Life Launch Pack installment, which will focus on how to reclaim and reimagine your work as a source of meaning, joy, potential, and expression. Translation - how to find, do or create work that makes you come alive!----------------Have you discovered your Sparketype yet? Take the Sparketype Assessment™ now. IT’S FREE and takes about 7-minutes to complete. At a minimum, it’ll open your eyes in a big way. It also just might change your life.If you enjoyed the show, please share it with a friend. Thank you to our super cool brand partners. If you like the show, please support them - they help make the podcast possible. Hosted on Acast. See acast.com/privacy for more information.",4790622,False,7ge7yeuHMuWPkOEWaWlFVe,en,How to Live a Good Life,2020-01-09,"What does it mean to live a good life? Is it about happiness, health, friendship, love, or meaning? What about work, wealth, purpose, service, or something else? Can you live a good life even when things are hard? These are the questions and topics we explore every week in conversation with leading voices from health, science, art, industry, mindset, and culture, like Brené Brown, Matthew McConaughey, Mel Robbins, Alex, Elle, Adam Grant, Elizabeth Gilbert, Yung Pueblo, Maya Shankar, Mitch Albom, Glennon Doyle & hundreds more. The New York Times says, ""the show’s holistic approach to fulfillment is bound to resonate."" Listen now! Hosted on Acast. See acast.com/privacy for more information. Hosted on Acast. See acast.com/privacy for more information.",4QnAKEVl78qrvRokw3zy9H,Good Life Project,Jonathan Fields / Acast,1125.0
"Wrapping up our Diabetology 2 parter encore, diabetic diabetologist and wonderful person Dr. Mike Natter, MD is back with a little introduction covering some stuff that wasn't on the radar back in 2019, like what's the deal with this Ozempic stuff you've heard about, and then Natter from the past goes on  to answer all of your questions about blood sugar, the cost of insulin, pancreas transplants, keto, glucagon, how exercise can save your life, his most meaningful interactions with patients, pudding theft, and the best place to cry at work. Also: why you should always keep frosting in your purse.This episode is swear-free and okay for all ages, and a bleeped version of Diabetology Part 1 can be found at this link.Follow Dr. Mike Natter on Instagram and TwitterA donation went to JDRFMore episode sources and linksSmologies (short, classroom-safe) episodesSponsors of OlogiesTranscripts and bleeped episodesBecome a patron of Ologies for as little as a buck a monthOlogiesMerch.com has hats, shirts, masks, totes!Follow @Ologies on Twitter and InstagramFollow @AlieWard on Twitter and InstagramSound editing by Jarrett Sleeper of MindJam Media & Steven Ray MorrisTranscripts by Emily White of The WordaryWebsite by Kelly R. DwyerTheme song by Nick Thorburn Hosted by Simplecast, an AdsWizz company. See pcm.adswizz.com for information about our collection and use of personal data for advertising.",4957074,False,0dKJeiceNPBVJcf8ilscxh,en,Diabetology (BLOOD SUGAR) Part 2 Encore with Mike Natter,2023-08-15,"Volcanoes. Trees. Drunk butterflies. Mars missions. Slug sex. Death. Beauty standards. Anxiety busters. Beer science. Bee drama. Take away a pocket full of science knowledge and charming, bizarre stories about what fuels these professional -ologists' obsessions. Humorist and science correspondent Alie Ward asks smart people stupid questions and the answers might change your life.",5nvRkVMH58SelKZYZFZx1S,Ologies with Alie Ward,Alie Ward,493.0
"ANNOUNCEMENT: SMOLOGIES NOW HAS ITS OWN FEED! SUBSCRIBE  FOR NEW EPISODES EVERY THURSDAY. Subscribe to Smologies: https://pod.link/1746567248The Red Planet. A mysterious dusty orb millions of miles away. Our emergency escape bunker. Alie sits down with Dr. Jennifer Buz to talk about what Mars’s DEEEEAL is, why we send rovers there, the poetry of the moon Phobos, Martian sunsets and whether we could landscape Mars to look like a golf course. Jennifer is maybe the chillest areologist on this planet and an absolute gem. You're going to want to look at Dr. Jennifer Buz's website JNNFR.BZInfo on the 2020 rover workshop via JPLFull-length (*not* G-rated) 2-part Areology episodes + tons of science linksMore kid-friendly Smologies episodes!Become a patron of Ologies for as little as a buck a monthOlogiesMerch.com has hats, shirts, stickers, totes!Follow @Ologies on Twitter and InstagramFollow @AlieWard on Twitter and InstagramSound editing by Steven Ray Morris, Mercedes Maitland of Maitland Audio, and Jarrett Sleeper of MindJam MediaMade possible by work from Noel Dilworth, Susan Hale, Kelly R. Dwyer, Emily White, & Erin TalbertSmologies theme song by Harold Malcolm Hosted by Simplecast, an AdsWizz company. See pcm.adswizz.com for information about our collection and use of personal data for advertising.",1311764,False,530N3JhKBjtyOkzp1GmAA7,en,Smologies #27: MARS with Jennifer Buz,2023-09-08,"Volcanoes. Trees. Drunk butterflies. Mars missions. Slug sex. Death. Beauty standards. Anxiety busters. Beer science. Bee drama. Take away a pocket full of science knowledge and charming, bizarre stories about what fuels these professional -ologists' obsessions. Humorist and science correspondent Alie Ward asks smart people stupid questions and the answers might change your life.",5nvRkVMH58SelKZYZFZx1S,Ologies with Alie Ward,Alie Ward,493.0
"Math wants to be friends. Let mathematician, author and Abstract Mathematologist Dr. Eugenia Cheng introduce you to a secret world: the artsy and emotional side of math. Dr. Cheng helps answer the age-old and (recently viral) question, “IS MATH REAL?” We chat about Fibonacci sequences, golden ratios, common core, loving thy neighbor, slide rules vs. calculators, imaginary numbers, the nature of zero, infinite cookies, and more. Turns out that math can change your relationships and permeate your every thought.. if you let it. Also: wtf, Barbie?Visit Dr. Eugenia Cheng’s website and follow her on TwitterBrowse Dr. Cheng’s books including Is Math Real?: How Simple Questions Lead Us to Mathematics' Deepest Truths (2023), The Joy of Abstraction: An Exploration of Math, Category Theory, and Life (2022), and How to Bake Pi: An Edible Exploration of the Mathematics of Mathematics (2016)A donation went to Math Circles of ChicagoMore episode sources and linksSmologies (short, classroom-safe) episodesOther episodes you may enjoy: Quantum Ontology (WHAT IS REAL?), Dolorology (PAIN), Fearology (FEAR), Egyptology (ANCIENT EGYPT), Classical Archeology (ANCIENT ROME), Economic Sociology (MONEY/FREAKONOMICS), Tiktokology (THE TIKTOK APP)Sponsors of OlogiesTranscripts and bleeped episodesBecome a patron of Ologies for as little as a buck a monthOlogiesMerch.com has hats, shirts, hoodies, totes!Follow @Ologies on Twitter and InstagramFollow @AlieWard on Twitter and InstagramEditing by Mercedes Maitland of Maitland Audio ProductionsManaging Director: Susan HaleScheduling Producer: Noel DilworthTranscripts by Emily White of The WordaryWebsite by Kelly R. DwyerTheme song by Nick Thorburn Hosted by Simplecast, an AdsWizz company. See pcm.adswizz.com for information about our collection and use of personal data for advertising.",4637753,True,2Yc8YLr9NaeoW9BmMjMLey,en,"Abstract Mathematology (UH, IS MATH REAL?) with Eugenia Cheng",2023-11-22,"Volcanoes. Trees. Drunk butterflies. Mars missions. Slug sex. Death. Beauty standards. Anxiety busters. Beer science. Bee drama. Take away a pocket full of science knowledge and charming, bizarre stories about what fuels these professional -ologists' obsessions. Humorist and science correspondent Alie Ward asks smart people stupid questions and the answers might change your life.",5nvRkVMH58SelKZYZFZx1S,Ologies with Alie Ward,Alie Ward,493.0
"Frankenstein’s Monster! Hungry ghosts! Moaning bloodsuckers! Goat draining goblins. Babadooks. Gorilla-whales. Slasher films. Body horror… and what these folk stories, films, and fandoms have to do about our hopes and fears. Also yes, you can watch monster movies as a job. Just ask the wonderfully charming and deeply informed Dr. W. Scott Poole, College of Charleston professor and author of “Monsters in America,” who teaches multiple courses on history and monster lore. We also cover: monsters on various continents, monsters as queer icons, horror vs. monsters, secret messages in monster movies, the edits that your government may not have wanted you to see, what to do if you suspect you have one under the bed, Hollywood production secrets, special effects makeup, and — as always — why we’re so horny for ghouls.Buy W. Scott Poole’s new book: Dark Carnivals: Modern Horror and the Origins of American EmpireBrowse more horror and pop culture books by W. Scott Poole including: Wasteland: The Great War and the Origins of Modern Horror, Monsters in America, and In the Mountains of Madness: The Life and Extraordinary Afterlife of H.P. LovecraftDonations went to the International Rescue Committee and Pet HelpersMore episode sources and linksSmologies (short, classroom-safe) episodesOther episodes you may enjoy: SPOOKTOBER episodes, Thanatology (DEATH & DYING), Desairology (MORTUARY MAKE-UP), Taphology (GRAVESITES), Vampirology (VAMPIRES), Fanthropology (FANDOM), Victimology (CRIME VICTIMS), Forest Entomology (CREEPY CRAWLIES), Forensic Ecology (NATURE DETECTIVE), Oneirology (DREAMS), Fearology (FEAR)Sponsors of OlogiesTranscripts and bleeped episodesBecome a patron of Ologies for as little as a buck a monthOlogiesMerch.com has hats, shirts, stickers, totes!Follow @Ologies on Twitter and InstagramFollow @AlieWard on Twitter and InstagramEditing by Mercedes Maitland of Maitland Audio ProductionsTranscripts by Emily White of The WordaryWebsite by Kelly R. DwyerTheme song by Nick Thorburn Hosted by Simplecast, an AdsWizz company. See pcm.adswizz.com for information about our collection and use of personal data for advertising.",5734948,True,399MLUSCV5Jm3nsmNhIUeo,en,Teratology (MONSTERS) with W. Scott Poole,2023-10-26,"Volcanoes. Trees. Drunk butterflies. Mars missions. Slug sex. Death. Beauty standards. Anxiety busters. Beer science. Bee drama. Take away a pocket full of science knowledge and charming, bizarre stories about what fuels these professional -ologists' obsessions. Humorist and science correspondent Alie Ward asks smart people stupid questions and the answers might change your life.",5nvRkVMH58SelKZYZFZx1S,Ologies with Alie Ward,Alie Ward,493.0
"Hi! I’ve been in the hospital with pneumonia! But enjoy this banger of an encore about: Serotonin! Dopamine! Norepinephrine! Neurotransmitters: what's their deal? Dr. Crystal Dilworth, aka Dr. Brain, stops by to have a spirited discussion about how chemical messengers change our moods and behaviors. We chat about depression, anxiety, what chemicals drive us to get off the couch, how antidepressants work, ADHD, addiction, the microbiome, new habits, quitting smoking, starting meditation, Oreos vs. cocaine, SSRIs vs. SNRIs, what it's like to hold a human brain in your hands and if she would donate hers to science. Also: what's up with ""lizard brains?""Visit Dr. Dilworth's websiteFollow Dr. Dilworth on Instagram & TwitterA donation went to The Geena Davis Institute: seejane.orgMore episode sources and linksSmologies (short, classroom-safe) episodesOther episodes you may enjoy: Attention-Deficit Neuropsychology (ADHD) Part 1 with Dr. Russell Barkley, Attention-Deficit Neuropsychology (ADHD) Part 2, LIFE ADVICE: For anyone who needs some hacks, Dolorology (PAIN), Eudemonology (HAPPINESS), Chronobiology (CIRCADIAN RHYTHMS) Encore + 2023 Updates, FIELD TRIP: An Airport Full of Neuroscientists, Oneirology (DREAMS), Thanatology - NEW Interview (DEATH, GRIEF & MOURNING), Neuropathology (CONCUSSIONS), Molecular Biology (PROTEINS + SCIENCE COMMUNICATION), Awesomeology (GRATITUDE FOR LITTLE THINGS), Oikology (DECLUTTERING), Philematology (KISSING), Traumatology (PTSD), Victimology (CRIME VICTIMS), Personality Psychology (PERSONALITIES), Somnology (SLEEP),  Fearology (FEAR) Pt. 1, Fearology (FEAR) Pt. 2, Sports & Performance Psychology (ANXIETY & CONFIDENCE)Sponsors of OlogiesTranscripts and bleeped episodesBecome a patron of Ologies for as little as a buck a monthOlogiesMerch.com has hats, shirts, masks, totes!Follow @Ologies on Twitter and InstagramFollow @AlieWard on Twitter and InstagramEditing by Mercedes Maitland of Maitland Audio Productions, Jarrett Sleeper of MindJam Media, and Steven Ray Morris Transcripts by Emily White of The WordaryWebsite by Kelly R. DwyerTheme song by Nick Thorburn Hosted by Simplecast, an AdsWizz company. See pcm.adswizz.com for information about our collection and use of personal data for advertising.",5255915,True,5blj1jw2sws2QIda9gqCox,en,Molecular Neurobiology (BRAIN CHEMICALS) Encore with Crystal Dilworth,2023-07-20,"Volcanoes. Trees. Drunk butterflies. Mars missions. Slug sex. Death. Beauty standards. Anxiety busters. Beer science. Bee drama. Take away a pocket full of science knowledge and charming, bizarre stories about what fuels these professional -ologists' obsessions. Humorist and science correspondent Alie Ward asks smart people stupid questions and the answers might change your life.",5nvRkVMH58SelKZYZFZx1S,Ologies with Alie Ward,Alie Ward,493.0
"ANNOUNCEMENT: SMOLOGIES NOW HAS ITS OWN FEED! SUBSCRIBE  FOR NEW EPISODES EVERY THURSDAY. Subscribe to Smologies: https://pod.link/1746567248Cumulus! Lenticular! Venti sugar-free stratocumulus stratiformis translucidus undulatus! Those light and fluffy things that hang overhead weigh thousands of pounds and form under all kinds of conditions. Cloud doctor and nephologist Dr. Rachel Storer chats about why she loves clouds, the different varieties of them, what makes it rain, whether sailors delight at red skies at night, why clouds are never square and where we can find diamond rain. Visit Dr. Rachel Storer's website and follow her on TwitterA donation went to WWF's Australian Wildlife and Nature Recovery FundFull-length (*not* G-rated) Nephology episode + tons of science linksMore kid-friendly Smologies episodes!Become a patron of Ologies for as little as a buck a monthOlogiesMerch.com has hats, shirts, hoodies, totes!Follow @Ologies on Twitter and InstagramFollow @AlieWard on Twitter and InstagramSound editing by Steven Ray Morris, Mercedes Maitland of Maitland Audio, and Jarrett Sleeper of MindJam MediaMade possible by work from Noel Dilworth, Susan Hale, Kelly R. Dwyer, Emily White, & Erin TalbertSmologies theme song by Harold Malcolm Hosted by Simplecast, an AdsWizz company. See pcm.adswizz.com for information about our collection and use of personal data for advertising.",1526021,False,2M7fxQc6vYpMZ1xmDBGAlf,en,Smologies #32: CLOUDS with Rachel Storer,2023-11-25,"Volcanoes. Trees. Drunk butterflies. Mars missions. Slug sex. Death. Beauty standards. Anxiety busters. Beer science. Bee drama. Take away a pocket full of science knowledge and charming, bizarre stories about what fuels these professional -ologists' obsessions. Humorist and science correspondent Alie Ward asks smart people stupid questions and the answers might change your life.",5nvRkVMH58SelKZYZFZx1S,Ologies with Alie Ward,Alie Ward,493.0
"Dr. Mack returns with a new introduction and updates on… listener questions! The universe, dimensions, asteroid bags and cosmic vertigo with the amazing Astro Katie, AKA Dr. Katie Mack. Part 1 was a primer on all things cosmological, from particle physics to black holes, so listen to that first then hop to this episode to get all your questions answered.Visit Dr. Mack’s website and follow her on Instagram, Twitter, YouTube and TikTokBuy Dr. Mack's new book: The End of Everything (Astrophysically Speaking)More episode sources & linksSmologies (short, classroom-safe) episodesSponsors of OlogiesTranscripts and bleeped episodesBecome a patron of Ologies for as little as a buck a monthOlogiesMerch.com has hats, shirts, masks, totes!Follow @Ologies on Twitter and InstagramFollow @AlieWard on Twitter and InstagramEditing by Steven Ray Morris and Mercedes Maitland of Maitland Audio ProductionsTranscripts by Emily White of The WordaryWebsite by Kelly R. DwyerTheme song by Nick Thorburn Hosted by Simplecast, an AdsWizz company. See pcm.adswizz.com for information about our collection and use of personal data for advertising.",2334902,True,5ivZJXv286bVFMf5obS9B5,en,Cosmology (THE UNIVERSE) Part 2 Encore with Katie Mack,2023-09-12,"Volcanoes. Trees. Drunk butterflies. Mars missions. Slug sex. Death. Beauty standards. Anxiety busters. Beer science. Bee drama. Take away a pocket full of science knowledge and charming, bizarre stories about what fuels these professional -ologists' obsessions. Humorist and science correspondent Alie Ward asks smart people stupid questions and the answers might change your life.",5nvRkVMH58SelKZYZFZx1S,Ologies with Alie Ward,Alie Ward,493.0
"Dr. Mike Natter hosts this encore episode of Ologies (hosted by Alie Ward), it's a classic 2 parter: Diabetology about the happy, moody-, sweaty-, unconscious-, and possibly even homicidal-making sugar in our blood. In this episode, Dr. Mike Natter dishes about how blood sugar works, what insulin does, and how prevalent diabetes is in all of its various forms. Also: keto vs. vegan, hypoglycemia, cyborg organs, owl hoots, gestational diabetes, type 1 vs. type 2 and ... does Gwyneth drink her own pee? Also: the emotional side of the disease and how to help those in your life who are diabetic.Next week, the doc addresses your questions, from diets to diagnoses to infuriating insulin prices.Follow Dr. Mike Natter on Instagram and TwitterA donation went to Beyond Type 1More episode sources and linksSmologies (short, classroom-safe) episodesSponsors of OlogiesTranscripts and bleeped episodesBecome a patron of Ologies for as little as a buck a monthOlogiesMerch.com has hats, shirts, masks, totes!Follow @Ologies on Twitter and InstagramFollow @AlieWard on Twitter and InstagramSound editing by Jarrett Sleeper of MindJam Media & Steven Ray MorrisTranscripts by Emily White of The WordaryWebsite by Kelly R. DwyerTheme song by Nick Thorburn Hosted by Simplecast, an AdsWizz company. See pcm.adswizz.com for information about our collection and use of personal data for advertising.",3644891,False,4hEQVJPW2yMNSo1H4CVxmp,en,Diabetology (BLOOD SUGAR) Part 1 Encore with Mike Natter,2023-08-10,"Volcanoes. Trees. Drunk butterflies. Mars missions. Slug sex. Death. Beauty standards. Anxiety busters. Beer science. Bee drama. Take away a pocket full of science knowledge and charming, bizarre stories about what fuels these professional -ologists' obsessions. Humorist and science correspondent Alie Ward asks smart people stupid questions and the answers might change your life.",5nvRkVMH58SelKZYZFZx1S,Ologies with Alie Ward,Alie Ward,493.0
"You like Ologists. Ologists write books. You like books, so let’s dive into a new, curated sampler platter from your favorite guests’ books.. Fill your ears with dark carnivals, boney catacombs, Rocky Mountain bears and wolves, flies you should love, maggots that make you beautiful, fungus that might be evil, why you should not care what other people eat, queer dolphins, invisible moose, monkey facts, fitness/mental health tips, and how to save money at the salon. Let this melange of literary snippets serve as a refresher of favorite episodes, a teaser for ones you haven’t heard, or just a gentle nudge toward a bookshop. (Or the link below to buy online.)Links to these books (& the Ologists’ episodes)2019’s Audiobook Mixtape 1 Episode2021’s Audiobook Mixtape 2 EpisodeA donation went to 826LA.orgSmologies (short, classroom-safe) episodesSponsors of OlogiesTranscripts and bleeped episodesBecome a patron of Ologies for as little as a buck a monthOlogiesMerch.com has hats, shirts, hoodies, totes!Follow @Ologies on Twitter and InstagramFollow @AlieWard on Twitter and InstagramEditing by Mercedes Maitland of Maitland Audio ProductionsManaging Director: Susan HaleScheduling Producer: Noel DilworthTranscripts by Emily White of The WordaryWebsite by Kelly R. DwyerTheme song by Nick Thorburn Hosted by Simplecast, an AdsWizz company. See pcm.adswizz.com for information about our collection and use of personal data for advertising.",4891506,True,3yl8bAlvqM4T4CZgjGoEeM,en,Audiobook Mixtape 3: Gift Ideas from the Ologists’ Brains,2023-11-29,"Volcanoes. Trees. Drunk butterflies. Mars missions. Slug sex. Death. Beauty standards. Anxiety busters. Beer science. Bee drama. Take away a pocket full of science knowledge and charming, bizarre stories about what fuels these professional -ologists' obsessions. Humorist and science correspondent Alie Ward asks smart people stupid questions and the answers might change your life.",5nvRkVMH58SelKZYZFZx1S,Ologies with Alie Ward,Alie Ward,493.0
"IT’S HERE. Witches. Not just a witch expert, but also a witch. Author Fio Gede Parma is a practicing witch and highly respected writer, speaker and teacher. They cover witch history, different types of witches, intersectional witchcraft, forest covens, teen movies, witch trials, witch fashion, midnight myths, lunar pratfalls, spells, cheerful nudists, awkward Uber rides and more. Also: how does one…become a witch? And just a warning: we touch on some stigmas and physical and emotional harm suffered by those observing religions considered fringe. Your own spiritual or religious beliefs are yours to keep, but the nature of some conflicts are discussed. (Science note: this specific episode of Ologies is a little different; not the norm. Unlike vampires or monsters, there are *real* witches among us and I wanted to include their voices in this deep dive of their beliefs. So you may not agree with everything they say and a lot of it can’t be qualified, but this episode is about culture, history and the ideology of a certain spiritual group. So listen with that in mind and  you'll learn about religious beliefs —that you may not agree with and that science has not fully figured out or upheld — but you'll get to know the real people and lifestyles behind the tropes we’ve seen in fiction. Then the rest of Spooktober we’re back to genetics and statistics and Google scholar research papers and such. Relax, and enjoy.)Visit Fio Gede Parma’s website and follow them on Instagram, Patreon and YouTubeBrowse books by Fio including The Witch Belongs to the World: A Spell of Becoming, Elements of Magic: Reclaiming Earth, Air, Fire, Water & Spirit, and Ecstatic Witchcraft: Magick, Philosophy & Trance in the Shamanic CraftA donation went to Mudgin-GalMore episode sources and linksSmologies (short, classroom-safe) episodesOther episodes you may enjoy: SPOOKTOBER episodes, Selenology (THE MOON), Vampirology (VAMPIRES), Foraging Ecology (EATING WILD PLANTS) with @BlackForager, Oneirology (DREAMS), Eudemonology (HAPPINESS), Philematology (KISSING), Bryology (MOSS), Mycology (MUSHROOMS), Cucurbitology (PUMPKINS)Sponsors of OlogiesTranscripts and bleeped episodesBecome a patron of Ologies for as little as a buck a monthOlogiesMerch.com has hats, shirts, stickers, totes!Follow @Ologies on Twitter and InstagramFollow @AlieWard on Twitter and InstagramEditing by Mercedes Maitland of Maitland Audio Productions and Jarrett Sleeper of MindJam MediaTranscripts by Emily White of The WordaryWebsite by Kelly R. DwyerTheme song by Nick Thorburn Hosted by Simplecast, an AdsWizz company. See pcm.adswizz.com for information about our collection and use of personal data for advertising.",3144829,True,6CxdZQmkcjik3zi9fftJOR,en,Witchology (WITCHES & WITCHCRAFT) Part 1 with Fio Gede Parma,2023-10-04,"Volcanoes. Trees. Drunk butterflies. Mars missions. Slug sex. Death. Beauty standards. Anxiety busters. Beer science. Bee drama. Take away a pocket full of science knowledge and charming, bizarre stories about what fuels these professional -ologists' obsessions. Humorist and science correspondent Alie Ward asks smart people stupid questions and the answers might change your life.",5nvRkVMH58SelKZYZFZx1S,Ologies with Alie Ward,Alie Ward,493.0
"More witches! History! Lore! Wardrobes! Movie trivia! And some advice from your elders? Part 2 is here with the wonderful, informed, and charming writer, speaker, spirit-worker, witch, and witchologist, Fio Gede Parma, who has most recently authored the book “The Witch Belongs to the World.” We chat cats, commercialization, witch trials, environmentalism, fashion, hallucinogenic tinctures, broomstick legends, sex positive witchery, celebrity witches, science history, cosmological ghost theories, and what to do if you think you might be a witch. Also: don’t call people wizards. Content warning: we do touch on some of the historical brutality suffered by those outside of dominant religions and the stigmas faced by people worshiping or observing religions that are considered fringe. Opinions and spiritual or religious beliefs are those of the guest and may conflict with yours, but we are learning about their first hand customs, culture, and lived experience. Visit Fio Gede Parma’s website and follow them on Instagram, Patreon and YouTubeBrowse books by Fio including The Witch Belongs to the World: A Spell of Becoming, Elements of Magic: Reclaiming Earth, Air, Fire, Water & Spirit, and Ecstatic Witchcraft: Magick, Philosophy & Trance in the Shamanic CraftA donation went to Mudgin-GalMore episode sources and linksSmologies (short, classroom-safe) episodesOther episodes you may enjoy: SPOOKTOBER episodes, Vampirology (VAMPIRES), Demonology (EVIL SPIRITS), Genealogy (FAMILY TREES), Geology (ROCKS), Epidemiology (DISEASES), Neuroendocrinology (SEX & GENDER), Cucurbitology (PUMPKINS), Indigenous Cuisinology (NATIVE COOKING)Sponsors of OlogiesTranscripts and bleeped episodesBecome a patron of Ologies for as little as a buck a monthOlogiesMerch.com has hats, shirts, stickers, totes!Follow @Ologies on Twitter and InstagramFollow @AlieWard on Twitter and InstagramEditing by Mercedes Maitland of Maitland Audio ProductionsTranscripts by Emily White of The WordaryWebsite by Kelly R. DwyerTheme song by Nick Thorburn Hosted by Simplecast, an AdsWizz company. See pcm.adswizz.com for information about our collection and use of personal data for advertising.",3966432,True,4SYbhk9TSSD15oeScQVVY8,en,Witchology (WITCHES & WITCHCRAFT) Part 2 with Fio Gede Parma,2023-10-11,"Volcanoes. Trees. Drunk butterflies. Mars missions. Slug sex. Death. Beauty standards. Anxiety busters. Beer science. Bee drama. Take away a pocket full of science knowledge and charming, bizarre stories about what fuels these professional -ologists' obsessions. Humorist and science correspondent Alie Ward asks smart people stupid questions and the answers might change your life.",5nvRkVMH58SelKZYZFZx1S,Ologies with Alie Ward,Alie Ward,493.0
"Adam McKay is one of the great satirists of our screens–he’s the writer, director, and producer behind Don’t Look Up, Succession, and The Big Short. Before that, he was best known for making us laugh at Anchorman and as the head writer of Saturday Night Live. Adam and Adam discuss the psychology of human delusion and narcissism, what he learned from improv comedy, and why success is about way more than who you know. For the full text transcript, visit go.ted.com/RWAG9For the full text transcript, visit ted.com/podcasts/worklife/worklife-with-adam-grant-transcriptsLearn more about our flagship conference happening this April at attend.ted.com/podcast Hosted on Acast. See acast.com/privacy for more information.",2479490,False,6O06JrRpEjpNQ5xlcZ6pfl,en,The psychology of human delusions with filmmaker Adam McKay,2022-11-08,"You spend a quarter of your life at work. You should enjoy it! Organizational psychologist Adam Grant takes you inside the minds of some of the world’s most unusual professionals to discover the keys to a better work life. From learning how to love your rivals to harnessing the power of frustration, one thing’s for sure: You’ll never see your job the same way again. Produced in partnership with Transmitter Media.Follow Adam on Instagram @adamgrant, LinkedIn at @adammgrant Hosted on Acast. See acast.com/privacy for more information.",4eylg9GZJOVvUhTynt4jjA,Worklife with Adam Grant,TED,255.0
"Claude Steele is one of the most influential social psychologists of all time. As a Stanford professor, he’s best known for his groundbreaking research on how the threat of being stereotyped undermines our performance. Adam talks with Claude about why the mere possibility of being stereotyped affects us, how we can protect ourselves from the harmful effects, and what healthy self-affirmation looks like. Transcripts for ReThinking are available at go.ted.com/RWAGscriptsFor the full text transcript, visit ted.com/podcasts/worklife/worklife-with-adam-grant-transcriptsLearn more about our flagship conference happening this April at attend.ted.com/podcast Hosted on Acast. See acast.com/privacy for more information.",3240306,False,4YScTOOoXjV6g9GhoAneII,en,Breaking free of stereotype threat with Claude Steele,2023-01-24,"You spend a quarter of your life at work. You should enjoy it! Organizational psychologist Adam Grant takes you inside the minds of some of the world’s most unusual professionals to discover the keys to a better work life. From learning how to love your rivals to harnessing the power of frustration, one thing’s for sure: You’ll never see your job the same way again. Produced in partnership with Transmitter Media.Follow Adam on Instagram @adamgrant, LinkedIn at @adammgrant Hosted on Acast. See acast.com/privacy for more information.",4eylg9GZJOVvUhTynt4jjA,Worklife with Adam Grant,TED,255.0
"Annie Duke dropped out of a PhD program in cognitive psychology– and went on to win the World Series of Poker. At the Authors@Wharton Series, Adam and Annie discuss the evidence on when to pull the plug, delve into decision-making lessons from psychology and poker, and examine the difference between rethinking an idea and leaving it behind. Annie’s latest book “Quit: The Power of Knowing When to Walk Away” is out now. Transcripts for ReThinking are available at go.ted.com/RWAGscriptsFor the full text transcript, visit ted.com/podcasts/worklife/worklife-with-adam-grant-transcriptsLearn more about our flagship conference happening this April at attend.ted.com/podcast Hosted on Acast. See acast.com/privacy for more information.",2307996,False,7xEdALls40ni9I8qlpAF3s,en,Knowing when to quit with world poker champion Annie Duke,2023-01-03,"You spend a quarter of your life at work. You should enjoy it! Organizational psychologist Adam Grant takes you inside the minds of some of the world’s most unusual professionals to discover the keys to a better work life. From learning how to love your rivals to harnessing the power of frustration, one thing’s for sure: You’ll never see your job the same way again. Produced in partnership with Transmitter Media.Follow Adam on Instagram @adamgrant, LinkedIn at @adammgrant Hosted on Acast. See acast.com/privacy for more information.",4eylg9GZJOVvUhTynt4jjA,Worklife with Adam Grant,TED,255.0
"Memory is a skill you can learn -- and a powerful strategy every workplace can harness. This episode is made possible with the support of Accenture, Bonobos, Hilton, and JPMorgan Chase & Co.Find the transcript at: go.ted.com/worklifememoryFor the full text transcript, visit ted.com/podcasts/worklife/worklife-with-adam-grant-transcriptsLearn more about our flagship conference happening this April at attend.ted.com/podcast Hosted on Acast. See acast.com/privacy for more information.",2002677,False,6w2PNYuOoO6UhYZcEcjyai,en,How to Remember Anything,2019-04-09,"You spend a quarter of your life at work. You should enjoy it! Organizational psychologist Adam Grant takes you inside the minds of some of the world’s most unusual professionals to discover the keys to a better work life. From learning how to love your rivals to harnessing the power of frustration, one thing’s for sure: You’ll never see your job the same way again. Produced in partnership with Transmitter Media.Follow Adam on Instagram @adamgrant, LinkedIn at @adammgrant Hosted on Acast. See acast.com/privacy for more information.",4eylg9GZJOVvUhTynt4jjA,Worklife with Adam Grant,TED,255.0
"As an educator, Ash Brandin’s mission is to make learning in school as fun as playing a game. In exploring the science and practice on the effects of video games, Ash (@TheGamerEducator on Instagram) has an unusually insightful–and unusually balanced–perspective. Adam and Ash discuss the evidence on how video games influence kids and adults, how to set healthy boundaries, and what it means to make leisure and play a priority. Transcripts for ReThinking are available at go.ted.com/RWAGscriptsFor the full text transcript, visit ted.com/podcasts/worklife/worklife-with-adam-grant-transcriptsLearn more about our flagship conference happening this April at attend.ted.com/podcast Hosted on Acast. See acast.com/privacy for more information.",2587898,False,17VAvlh5Zvp4g3BYOUbCUW,en,The surprising effects of video games with Ash Brandin,2023-01-17,"You spend a quarter of your life at work. You should enjoy it! Organizational psychologist Adam Grant takes you inside the minds of some of the world’s most unusual professionals to discover the keys to a better work life. From learning how to love your rivals to harnessing the power of frustration, one thing’s for sure: You’ll never see your job the same way again. Produced in partnership with Transmitter Media.Follow Adam on Instagram @adamgrant, LinkedIn at @adammgrant Hosted on Acast. See acast.com/privacy for more information.",4eylg9GZJOVvUhTynt4jjA,Worklife with Adam Grant,TED,255.0
"Rainn Wilson was a late bloomer: he landed the role of Dwight Schrute on “The Office” after over a decade of struggling as an actor. But success didn’t solve all of his problems — and it even created some new ones. In this live conversation for the Authors@Wharton series, Adam asks Rainn about his unlikely journey to stardom and how it led him into exploring the insights that philosophy, psychology, and the world’s great spiritual traditions can offer on modern life’s existential questions. They also discuss Rainn’s favorite moments from “The Office” and do some improv when Dunder Mifflin invites a certain organizational psychologist to talk to Dwight.Transcripts for ReThinking are available at go.ted.com/RWAGscriptsFor the full text transcript, visit ted.com/podcasts/worklife/worklife-with-adam-grant-transcriptsLearn more about our flagship conference happening this April at attend.ted.com/podcast Hosted on Acast. See acast.com/privacy for more information.",2769266,True,6hqqhMzvF436FXW4YXbMH6,en,The Office's Rainn Wilson on meaning and happiness,2023-11-14,"You spend a quarter of your life at work. You should enjoy it! Organizational psychologist Adam Grant takes you inside the minds of some of the world’s most unusual professionals to discover the keys to a better work life. From learning how to love your rivals to harnessing the power of frustration, one thing’s for sure: You’ll never see your job the same way again. Produced in partnership with Transmitter Media.Follow Adam on Instagram @adamgrant, LinkedIn at @adammgrant Hosted on Acast. See acast.com/privacy for more information.",4eylg9GZJOVvUhTynt4jjA,Worklife with Adam Grant,TED,255.0
"Andrea Jones-Rooy is a data scientist who’s skeptical about data—and a comedian. Andrea and Adam talk about the perks and perils of sharing data on social media, the similarities between the scientific method and comedy, and the value of adding an air of mystery to the way we communicate discoveries. For the full text transcript, visit go.ted.com/RWAG12For the full text transcript, visit ted.com/podcasts/worklife/worklife-with-adam-grant-transcriptsLearn more about our flagship conference happening this April at attend.ted.com/podcast Hosted on Acast. See acast.com/privacy for more information.",1822955,False,5E5b7BMls7euRr1lMvM3ov,en,Why data don’t have all the answers with data scientist Andrea Jones-Rooy,2022-12-06,"You spend a quarter of your life at work. You should enjoy it! Organizational psychologist Adam Grant takes you inside the minds of some of the world’s most unusual professionals to discover the keys to a better work life. From learning how to love your rivals to harnessing the power of frustration, one thing’s for sure: You’ll never see your job the same way again. Produced in partnership with Transmitter Media.Follow Adam on Instagram @adamgrant, LinkedIn at @adammgrant Hosted on Acast. See acast.com/privacy for more information.",4eylg9GZJOVvUhTynt4jjA,Worklife with Adam Grant,TED,255.0
"For our final episode of the year, let’s revisit Adam and Malcolm’s conversation from the archive.When Adam Grant and Malcolm Gladwell sit down to challenge each other, everything is fair game. Sit ringside for this collegial cage match in which two preeminent writers rethink each other's ideas in an insatiable quest to get closer to the truth. Is intelligence undersold or oversold? Does individual blaming and shaming obscure the pursuit of real change on racism? Could rethinking everything lead not only to a better business but a better life? In pursuit of answers, Grant and Gladwell agree on this much: you shouldn't believe everything you think. Find the transcript for this episode at go.ted.com/T4GTscript4For the full text transcript, visit ted.com/podcasts/worklife/worklife-with-adam-grant-transcriptsLearn more about our flagship conference happening this April at attend.ted.com/podcast Hosted on Acast. See acast.com/privacy for more information.",4871314,False,11ZYeNMB9NQyDtZtpaBWCA,en,Malcolm Gladwell Questions Everything,2022-12-28,"You spend a quarter of your life at work. You should enjoy it! Organizational psychologist Adam Grant takes you inside the minds of some of the world’s most unusual professionals to discover the keys to a better work life. From learning how to love your rivals to harnessing the power of frustration, one thing’s for sure: You’ll never see your job the same way again. Produced in partnership with Transmitter Media.Follow Adam on Instagram @adamgrant, LinkedIn at @adammgrant Hosted on Acast. See acast.com/privacy for more information.",4eylg9GZJOVvUhTynt4jjA,Worklife with Adam Grant,TED,255.0
"Before Agnes Callard was a philosophy professor at the University of Chicago, she was on her high school debate team — and she still loves to debate anything and everything. Her work regularly appears in major outlets such as The New York Times, and she was recently profiled in The New Yorker for her radical openness to rethinking her life. Agnes and Adam discuss the difference between ambition and aspiration, the art of thought-provoking conversations, and whether listening or arguing helps you do your best thinking. Transcripts for ReThinking are available at go.ted.com/RWAGscriptsFor the full text transcript, visit ted.com/podcasts/worklife/worklife-with-adam-grant-transcriptsLearn more about our flagship conference happening this April at attend.ted.com/podcast Hosted on Acast. See acast.com/privacy for more information.",2006622,False,1YdmT7dDwHIsr8S2f0bc5E,en,Ambition vs. aspiration with philosopher Agnes Callard,2023-06-13,"You spend a quarter of your life at work. You should enjoy it! Organizational psychologist Adam Grant takes you inside the minds of some of the world’s most unusual professionals to discover the keys to a better work life. From learning how to love your rivals to harnessing the power of frustration, one thing’s for sure: You’ll never see your job the same way again. Produced in partnership with Transmitter Media.Follow Adam on Instagram @adamgrant, LinkedIn at @adammgrant Hosted on Acast. See acast.com/privacy for more information.",4eylg9GZJOVvUhTynt4jjA,Worklife with Adam Grant,TED,255.0
"Criticism rarely comes wrapped in a shiny gift box, tied with a bow. As a trailblazing leader, one of Mellody Hobson’s gifts is finding the diamond in the rough. She and Adam unpack how to look for the grain of truth in any critique, when to discount feedback, and what it takes to be honest without being brutal. Find the full text transcript at go.ted.com/T4G7This was an episode of Taken for Granted, but now the podcast is called ReThinking with Adam Grant, and it’s back with weekly episodes. You can listen to them right here in the WorkLife feed, or by following ReThinking with Adam Grant wherever you are right now. For the full text transcript, visit ted.com/podcasts/worklife/worklife-with-adam-grant-transcriptsLearn more about our flagship conference happening this April at attend.ted.com/podcast Hosted on Acast. See acast.com/privacy for more information.",2242272,False,0YE13NmW1jTT6S069DZt7E,en,Mellody Hobson on Taking Tough Feedback,2021-06-15,"You spend a quarter of your life at work. You should enjoy it! Organizational psychologist Adam Grant takes you inside the minds of some of the world’s most unusual professionals to discover the keys to a better work life. From learning how to love your rivals to harnessing the power of frustration, one thing’s for sure: You’ll never see your job the same way again. Produced in partnership with Transmitter Media.Follow Adam on Instagram @adamgrant, LinkedIn at @adammgrant Hosted on Acast. See acast.com/privacy for more information.",4eylg9GZJOVvUhTynt4jjA,Worklife with Adam Grant,TED,255.0
"You procrastinate because you're lazy, right? Wrong. The truth is more complex—and far more interesting. Learn how to stop putting off important tasks ... with a little help from master procrastinator Margaret Atwood.For the full text transcript, visit ted.com/podcasts/worklife/worklife-with-adam-grant-transcriptsLearn more about our flagship conference happening this April at attend.ted.com/podcast Hosted on Acast. See acast.com/privacy for more information.",2182661,False,25G4FTrnT22RBKIH6VJpaG,en,The Real Reason You Procrastinate,2020-03-10,"You spend a quarter of your life at work. You should enjoy it! Organizational psychologist Adam Grant takes you inside the minds of some of the world’s most unusual professionals to discover the keys to a better work life. From learning how to love your rivals to harnessing the power of frustration, one thing’s for sure: You’ll never see your job the same way again. Produced in partnership with Transmitter Media.Follow Adam on Instagram @adamgrant, LinkedIn at @adammgrant Hosted on Acast. See acast.com/privacy for more information.",4eylg9GZJOVvUhTynt4jjA,Worklife with Adam Grant,TED,255.0
"Carla Harris is a fierce leader, a devoted mentor, and a dynamic speaker. A Wall Street veteran who has been named one of the most powerful Black executives in America, Carla’s worked across multiple industries in her 30+ year career, and was appointed by President Barack Obama to chair the National Women's Business Council. In a highly entertaining Authors@Wharton event, Carla speaks with Adam about strategies for building relationships with mentors and sponsors, how to advocate effectively for ourselves and authors, and what to do when we’re not getting the support we need. Carla’s latest book “Lead to Win” is out now. For the full text transcript, visit go.ted.com/RWAG15For the full text transcript, visit ted.com/podcasts/worklife/worklife-with-adam-grant-transcriptsLearn more about our flagship conference happening this April at attend.ted.com/podcast Hosted on Acast. See acast.com/privacy for more information.",2322494,False,1V20uMjgA6A2cB7G4hLRLf,en,Finding–and becoming–great mentors and sponsors with Carla Harris,2023-01-10,"You spend a quarter of your life at work. You should enjoy it! Organizational psychologist Adam Grant takes you inside the minds of some of the world’s most unusual professionals to discover the keys to a better work life. From learning how to love your rivals to harnessing the power of frustration, one thing’s for sure: You’ll never see your job the same way again. Produced in partnership with Transmitter Media.Follow Adam on Instagram @adamgrant, LinkedIn at @adammgrant Hosted on Acast. See acast.com/privacy for more information.",4eylg9GZJOVvUhTynt4jjA,Worklife with Adam Grant,TED,255.0
"This week, we’re sharing a special episode from one of Adam's favorite podcasts, Revisionist History. Revisionist History is Malcolm Gladwell’s podcast about things misunderstood and overlooked. This season, Malcolm is obsessed with experiments – natural experiments, scientific experiments, thought experiments. And in this episode, Adam Grant got to help out. Malcolm wanted to talk with a group of college seniors or recent graduates. So Adam invited him to a special seminar at the University of Pennsylvania’s Wharton School. Adam’s students become guinea pigs as Malcom tries to help them identify and then discuss a very specific type of privilege, a category of privilege that’s often ignored. If you know Malcolm Gladwell, he does sometimes seem to have it out for Ivy League schools like Penn. But this episode is not what you might expect: Malcolm winds up pointing the finger of blame quite firmly in his own direction, too. You can hear more from Revisionist History at https://link.chtbl.com/workliferevisionistFor the full text transcript, visit ted.com/podcasts/worklife/worklife-with-adam-grant-transcriptsLearn more about our flagship conference happening this April at attend.ted.com/podcast Hosted on Acast. See acast.com/privacy for more information.",2157217,False,0yzwg58XBoVF75lzRjVtg8,en,Malcolm Gladwell Experiments with Adam's Class,2022-10-01,"You spend a quarter of your life at work. You should enjoy it! Organizational psychologist Adam Grant takes you inside the minds of some of the world’s most unusual professionals to discover the keys to a better work life. From learning how to love your rivals to harnessing the power of frustration, one thing’s for sure: You’ll never see your job the same way again. Produced in partnership with Transmitter Media.Follow Adam on Instagram @adamgrant, LinkedIn at @adammgrant Hosted on Acast. See acast.com/privacy for more information.",4eylg9GZJOVvUhTynt4jjA,Worklife with Adam Grant,TED,255.0
"As a blogger and executive coach, James Clear spent years studying how to form and change habits. His research culminated in the book ""Atomic Habits”, which has sold more than 15 million copies and been translated into over 50 languages. James speaks with Adam about changing our systems for achieving goals, building habits around identities as well as actions, and accumulating small wins that add up to big change. Transcripts for ReThinking are available at go.ted.com/RWAGscriptsFor the full text transcript, visit ted.com/podcasts/worklife/worklife-with-adam-grant-transcriptsLearn more about our flagship conference happening this April at attend.ted.com/podcast Hosted on Acast. See acast.com/privacy for more information.",2300186,False,4ikrC1DQKtbn64Dv31qRZM,en,Building atomic habits with James Clear,2023-06-27,"You spend a quarter of your life at work. You should enjoy it! Organizational psychologist Adam Grant takes you inside the minds of some of the world’s most unusual professionals to discover the keys to a better work life. From learning how to love your rivals to harnessing the power of frustration, one thing’s for sure: You’ll never see your job the same way again. Produced in partnership with Transmitter Media.Follow Adam on Instagram @adamgrant, LinkedIn at @adammgrant Hosted on Acast. See acast.com/privacy for more information.",4eylg9GZJOVvUhTynt4jjA,Worklife with Adam Grant,TED,255.0
"Have you ever thought you can’t do something because you’re “not wired that way”? Neuroscientist Chantel Prat might challenge you to rethink your beliefs. Chantel dispels some sticky myths about right-brainers and left-brainers, shares her research on how learning to code depends more on verbal skills than math skills, and generates some hypotheses about Adam’s brain. Her debut book “The Neuroscience of You” is out now. For the full text transcript, visit go.ted.com/RWAG4For the full text transcript, visit ted.com/podcasts/worklife/worklife-with-adam-grant-transcriptsLearn more about our flagship conference happening this April at attend.ted.com/podcast Hosted on Acast. See acast.com/privacy for more information.",2784862,False,00pEM2tLIiVo6yYSgjFBpQ,en,Busting the myths of the brain with neuroscientist Chantel Prat,2022-10-04,"You spend a quarter of your life at work. You should enjoy it! Organizational psychologist Adam Grant takes you inside the minds of some of the world’s most unusual professionals to discover the keys to a better work life. From learning how to love your rivals to harnessing the power of frustration, one thing’s for sure: You’ll never see your job the same way again. Produced in partnership with Transmitter Media.Follow Adam on Instagram @adamgrant, LinkedIn at @adammgrant Hosted on Acast. See acast.com/privacy for more information.",4eylg9GZJOVvUhTynt4jjA,Worklife with Adam Grant,TED,255.0
"For someone who doesn’t believe in goal-setting, Emmanuel Acho is highly accomplished. He’s a former NFL linebacker, an Emmy-winning TV sports analyst, and the New York Times bestselling author of “Uncomfortable Conversations with a Black Man” – and hosts a video series and podcast of the same name. Emmanuel shares why he is “anti-goals”, how he consistently achieves greatness without pursuing success, and what sports have taught him about living a creative life. For the full text transcript, visit go.ted.com/RWAG10For the full text transcript, visit ted.com/podcasts/worklife/worklife-with-adam-grant-transcriptsLearn more about our flagship conference happening this April at attend.ted.com/podcast Hosted on Acast. See acast.com/privacy for more information.",2338664,False,1zuWhtVeIIwRCvAuQqyzXi,en,"The problem with setting goals, with NFL linebacker Emmanuel Acho",2022-11-15,"You spend a quarter of your life at work. You should enjoy it! Organizational psychologist Adam Grant takes you inside the minds of some of the world’s most unusual professionals to discover the keys to a better work life. From learning how to love your rivals to harnessing the power of frustration, one thing’s for sure: You’ll never see your job the same way again. Produced in partnership with Transmitter Media.Follow Adam on Instagram @adamgrant, LinkedIn at @adammgrant Hosted on Acast. See acast.com/privacy for more information.",4eylg9GZJOVvUhTynt4jjA,Worklife with Adam Grant,TED,255.0
"As we get ready for 2023, we’re excited to bring you a conversation Adam had earlier this year with beloved musician Dolly Parton. Adam talks with Dolly about her creative process, how she balances getting things right with getting things done, and how she manages the hefty cup of ambition she pours herself each morning. Her latest project, “Run, Rose, Run” is both a novel coauthored with James Patterson and a full-length companion album. For the full text transcript, visit go.ted.com/T4G26For the full text transcript, visit ted.com/podcasts/worklife/worklife-with-adam-grant-transcriptsLearn more about our flagship conference happening this April at attend.ted.com/podcast Hosted on Acast. See acast.com/privacy for more information.",1543471,False,4dpjLKn9YtswmKuZo8pJkz,en,"Dolly Parton is burning up, not burning out",2022-12-20,"You spend a quarter of your life at work. You should enjoy it! Organizational psychologist Adam Grant takes you inside the minds of some of the world’s most unusual professionals to discover the keys to a better work life. From learning how to love your rivals to harnessing the power of frustration, one thing’s for sure: You’ll never see your job the same way again. Produced in partnership with Transmitter Media.Follow Adam on Instagram @adamgrant, LinkedIn at @adammgrant Hosted on Acast. See acast.com/privacy for more information.",4eylg9GZJOVvUhTynt4jjA,Worklife with Adam Grant,TED,255.0
"Admiral Linda Fagan is the Commandant of the U.S. Coast Guard – and the first woman to ever lead a branch of the U.S. military. She speaks with Adam about facing impostor syndrome and breaking glass ceilings, spearheading a bold vision for change in the military, and why she believes good leadership requires confidence and humility. Transcripts for ReThinking are available at go.ted.com/RWAGscripts.For the full text transcript, visit ted.com/podcasts/worklife/worklife-with-adam-grant-transcriptsLearn more about our flagship conference happening this April at attend.ted.com/podcast Hosted on Acast. See acast.com/privacy for more information.",2005812,False,0QKlwcqpyHDLdR6Hn9yVAw,en,Admiral Linda Fagan on servant leadership,2023-05-30,"You spend a quarter of your life at work. You should enjoy it! Organizational psychologist Adam Grant takes you inside the minds of some of the world’s most unusual professionals to discover the keys to a better work life. From learning how to love your rivals to harnessing the power of frustration, one thing’s for sure: You’ll never see your job the same way again. Produced in partnership with Transmitter Media.Follow Adam on Instagram @adamgrant, LinkedIn at @adammgrant Hosted on Acast. See acast.com/privacy for more information.",4eylg9GZJOVvUhTynt4jjA,Worklife with Adam Grant,TED,255.0
"Daniel Kahneman is a Nobel Prize winner who transformed our understanding of the biases that cloud our thinking. In this conversation, he and Adam explore when to trust our intuition and when to second-guess it. Danny explains how he finds joy in being wrong, spells out steps to smarter interviewing, and reveals how he—the master decoder of decision-making—makes decisions. Find the transcript for this episode at go.ted.com/RT-KahnemanFor the full text transcript, visit ted.com/podcasts/worklife/worklife-with-adam-grant-transcriptsLearn more about our flagship conference happening this April at attend.ted.com/podcast Hosted on Acast. See acast.com/privacy for more information.",2140368,False,5CqrxdSotiKnp6UR55rGIL,en,Daniel Kahneman doesn't trust your intuition (Re-release),2023-12-26,"You spend a quarter of your life at work. You should enjoy it! Organizational psychologist Adam Grant takes you inside the minds of some of the world’s most unusual professionals to discover the keys to a better work life. From learning how to love your rivals to harnessing the power of frustration, one thing’s for sure: You’ll never see your job the same way again. Produced in partnership with Transmitter Media.Follow Adam on Instagram @adamgrant, LinkedIn at @adammgrant Hosted on Acast. See acast.com/privacy for more information.",4eylg9GZJOVvUhTynt4jjA,Worklife with Adam Grant,TED,255.0
"Steve Martin has made an award-winning career out of taking on new identities–from actor and comedian to musician and novelist. Over the years, he’s learned that the best way to find yourself is by imitating your role models. He explores how to do that in a new audiobook, So Many Steves, with his longtime friend Adam Gopnik, the New Yorker writer and author. Steve and Adam join Adam Grant for a riveting discussion about impersonation and authenticity, humor and writing, success and happiness, and valuing the friends you make along the way. Transcripts for ReThinking are available at go.ted.com/RWAGscripts. For 15% off So Many Steves, use the code ADAMGRANT at pushkin.fm.For the full text transcript, visit ted.com/podcasts/worklife/worklife-with-adam-grant-transcriptsLearn more about our flagship conference happening this April at attend.ted.com/podcast Hosted on Acast. See acast.com/privacy for more information.",2530194,False,69ZpnSgVXIZYHHUhjit64Q,en,Steve Martin on finding your authentic voice,2023-05-04,"You spend a quarter of your life at work. You should enjoy it! Organizational psychologist Adam Grant takes you inside the minds of some of the world’s most unusual professionals to discover the keys to a better work life. From learning how to love your rivals to harnessing the power of frustration, one thing’s for sure: You’ll never see your job the same way again. Produced in partnership with Transmitter Media.Follow Adam on Instagram @adamgrant, LinkedIn at @adammgrant Hosted on Acast. See acast.com/privacy for more information.",4eylg9GZJOVvUhTynt4jjA,Worklife with Adam Grant,TED,255.0
"We’ve talked about the upside of dark emotions, how to turn stress into serenity, and now today’s guest, Dr. Lissa Rankin, is coming back on the show to share how we can heal ourselves (physically and emotionally) when we understand fear.Lissa is an incredible example of this in her own life, but for her new book on fear, she actually traveled the world and talked to many different people in varied cultures to better understand our concept of fear in the West.In our conversation she pulls the covers back on how fear affects our physical health, how our society perpetuates a sick relationship with fear, and how we truly have the power to heal ourselves when we understand what is behind our fear. For this 5 Minute Friday, I wanted to share a clip from a past episode where Lissa explains how we can become friends with our fear by learning to trust our intuition.If you enjoyed this episode, show notes and more at http://www.lewishowes.com/939 and follow at instagram.com/lewishowes Get more from Lewis! Get my New York Times Bestselling book, Make Money Easy!Get The Greatness Mindset audiobook on SpotifyText Lewis AIYouTubeInstagramWebsiteTiktokFacebookX Hosted by Simplecast, an AdsWizz company. See pcm.adswizz.com for information about our collection and use of personal data for advertising.",365662,False,7otFt0sDnDLJ7LOsnQHfK7,en,939 Become Friends with Fear,2020-04-10,"Lewis Howes is a New York Times best-selling author, 2x All-American athlete, keynote speaker, and entrepreneur. The School of Greatness shares inspiring interviews from the most successful people on the planet—world-renowned leaders in business, entertainment, sports, science, health, and literature—to inspire YOU to unlock your inner greatness and live your best life.",07GQhOZboEZOE1ysnFLipT,The School of Greatness,Lewis Howes,1892.0
"Are you your own worst enemy? There are going to be hundreds of obstacles that we face when trying to pursue greatness.Some people will tell you that you're not enough.Others will say your ideas are unconventional and crazy - ""it's never going to work!""Maybe your own family doesn't believe in you.The pressure from other people can be insane and paralyzing, but sometimes, we are our own worst enemies. We can get in our own way when it comes to our dreams. Insecurity has a way of tripping us up when we try to get out of our comfort zone. Thoughts like, ""I'm not enough,"" play on repeat.Other times, pride has a way of convincing us that we're doing everything right, when we're actually not, and that's not great either. We always need to be willing to change, to humble ourselves when necessary, and to get out of our comfort zone.On this episode of The School of Greatness, I've got Dave Hollis in the house to tell you his story about struggle, adaptation, and success.Dave Hollis is one half of the dynamic, powerhouse duo that is Rachel and Dave Hollis. He's the former Disney film distribution chief who was responsible for the relaunch of the Star Wars franchise, the Avengers series, and mega-hits like Frozen and Beauty and the Beast, but he left his prestigious post at Disney last year to lead The Hollis Company alongside his wife Rachel Hollis.In addition to running a company and raising his four beautiful children, Dave is touring the US, regaling tales of how one former personal development skeptic became a spokesperson for growth.Dave understands the path to success well and acknowledges that it's a path full of change. It requires not only strategy but also the willingness to grow and adapt to situations you never saw coming.I had Dave's wife, Rachel Hollis, author of Girl, Wash Your Face, on my podcast a while back, and I was so excited to have Dave on here as well! He gets vulnerable talking about their marriage and how they've navigated all this crazy stuff together.I think you all are really gonna enjoy this one. Join me on Episode 926 to learn how to get out of your own way so you can reach your fullest potential with Dave Hollis.What has been the biggest area of growth for you in the last 2 years? (9:06)Is there anything in your marriage that still isn’t resolved since Rachel’s career took off? (19:30)What have you learned is the common thing that holds women back from their greatness? (40:37)What’s your biggest fear about the next 5 years? (46:20)Why did you decide to step out and write your own book and brand? (51:47)Why Dave is okay with going from CEO to COO (0:30)What happens when you have a huge lynchpin product in your business (4:18)How to shift your perspective on vulnerability and transparency if you think they are liabilities (6:10)Why Dave shifted his relationship with alcohol to focus on running (10:28)How to unpack the stories that run your life (17:30)Where to draw the line with what you share publicly (26:35)How to make tough business decisions for the health of your business (36:29)Plus much more... Get more from Lewis! Get my New York Times Bestselling book, Make Money Easy!Get The Greatness Mindset audiobook on SpotifyText Lewis AIYouTubeInstagramWebsiteTiktokFacebookX Hosted by Simplecast, an AdsWizz company. See pcm.adswizz.com for information about our collection and use of personal data for advertising.",3828088,False,4AKKR7rhuSf3kBqZpMQJIH,en,926 Get Out of Your Own Way with Dave Hollis,2020-03-11,"Lewis Howes is a New York Times best-selling author, 2x All-American athlete, keynote speaker, and entrepreneur. The School of Greatness shares inspiring interviews from the most successful people on the planet—world-renowned leaders in business, entertainment, sports, science, health, and literature—to inspire YOU to unlock your inner greatness and live your best life.",07GQhOZboEZOE1ysnFLipT,The School of Greatness,Lewis Howes,1892.0
"Does Big Science have a bullying problem? Why did the FDA change its tune on China? And what's cooler than $100 billion?  We cover all that and more this week on “The Readout LOUD,” STAT’s biotech podcast. We discuss the scandalous end of Eric Lander's tenure as presidential science adviser with STAT Washington correspondent Lev Facher and science writer Megan Molteni. Then we dive into the FDA's about-face on cancer drugs developed in China and what it means for the cost of medicine in the U.S. We also explain how Pfizer's record-setting year somehow disappointed Wall Street and explore whether it's a good idea to end mask mandates.",2080287,False,0BbOAEkEsj24kgZr12mfZ0,en,"Episode 196: Eric Lander's resignation, FDA's about-face, & Pfizer's lucrative pandemic",2022-02-10,"STAT’s weekly biotech podcast, breaking down the latest news, digging deep into industry goings-on, and giving you a preview of the week to come.",7c181EiST5DhX4Zh2kt7Tq,The Readout Loud,STAT,392.0
"Will there be a new ALS drug this year? What business does Wall Street have with CRISPR? And when can kids get Covid-19 vaccines?  We cover all that and more this week. First, STAT's Nicholas Florko joins us to preview the trials ahead for Robert Califf as he retakes the reins at the FDA — including a high-profile decision on a new treatment for ALS. Then, CRISPR pioneer Jennifer Doudna and financier Marty Chavez join us to talk about the future of genome editing and the investments they plan to make in it. We also discuss the latest on Eric Lander, the Covid-19 vaccine meeting that wasn't, and the future of Chinese-developed cancer drugs.",2108943,False,1s8Xs5c4gpVlP3nNkFO9Jk,en,"Episode 197: Robert Califf's FDA return, the future of CRISPR, & another vaccine delay",2022-02-17,"STAT’s weekly biotech podcast, breaking down the latest news, digging deep into industry goings-on, and giving you a preview of the week to come.",7c181EiST5DhX4Zh2kt7Tq,The Readout Loud,STAT,392.0
"92%ers we are back with another episode of New Heights presented by our friends at Experian and the all-new Experian Debit Card and Digital checking account!In this episode, we've got some huge New News (01:40) coming your way about the ""Kelce Family Reunion Game,"" we try and start a petition to send Travis to space (06:25), Jason lets us know why he's staying out of the water (08:40), and we find out who had the worst part-time job in college (17:17).Moving on, Travis recaps his trip to Germany (36:15), seeing Tyreek on the opposing sideline for the first time (48:00), and why he's not thrilled with how he broke his latest record (55:00).Jason takes us through an electric Eagles/Cowboys game (01:02:22) and reveals what he was actually screaming during the game (01:08:05) and how he was feeling on the sideline during the wild closing minutes of the game (01:11:00).We also touch on the Raiders reaction to their Interim Head Coach (01:28:05), CJ Stroud probably locking up rookie of the year (01:32:41), and we can't decide what constitutes taunting anymore (01:34:33).We will be back next Wednesday to recap Week 10 in the NFL and what the guys get up to during their bye week.In the meantime, please keep sending in your suggestions for ""The Greatest Highlight of All Time"" and make sure you've signed up for our official fan club at https://NewHeightShow.com (01:40:45).Make sure you're subscribed to the New Heights YouTube Channel and wherever you get your podcasts so you don't miss out and follow us on Instagram, Twitter, and TikTok for all the best moments from the show....Support the Show:Merch - Make sure you check out all the new designs at https://homage.com/newheightsSee Privacy Policy at https://art19.com/privacy and California Privacy Notice at https://art19.com/privacy#do-not-sell-my-info.",5951033,True,6XWBZhkk2KcXXYuhV9E042,en,"Travis Footballs Abroad, Jason’s Birthday Scream, and Shark Attack Stories | Ep 63",2023-11-08,"Football’s funniest family duo — Jason Kelce of the Philadelphia Eagles and Travis Kelce of the Kansas City Chiefs — team up to provide next-level access to life in the league as it unfolds. The two brothers and Super Bowl champions drop weekly insights about the weekly slate of games and share their INSIDE perspectives on trending NFL news and sports headlines. They also endlessly rag on each other as brothers do, chat the latest in pop culture and welcome some very popular and well-known friends to chat with them.Check out new episodes every Wednesday. Follow New Heights on the Wondery App, YouTube or wherever you get your podcasts. You can listen to new episodes early and ad-free, and get exclusive content on Wondery+. Join Wondery+ in the Wondery App, Apple Podcasts or Spotify. And join our new membership for a unique fan experience by going to the New Heights YouTube channel now!",1y3SUbFMUSESC1N43tBleK,New Heights with Jason & Travis Kelce,Wondery ,185.0
"92%ers we are back with another episode of New Heights presented by our friends at Experian and the all-new Experian Debit Card and Digital checking account!In this episode, we review some of your GOAT Halloween candy suggestions, make a major announcement about our new official fan club, reveal our guest for the next special episode dropping this Friday, and answer some of your NOT dumb questions about hard counts.Jason also recaps the Eagles divisional sweep of the Commanders, reacts to A.J. Brown going full ""Mega-Jawn,"" and previews the Eagles huge upcoming game against the Cowboys.Travis takes us inside the Chiefs locker room after the stumble in Denver, breaks down how they are hoping to bounce back in Germany, and lets us know that time zones don't matter when it comes to football.We also look at the rest of week 8 in the NFL, break down a slightly tame trade deadline, crown the official New Heights Halloween candy, and look at some of the incredible Jason and Travis costumes you submitted.We will be back on Friday with our incredible conversation with Jordan Mailata. We talk about everything from his wild path to the NFL, his thoughts on the rugby vs NFL debate, and a lot more.So make sure you're subscribed to the New Heights YouTube Channel and wherever you get your podcasts so you don't miss out and follow us on Instagram, Twitter, and TikTok for all the best moments from the show...Support the Show:CLUB 92: Join the official New Heights Fan Club: Visit https://www.newheightshow.com/ and click ""Join Club 92"" for exclusive offers, bonus content, and more. Merch - Make sure you check out all the new designs at https://homage.com/newheightsSee Privacy Policy at https://art19.com/privacy and California Privacy Notice at https://art19.com/privacy#do-not-sell-my-info.",5641848,True,4oZK4RT7vwEuCzjiaFGTnZ,en,"Eagles Offensive Highs, Chiefs Mile High Lows, and A New Heights Halloween | Ep 61",2023-11-01,"Football’s funniest family duo — Jason Kelce of the Philadelphia Eagles and Travis Kelce of the Kansas City Chiefs — team up to provide next-level access to life in the league as it unfolds. The two brothers and Super Bowl champions drop weekly insights about the weekly slate of games and share their INSIDE perspectives on trending NFL news and sports headlines. They also endlessly rag on each other as brothers do, chat the latest in pop culture and welcome some very popular and well-known friends to chat with them.Check out new episodes every Wednesday. Follow New Heights on the Wondery App, YouTube or wherever you get your podcasts. You can listen to new episodes early and ad-free, and get exclusive content on Wondery+. Join Wondery+ in the Wondery App, Apple Podcasts or Spotify. And join our new membership for a unique fan experience by going to the New Heights YouTube channel now!",1y3SUbFMUSESC1N43tBleK,New Heights with Jason & Travis Kelce,Wondery ,185.0
"92%ers we are back with a special guest episode of New Heights presented by our friends at Experian and the all-new Experian Debit Card and Digital checking account!In this episode, we're joined by Jason's teammate Philadelphia Eagles offensive tackle Jordan Mailata to talk about the new Eagles Christmas album (2:27), and the guys also revisit a not-dumb question about rugby players in the NFL utilizing Jordan's rugby expertise (12:29).Jordan also shares more about his path from Rugby League to the NFL, including his first exposure to the NFL, how he chose his position, how NFL scouts found him, and where he first started training to play football (24:45).Travis and Jason then ask Jordan about the lead-up to his NFL Draft experience, how he felt when he was selected by the Eagles in the seventh round, and who he spoke to first within the organization (38:18).Jordan also talks about the culture shock that happened upon his move from Australia to Philadelphia (45:52), his first days with the Eagles (50:54), and his ""Welcome to the NFL"" moment (59:27).Jason and Jordan get into the 2023 Eagles team, highlighting their roles in the ""Brotherly Shove"" play (1:04:20) and Jordan's relationship with quarterback Jalen Hurts (1:11:04).Lastly, Jordan gives his Mt. Rushmore of the Greatest Australians of All-Time (1:15:21), Jason tries Australian candy (1:34:26) and the guys ask Jordan a series of rapid-fire questions, covering topics like how many toes Jordan has and his time on ""The Masked Singer"" (1:22:25).We will be back on Wednesday to recap our Week 9 games, Travis' time in Germany, and all the other biggest storylines happening around the league.Make sure you're subscribed to the New Heights YouTube Channel and wherever you get your podcasts so you don't miss out and follow us on Instagram, Twitter, and TikTok for all the best moments from the show...Support the Show:Join the official New Heights Fan Club: Visit https://www.newheightshow.com/ and click ""Join Club 92"" for exclusive offers, bonus content, and more.Merch - Make sure you check out all the new designs at https://homage.com/newheightsSee Privacy Policy at https://art19.com/privacy and California Privacy Notice at https://art19.com/privacy#do-not-sell-my-info.",6004584,True,1UEO4RwubLrRzWnw8LhvyJ,en,"Jordan Mailata on Journey From Rugby to NFL, Jalen Hurts Dynamic and Greatest Australians | Ep 62",2023-11-03,"Football’s funniest family duo — Jason Kelce of the Philadelphia Eagles and Travis Kelce of the Kansas City Chiefs — team up to provide next-level access to life in the league as it unfolds. The two brothers and Super Bowl champions drop weekly insights about the weekly slate of games and share their INSIDE perspectives on trending NFL news and sports headlines. They also endlessly rag on each other as brothers do, chat the latest in pop culture and welcome some very popular and well-known friends to chat with them.Check out new episodes every Wednesday. Follow New Heights on the Wondery App, YouTube or wherever you get your podcasts. You can listen to new episodes early and ad-free, and get exclusive content on Wondery+. Join Wondery+ in the Wondery App, Apple Podcasts or Spotify. And join our new membership for a unique fan experience by going to the New Heights YouTube channel now!",1y3SUbFMUSESC1N43tBleK,New Heights with Jason & Travis Kelce,Wondery ,185.0
"92%ers we are back with a special guest episode of New Heights presented by our friends at Accelerator Active Energy!In this episode, we're joined by Kansas City Chiefs DT Chris ""Stone Cold"" Jones! The guys talk to Chris about his new contract (01:52), what it's really like to miss training camp (3:30), and if he thinks this current Chiefs defense isn't being talked about enough (5:13). Jason, Travis and Chris also answer your not-dumb question about which NFL players should join the WWE when they retire (6:20).Chris then shares his Draft day story (10:03) and also breaks down exactly what happened during his famous wardrobe malfunction at the Combine (14:17). We then hear about Chris' early experiences with the Chiefs, including his brutally honest first impression of Travis and how he handled his first Andy Reid long drive drill (20:36).The guys get into some of Chris' career milestones, including his first sack on Andrew Luck (26:20) and his first interception in a big 2017 win vs. Jason and the Eagles (30:17). Chris also talks about his NFL record-setting sack streak and his superstitious desire to wear the same gloves for each of those 11 games (33:16).Travis and Chris also delve into each of their Super Bowl appearances together and Chris shares exactly why one of the wins meant even more to him (35:10). Lastly, Chris names the guys on his defensive line Mt. Rushmore (48:03) and the guys play a round of ""We Gotta Ask But You Don't Have to Answer"" where Chris talks about his twitter beef with Tyreek Hill (51:19) and the most annoying thing about offensive linemen (54:02).We will be back with another all new episode every Wednesday during the NFL season. Make sure to follow us on Instagram, Twitter, and TikTok for all the best moments from the show...Support the Show:Merch - https://homage.com/newheightsSee Privacy Policy at https://art19.com/privacy and California Privacy Notice at https://art19.com/privacy#do-not-sell-my-info.",3682455,True,5TiDrnWRLS7ZuRt0waZCqy,en,"Chris Jones on Missing Training Camp, Tyreek Hill’s Trash Talk and His NSFW Combine Moment | Ep 56",2023-09-29,"Football’s funniest family duo — Jason Kelce of the Philadelphia Eagles and Travis Kelce of the Kansas City Chiefs — team up to provide next-level access to life in the league as it unfolds. The two brothers and Super Bowl champions drop weekly insights about the weekly slate of games and share their INSIDE perspectives on trending NFL news and sports headlines. They also endlessly rag on each other as brothers do, chat the latest in pop culture and welcome some very popular and well-known friends to chat with them.Check out new episodes every Wednesday. Follow New Heights on the Wondery App, YouTube or wherever you get your podcasts. You can listen to new episodes early and ad-free, and get exclusive content on Wondery+. Join Wondery+ in the Wondery App, Apple Podcasts or Spotify. And join our new membership for a unique fan experience by going to the New Heights YouTube channel now!",1y3SUbFMUSESC1N43tBleK,New Heights with Jason & Travis Kelce,Wondery ,185.0
"92%ers we are back with another episode of New Heights presented by our friends at Experian and the all-new Experian Debit Card and Digital checking account!In this episode, we break the news about another Kelce Christmas album (01:47), Travis trying to take F1 (04:10), and answer your not-dumb questions about the best Halloween Candy (19:07).Travis also defends National Tight End Day (42:20), breaks down the Chiefs offensive explosion against the Chargers (47:03), and how he feels about the media inventing ""Swift Stats."" (56:20)Jason gives us his full reaction to the Eagles finally bringing back the Kelly Greens in their win over the Dolphins (59:55), what it's really like at the bottom of the ""Brotherly Shove"" pile (01:06:44), and how the Eagles D kept Tyreek Hill in check (01:14:08).The guys also weigh in on Myles Garrett possibly beating the Colts by himself (01:25:00), all the huge TE stats from National Tight End Day (01:28:00), and if they'll be participating in Olympic Flag Football (01:31:32).We will be back with our weekend preview video on Friday where we look at both the Chiefs and Eagles huge divisional road games, one of the greatest hits of all time, and what Jason is ""dressing as"" for Halloween.Make sure you're subscribed to the New Heights YouTube Channel and wherever you get your podcasts so you don't miss out and follow us on Instagram, Twitter, and TikTok for all the best moments from the show....Support the Show:Merch - Make sure you check out all the new designs at https://homage.com/newheightsSee Privacy Policy at https://art19.com/privacy and California Privacy Notice at https://art19.com/privacy#do-not-sell-my-info.",5834527,True,0bLAsy9h0NSwPTPxXyYFAO,en,"Jason’s Throwback Win, Travis Reacts to “Swift Stats“, and The Halloween Candy Debate | Ep 60",2023-10-25,"Football’s funniest family duo — Jason Kelce of the Philadelphia Eagles and Travis Kelce of the Kansas City Chiefs — team up to provide next-level access to life in the league as it unfolds. The two brothers and Super Bowl champions drop weekly insights about the weekly slate of games and share their INSIDE perspectives on trending NFL news and sports headlines. They also endlessly rag on each other as brothers do, chat the latest in pop culture and welcome some very popular and well-known friends to chat with them.Check out new episodes every Wednesday. Follow New Heights on the Wondery App, YouTube or wherever you get your podcasts. You can listen to new episodes early and ad-free, and get exclusive content on Wondery+. Join Wondery+ in the Wondery App, Apple Podcasts or Spotify. And join our new membership for a unique fan experience by going to the New Heights YouTube channel now!",1y3SUbFMUSESC1N43tBleK,New Heights with Jason & Travis Kelce,Wondery ,185.0
"ALXO announces new HR-MDS data that disappoints! I talk about the comparison to Magrolimab data and why I think ALXO is still a buy.  LGVN pushes data updates but is still a risk for a short squeeze! I talk about some of the stock statistics and fundaments to determine whether I'm going to place that short trade.  The neurodegeneration space had an exciting 2021 and I provide an update on all the companies I covered earlier in the year. 2022 might prove to be more exciting with some big Alzheimer's Disease readouts expected.  The Breaking Biotech portfolio hit -17% YTD and I cover my best and worst trades to see what kinds of lessons I'll take into 2022.  Help out the show (or join the discord) by becoming a patron at: https://www.patreon.com/breakingbiotech  Follow me on twitter @matthewlepoire  Send me an email matthewlepoire@gmail.com www.breakingbiotech.com #breakingbiotech  Disclaimer: All opinions expressed by Matt (or his guests) in this podcast are solely his (their) opinions. You should not treat any opinion expressed by Matt in this podcast as a specific inducement to make a particular investment or follow a particular strategy, but only as an expression of his opinion. Matt's opinions are based upon information he considers reliable, but Matt cannot warrant its completeness or accuracy, and it should not be relied upon as such. Matt is not under any obligation to update or correct any information provided in this podcast. Past performance is not indicative of future results. Matt does not guarantee any specific outcome or profit. You should be aware of the real risk of loss in following any strategy or investment discussed in this podcast. #biotech",2489136,False,2yDcRDtpVEjMQ23H8mmilh,en-US,105 - Neurodegenerative Disease Recap! ALXO and LGVN updates plus Breaking Breaking 2021 Top Trades,2022-01-03,"Matt breaks down relevant biotech stocks, analyzing their data and determining if they are a good investment.",082WZEIvZR2bavsPJ7xy8K,Breaking Biotech,Matthew Lepoire,10.0
"CymaBay Therapeutics is developing Seladelpar for the treatment of Primary Biliary Cholangitis (PBC). PBC currently affects around 130K patients in the USA and current available treatments do not address patient needs sufficiently. Seladelpar is an oral, selective PPARδ agonist that has been shown to regulate critical metabolic and liver disease pathways. CymaBay is currently enrolling for a registrational Phase 3 program in PBC with topline data expected in 2023. Data from prior trials show that Seladelpar significantly improves ALP as well as ALT/AST. On top of that, patients taking Seladelpar have reductions in pruritus and improvements in other important biomarkers - something that current available treatments to not provide.  In this episode, I interview Sujal Shah, CEO or CymaBay Therapeutics, to talk about the company.  Thank you to InfoPathways for being a sponsor of the show! Check them out for all your biotech IT needs at infopathways.com or call 410-751-9929.  Help out the show (or join the discord) by becoming a patron at: https://www.patreon.com/breakingbiotech Follow me on twitter @matthewlepoire Send me an email matthewlepoire@gmail.com www.breakingbiotech.com #breakingbiotech  Disclaimer: All opinions expressed by Matt (or his guests) in this podcast are solely his (their) opinions. You should not treat any opinion expressed by Matt in this podcast as a specific inducement to make a particular investment or follow a particular strategy, but only as an expression of his opinion. Matt's opinions are based upon information he considers reliable, but Matt (nor his guests) cannot warrant its completeness or accuracy, and it should not be relied upon as such. Matt (nor his guests) is/are not under any obligation to update or correct any information provided in this podcast. Past performance is not indicative of future results. Matt (nor his guests) does/do not guarantee any specific outcome or profit. You should be aware of the real risk of loss in following any strategy or investment discussed in this podcast. #biotech",2109360,False,3RDjlmqWybalFwiWi9UZBO,en-US,107 - CymaBay Sets to Massively Improve Outcomes in PBC Patients | Interview with CEO Sujal Shah,2022-01-29,"Matt breaks down relevant biotech stocks, analyzing their data and determining if they are a good investment.",082WZEIvZR2bavsPJ7xy8K,Breaking Biotech,Matthew Lepoire,10.0
"The NASH space has seen some setbacks in the last couple years, but a few players continue to make nice progress on their clinical trials. Madrigal Pharma announced positive topline data in their MAESTRO-NAFLD trial, which is an encouraging sign for their upcoming readout in NASH in Q3-2022. I discuss other players in the space including: ETNB, AKRO, VKTX, ICPT, IVA and NVO.  Checkpoint Therapeutics announces positive topline data from their trial of Cosibelimab in metastatic cutaneous squamous cell carcinoma. I talk to about what we can look forward to in 2022 for this company as well.  Thanks to InfoPathways for being a sponsor of the show! Check them out for all your biotech IT needs at infopathways.com or call 410-751-9929. Help out the show (or join the discord) by becoming a patron at: https://www.patreon.com/breakingbiotech  Follow me on twitter @matthewlepoire  Send me an email matthewlepoire@gmail.com  www.breakingbiotech.com #breakingbiotech  Disclaimer: All opinions expressed by Matt (or his guests) in this podcast are solely his (their) opinions. You should not treat any opinion expressed by Matt in this podcast as a specific inducement to make a particular investment or follow a particular strategy, but only as an expression of his opinion. Matt's opinions are based upon information he considers reliable, but Matt (nor his guests) cannot warrant its completeness or accuracy, and it should not be relied upon as such. Matt (nor his guests) is/are not under any obligation to update or correct any information provided in this podcast. Past performance is not indicative of future results. Matt (nor his guests) does/do not guarantee any specific outcome or profit. You should be aware of the real risk of loss in following any strategy or investment discussed in this podcast. #biotech",2248296,False,2CHhb2bJQmmdrnZZeddAau,en-US,108 - NASH Companies to Watch in 2022! Madrigal Pharma Announces Positive Data in NAFLD,2022-02-07,"Matt breaks down relevant biotech stocks, analyzing their data and determining if they are a good investment.",082WZEIvZR2bavsPJ7xy8K,Breaking Biotech,Matthew Lepoire,10.0
"Curis is an oncology company trying to develop an inhibitor of IRAK-4. They have shown positive results in AML/MDS in spliceosome/FLT3 mutation patients as well as their non-target group. This will hopefully allow them to get accelerated approval with the FDA but they still have some hurdles to overcome.  Longeveron is a cell therapy company looking to develop their Medicinal Signaling Cell therapy, Lomacel-B, in aging patients. They are focusing on Alzheimer's Disease, Aging Frailty as well as Hypoplastic Left Heart Syndrome, but there's something off that makes me question the therapy's potential.  Help out the show (or join the discord) by becoming a patron at: https://www.patreon.com/breakingbiotech  Follow me on twitter @matthewlepoire  Send me an email matthewlepoire@gmail.com www.breakingbiotech.com #breakingbiotech  Disclaimer: All opinions expressed by Matt (or his guests) in this podcast are solely his (their) opinions. You should not treat any opinion expressed by Matt in this podcast as a specific inducement to make a particular investment or follow a particular strategy, but only as an expression of his opinion. Matt's opinions are based upon information he considers reliable, but Matt cannot warrant its completeness or accuracy, and it should not be relied upon as such. Matt is not under any obligation to update or correct any information provided in this podcast. Past performance is not indicative of future results. Matt does not guarantee any specific outcome or profit. You should be aware of the real risk of loss in following any strategy or investment discussed in this podcast. #biotech",2897688,False,3gaoy2unji8zUvhdF9trki,en-US,104 - Biotech Bear Market Offers SIGNIFICANT Opportunity in Oncology - CRIS! Longeveron Rises on ODD,2021-12-12,"Matt breaks down relevant biotech stocks, analyzing their data and determining if they are a good investment.",082WZEIvZR2bavsPJ7xy8K,Breaking Biotech,Matthew Lepoire,10.0
"CRISPR is an exciting space, with a number of companies finally sharing early clinical data in 2021. NTLA benefitted the most from this by doubling in valuation after data release, while the other CRISPR companies continue to trend lower in the XBI bear market. Caribou Biosciences is one of the smaller EV CRISPR companies with their first clinical readout coming up in 2022. In this episode, I go through a short primer on all the CRISPR companies and discuss why I think Caribou will have a great year.  2022 is on track for another exciting year in biotech - despite the early sell off in the XBI. In this episode, I cover the trends to watch including a number of targets in oncology. As well, Curis reported a data update in their two programs: CA-4948 and CI-8993. The stock sold off by 25% but I explain why I plan on continuing to hold the stock.  Thank you to InfoPathways for being a sponsor on the show! Check them out for all your biotech IT needs at infopathways.com or call 410-751-9929.  Help out the show (or join the discord) by becoming a patron at: https://www.patreon.com/breakingbiotech Follow me on twitter @matthewlepoire Send me an email matthewlepoire@gmail.com www.breakingbiotech.com #breakingbiotech  Disclaimer: All opinions expressed by Matt (or his guests) in this podcast are solely his (their) opinions. You should not treat any opinion expressed by Matt in this podcast as a specific inducement to make a particular investment or follow a particular strategy, but only as an expression of his opinion. Matt's opinions are based upon information he considers reliable, but Matt cannot warrant its completeness or accuracy, and it should not be relied upon as such. Matt is not under any obligation to update or correct any information provided in this podcast. Past performance is not indicative of future results. Matt does not guarantee any specific outcome or profit. You should be aware of the real risk of loss in following any strategy or investment discussed in this podcast. #biotech",2573423,False,3GOstGVZCm4kkS3unYiOio,en-US,106 - Bright Spot Among CRISPR in Caribou Biosci. 2022 Biotech Trends to Watch!,2022-01-09,"Matt breaks down relevant biotech stocks, analyzing their data and determining if they are a good investment.",082WZEIvZR2bavsPJ7xy8K,Breaking Biotech,Matthew Lepoire,10.0
"Ben Shapiro is editor-in-chief of the Daily Wire, syndicated columnist, and host of “The Ben Shapiro Show”, available on Spotify. His new book ""How to Destroy America in Three Easy Steps"" is available now everywhere. Learn more about your ad choices. Visit podcastchoices.com/adchoices",6210388,True,1sDA4R55FhTRgOPPMnP304,en,#1512 - Ben Shapiro,2020-07-22,The official podcast of comedian Joe Rogan.,4rOoJ6Egrf8K2IrywzwOMk,The Joe Rogan Experience,Joe Rogan,2635.0
"Yoga for Runners is a great practice to counteract repetitive movements.  Find increased flexibility and shortened recovery time.  Have fun and don't take yourself too seriously.  :). It's just yoga.   This exact class is on Youtube if you want to see the poses along with the cues. https://m.youtube.com/channel/UCgR92hb2MwERsOIKK8Wr_kg/videos?disable_polymer=1 Instagram: @amytenneyyoga Love the podcast? Please share with your friends, tag me on your instagram stories and leave me a review on iTunes!",1890707,False,1IN5h5H7JphIaZoYIiPNsy,en,12 Yoga for Runners,2020-03-19,"Audio classes for Yoga, Meditation and Breath work.  These classes vary in length, style and intensity, so you can take class at your time and your pace, where ever you may find yourself.   I'll guide you through yoga classes with verbal cues and alignment tips.  Various guided meditation and breath work techniques available.   Find me on instagram and YouTube at Amy Tenney Yoga. email: amytenneyyoga@gmail.com",70OzazTst3fuFdrDLFzWsF,Amy Tenney Yoga + Meditation,"Amy Tenney, yoga and meditation instructor, podcaster",46.0
"A guided yoga session with former Miss Washington USA, Michelle Font. She can be found on instagram under @michellemariefont. www.wgtr.us",1213381,False,3NRS6yO4AXwTwAVqYrITP6,en,Yoga for Runners with Michelle Font,2021-02-24,"Are you a runner looking for a new source of inspiration and motivation? Our weekly podcast brings experts in the running community straight to you, covering everything from training and nutrition to race recaps and reviews, and even mental training. We're more than just a podcast - we're a community. Our Facebook group, SpeedStriders, is a place for runners to connect, share their stories, and support each other on their running journeys. Our goal is to motivate and inspire runners of all levels, and to build a strong and supportive community of like-minded individuals. Join us!",5R3AKsJDmHFLQyMvhZRlU9,Marathon Running Podcast by Marathon Journal,"Marathon Journal (Letty Lundquist, Ryan Lundquist)",318.0
"Your hosts promised a season of professionals...well they lied. Cole Hocker is the only athlete in NCAA History to double back and win the mile and 3k, he broke the NCAA Indoor Mile Record and is now #2 all time in that event (3:50.55). He ran 3:56, 3:53 (meet record) and 7:46 in the span of 24 hours. Sounds pretty professional to us!  Goldie Hocks touches on a variety of topics including his championship mindset, their grueling Ben Thomas Warm up and his future plans in the NCAA and beyond. Not only that but he survives the BanterBowl with your hosts and even comes out ahead of Josh Kerrs Game Segment. This is an episode that continues the streak of excellence for the Sit and Kick Podcast. Not because your hosts are funny, attractive and have perfect podcast voices but because the guest once again delivers a memorable episode.   Be on the look out for some HUGE Announcements with the Sit and Kick Podcast! Don't forget to leave a 6-Star review wherever you listen! <3 J&D",3105959,False,1bfBmZM1D1FrYOIVGh3bJn,en,"Episode 4: Cole Hocker ""Goldie Hocks & Ben Thomas's Grueling Warm-up""",2021-03-20,"Sit & Kick Podcast is a podcast hosted by two professional track and field athletes. Their purpose is to ""Do Track Differently"" by entertaining their audience with endless banter, advice and insight.  Your Hosts: Josh Kerr is the Scottish Record Holder over 1500m and the European record holder over the mile(i). Tokyo Olympic Bronze Medalist, 2023 World Champion, 3x NCAA Champion over the mile & 1500m, and currently Dave's biggest fan! David Ribich is 3x 1500m USA Finalist, DII record holder over 1000m, member of the 4xmile WR team, author of ""Small School Big Dreams"" & Josh's biggest fan",2vFsJ79lbgIFqrCvo2l8uu,Sit & Kick,SitandKick,56.0
"""Do Track Differently"" has been and will forever be the motto for your hosts. From roundtable talks with rising stars to paying their guest, your hosts are doing it differently. This is the first athlete paid appearance made from your hosts and they decided to have a little fun, maybe too much fun as it costed them nearly four figures. Thats alright, its all part of the banter! Cole Hocker, Cooper Teare and Charlie Hunter are household names for University of Oregon fans and need to be household names for any track fan alike. On the rise, these three former ducks have recently signed their professional contracts with Nike and look to make a return back to Hayward Field for the 2022 World Championships.  If you combine all the accolades that these three accumulated, in the 2021 collegiate and olympic season; you would max out the character limit of Word.  Cole Hocker 1500m PR: 3:31.40 Charlie Hunter 800m PR: 1:44.21 Cooper Teare 5000m PR: 13:12.27",4306703,True,08mW4ETOdFpi7XIMPcere7,en,"Cole Hocker, Charlie Hunter and Cooper Teare Cash Out!",2022-01-08,"Sit & Kick Podcast is a podcast hosted by two professional track and field athletes. Their purpose is to ""Do Track Differently"" by entertaining their audience with endless banter, advice and insight.  Your Hosts: Josh Kerr is the Scottish Record Holder over 1500m and the European record holder over the mile(i). Tokyo Olympic Bronze Medalist, 2023 World Champion, 3x NCAA Champion over the mile & 1500m, and currently Dave's biggest fan! David Ribich is 3x 1500m USA Finalist, DII record holder over 1000m, member of the 4xmile WR team, author of ""Small School Big Dreams"" & Josh's biggest fan",2vFsJ79lbgIFqrCvo2l8uu,Sit & Kick,SitandKick,56.0
"Bryce Hoppel, an Olympic Hopeful, is fresh off his 1:44 indoor 800m performance, placing him #2 all time for Americans. With breakthroughs announcers ask, ""What are you going to do next?"" Some athletes say Disneyland, some athletes say buy a house. What does Bryce Hoppel say? ""I'm going to the Sit and Kick Podcast!""  Your boys are back for the first guest episode of season 4. Bryce brought the Banter, Josh brought the challenging jabs and David brought the snacks. This episode has a wide variety of moods from roasts on your hosts to Dave deep diving into what the natural transition of confidence can be. The highs and the lows. Josh invents a new game on the podcast where the guest must give the first word that comes to mind for a pro running group, the word MUST be non athletic related. Although this game wasn't in the #BanterBowl, it was surely banter. One response Bryce gave was ""Thats a pro team?"" find out who that team!  Dont forget to follow us over social media, don't forget to rate us. We would literally just be talking to ourselves without you.   <3 J&D",4092709,False,3pYji7MBZEpudSEimBF5Wc,en,"Episode 2: Bryce Hoppel ""There are other pro teams? Still runs 1:44.""",2021-02-05,"Sit & Kick Podcast is a podcast hosted by two professional track and field athletes. Their purpose is to ""Do Track Differently"" by entertaining their audience with endless banter, advice and insight.  Your Hosts: Josh Kerr is the Scottish Record Holder over 1500m and the European record holder over the mile(i). Tokyo Olympic Bronze Medalist, 2023 World Champion, 3x NCAA Champion over the mile & 1500m, and currently Dave's biggest fan! David Ribich is 3x 1500m USA Finalist, DII record holder over 1000m, member of the 4xmile WR team, author of ""Small School Big Dreams"" & Josh's biggest fan",2vFsJ79lbgIFqrCvo2l8uu,Sit & Kick,SitandKick,56.0
"The shapeshifter of elite endurance sports, today’s guest is by far one of the world’s most remarkable all-around athletes. Meet Cam Wurf, an Aussie who has distinguished himself at the highest, most elite level, in three distinct sports. First in rowing where he represented Australia in the 2004 Athens Olympics. He then turned to professional cycling as a super domestique for Team Sky and now INEOS, where he played a crucial role in supporting guys like Chris Froome and Geraint Thomas, serving as a secret weapon to their Tour de France victories. Cam has simultaneously distinguished himself at the highest level of Ironman triathlon, collecting wins at IM Wales and IM Australia, and is most well known for setting and holding (until this past year) the bike course record at the IMWC in Kona. He can train and race with the best professional cyclists in the world, set bike course records at the world’s most prestigious Ironmans, and even run a 2:45 marathon after a 2.4 mile swim and 112-mile bike. He doesn’t seem to ever get tired. He absolutely loves training. And he’s always smiling. So who is this guy? Like you, I have so many questions. And today Cam is here to answer them with an infectious enthusiasm I wish I could bottle. Enjoy!  Show notes + MORE Watch on Youtube Newsletter Sign-Up  Today’s Sponsors: Seed: seed.com/richroll Momentous: LiveMomentous.com/richroll Squarespace: Squarespace.com/RichRoll  ROKA:  http://www.roka.com Plant Power Meal Planner: https://meals.richroll.com",9132068,False,4AF3BlqO6CqCoKWVZjsWoE,en,Elite Endurance Athlete Cam Wurf On Sustainable Training Strategies And How To Unlock Your Athletic Potential,2023-07-03,"A master-class in personal and professional development, ultra-athlete, wellness evangelist and bestselling author Rich Roll delves deep with the world's brightest and most thought provoking thought leaders to educate, inspire and empower you to unleash your best, most authentic self. More at: https://richroll.com",2TGszFKJEbQuEXrWduK63l,The Rich Roll Podcast,Rich Roll,970.0
"“You have to go to war with yourself before you can find peace” David Goggins  I can think of no better guest to usher in 2019 than the mighty one himself. Incontrovertibly the most inspirational person I have ever met, today David Goggins returns for his second turn on the podcast — a conversation that will catapult you into the new year with the tools and hard truth you need to chase huge dreams, shatter personal limits and transform your life wholesale. Often referred to as the hardest man alive, David is the only member of the US Armed Forces to complete SEAL training (including three Hell Weeks), the U.S. Army Ranger School (where he graduated as Enlisted Honor Man) and Air Force Tactical Air Controller Training. But David is perhaps best known for his superhuman feats of strength and ultra-endurance. After several of his friends died in a 2005 helicopter crash while deployed in Afghanistan, David honored their memory by tackling the most difficult endurance challenges on Earth to raise funds and awareness for the Special Operations Warrior Foundation, which provides college scholarships and grants to the children of fallen special ops soldiers. Hence began a most unexpected yet remarkably storied athletic career as one of the world's most accomplished endurance athletes. Highlights include:  * 2005: ran 100 miles in under 24 hours on no training; * 2013: world record for most pullups in a 24 hour period (4,030); * 2007: 3rd place — Badwater 135 – a 135 mile ultramarathon across Death Valley widely considered to be the world’s most difficult foot race; * 2006: 2nd place — Ultraman World Championships, a double-ironman distance race widely considered to be the world's most difficult triathlon; * 2007: 1st place — 48-Hour National Championship endurance foot race, where he ran 203.5 miles, beating the previous record by 20 miles; and * 2007 – 2016 — additional top finishes at dozens of the world's most grueling endurance races, including The HURT 100, Leadville 100, Western States & more.  But David’s greatest accomplishment isn't athletic. It's self-mastery. From day one, David has faced a concatenation of seemingly insurmountable obstacles – poverty, psychological and physical abuse, obesity, learning disabilities, asthma, sickle cell anemia, and even a congenital heart defect that often left him competing — and winning — on a mere fraction of his actual physical capabilities. It's a scenario that would have buried the best of us. And yet, against all odds, David conquered them all, and ultimately found a way out. It's the story of a man who transformed pain into obsession and, phoenix-like, rose from a state of utter desperation to take complete ownership of his life and total command of his mind to manifest a most extraordinary life. David's implausible journey is laid bare in his recently released memoir, Can't Hurt Me* — one of the most honest, powerful and impactful stories of hardship, redemption and personal perseverance I have ever read. Certain books instruct. Others inspire. But it's the rare read that holds the potential to reframe your sense of personal capability and completely change your life. This book does just that — a statement I don't make lightly. I highly suggest it. Enjoy, Rich",8678270,False,6PGo6xOMUxDqTJkNELJt9a,en,You Can’t Hurt David Goggins: Going Beyond Motivation & Why Mindset Is Everything,2019-01-01,"A master-class in personal and professional development, ultra-athlete, wellness evangelist and bestselling author Rich Roll delves deep with the world's brightest and most thought provoking thought leaders to educate, inspire and empower you to unleash your best, most authentic self. More at: https://richroll.com",2TGszFKJEbQuEXrWduK63l,The Rich Roll Podcast,Rich Roll,970.0
"When you think of batteries, you might picture charging a phone or laptop. But it’s the energy industry that has transformed the battery market over the past decade. Today, over 90% of battery demand comes from the energy sector, driven by record-breaking electric car sales and the rapid growth of battery storage to support power grids around the world.In this episode, we hear from Teo Lombardo, an IEA analyst specialising in batteries, and Araceli Fernandez Pales, the head of the IEA’s Technology Innovation Unit. They explain how batteries work and their role in modern energy systems, as well as why prices have fallen dramatically in recent years and what innovations could drive further growth.",1569671,False,6MrT9X0JhFqVHDHv8rJyKd,en,The fastest growing energy technology on the market,2025-07-17,"Everything Energy is a podcast by the International Energy Agency (IEA). Through expert interviews, it delves into today’s biggest global energy topics – providing valuable insights on important trends based on the latest data and analysis.",0vO151tF787AJKATkt4LCJ,Everything Energy,International Energy Agency (IEA),33.0
"Products made from petrochemicals are all around us – in our clothes, electronics, packaging, medical equipment, tires and so much more. But what are petrochemicals? And why are they so important for the future of global oil markets? In this episode, we speak with IEA Oil Market Analysts David Martin and Ciarán Healy. They explain how petrochemicals are produced, why demand for them is rising quickly and what this could mean for the oil sector, from the impact on refineries to the potential implications for emissions.",1100173,False,1d9ZOK7Ku35a3LJtesE380,en,How petrochemicals are reshaping oil markets,2025-10-02,"Everything Energy is a podcast by the International Energy Agency (IEA). Through expert interviews, it delves into today’s biggest global energy topics – providing valuable insights on important trends based on the latest data and analysis.",0vO151tF787AJKATkt4LCJ,Everything Energy,International Energy Agency (IEA),33.0
"As incomes and temperatures rise around the world, demand for cooling is soaring. And while expanding access to air conditioning stands to improve quality of life for millions of people, it is also putting new strain on electricity systems during hot periods.In this episode, we hear from Brian Motherway, who leads the IEA’s work on energy efficiency. He walks through the latest global data on air conditioning demand, the consequences for energy affordability and reliability, and what governments can do to help.",1096463,False,6blqnxU8I8vE5cn8o20RX9,en,Staying cool without overheating the energy system,2025-08-07,"Everything Energy is a podcast by the International Energy Agency (IEA). Through expert interviews, it delves into today’s biggest global energy topics – providing valuable insights on important trends based on the latest data and analysis.",0vO151tF787AJKATkt4LCJ,Everything Energy,International Energy Agency (IEA),33.0
"Oil markets have faced significant turbulence this year. Heightened geopolitical risks, trade tensions and policy shifts have all affected the outlook. At the same time, the major drivers of supply and demand over the past 15 years are losing momentum, signalling that a deeper transformation of markets is underway. In this episode, Toril Bosoni, Head of the IEA’s Oil Industry and Markets Division, unpacks the latest developments, speaking about the forces shaping oil markets today, how resilient they could be to tensions in the Middle East and elsewhere, and what the oil market might look like in the years ahead.",998948,False,1I1cFBDJXUZNpT7ZcUf5pQ,en,The forces shaping oil markets,2025-07-03,"Everything Energy is a podcast by the International Energy Agency (IEA). Through expert interviews, it delves into today’s biggest global energy topics – providing valuable insights on important trends based on the latest data and analysis.",0vO151tF787AJKATkt4LCJ,Everything Energy,International Energy Agency (IEA),33.0
"For the past 10 years, the IEA’s World Energy Investment report has been the definitive guide to where money is going in the global energy sector. It breaks down the latest data for all the key fuels, technologies and industries. In a context of heightened geopolitical and economic uncertainty, global energy investment is set to reach a record $3.3 trillion in 2025. In this episode, we’re joined by Cecilia Tam, Head of the IEA’s Energy Investment Unit. She unpacks the report’s key themes – from how energy security concerns are driving investment decisions, to China’s position as the single biggest investor in energy, and why so much money is going into electricity.",1346429,False,0Tg1A53cejHwu5DYv6Cg6e,en,Where the money is going in energy,2025-06-19,"Everything Energy is a podcast by the International Energy Agency (IEA). Through expert interviews, it delves into today’s biggest global energy topics – providing valuable insights on important trends based on the latest data and analysis.",0vO151tF787AJKATkt4LCJ,Everything Energy,International Energy Agency (IEA),33.0
"“I went into NCAAs thinking, ‘I need to perform for my team.’ In those times that you’re doubting yourself, that’s partly why our team is so special. I see how hard my teammates work and I think, ‘OK. I owe them my best performance.’ Even if I don’t think I can pull it out for myself, I can pull it out for them.” You can make the case that Anna Hall is the best athlete on the University of Florida campus, which is wild considering all their sports teams. She won the heptathlon and finished second in the 400-meter hurdles at the NCAA Championships. It was one of the most impressive performances. That’s seven events and two rounds of the 400m hurdles all out. I’m tired just thinking about it. She is also the U.S. champion from the USATF Combined Events Championships in May and has qualified for Team USA for the upcoming World Championships. She’s been a multis star since high school. We go back to those days, why she gravitates towards challenging things, how she overcame disappointment from getting injured at last year’s Olympic Trials and how she views her potential across so many different events. SUPPORT THE SPONSORS GARMIN: Music. Training. Data. The Garmin Forerunner 245 Music is my favorite running partner. You do the running. This GPS running smartwatch does the thinking. It even gets to know you and your body better, mile after mile and song after song. Get one for yourself here >> https://bit.ly/3Pcu0qo ADIDAS: The Adizero Adios Pro 3 is here! Adidas' latest edition of their super shoe was built for runners looking to take their performance to the next level and run after new records. Worn by Olympic champion + New York City Marathon and Boston Marathon champion Peres Jepchirchir, it's got a proven track record. The Adios Pro 3 features the new EnergyRod 2.0 system, Lightstrike Pro foam, a brand new upper and continental rubber outsole – all while being made of recyclable materials. Mark your calendars. The shoe will be available for sale on Adidas.com on June 23. HYDROW: Hydrow is a state-of-the-art rowing experience. Hydrow works 86% of major muscle groups, compared with only 44% from cycling. That’s twice the benefit in half the time! It’s a perfect low-impact workout to add to your training cycle for both endurance and resistance training. Use code CITIUS100 for $100 off of the rower (stackable with any current offerings) >> https://hydrow.com/ OREGON22: We are less than 60 days until the World Athletics Championships in Eugene, Oregon (7/15-24). The outdoor track season is underway and the journey to Hayward has begun. Don’t miss out. Buy your tickets today to see the world’s best athletes in action at the first-ever world outdoor championships being held on U.S. soil. You can get your tickets by visiting WorldChampsOregon22.com/Tickets",3448032,False,4nlOpBTuh8tg3P4aiGUskh,en-US,"Florida's NCAA Heptathlon Champion Anna Hall Explains How She Got So Good Across All Track And Field Events, Goals for Worlds",2022-06-20,"Track and field's biggest names on the track, in the coaching ranks and within the industry sit down and open up in-depth to share brilliant insights and vivid snapshots from their professional/personal accomplishments and experiences in the sport.   Hosted by CITIUS MAG founder Chris Chavez.  The show was named one of ""The Best Running Podcasts"" by Runner's World.  ▶ Visit https://CITIUSMAG.com ▶ Twitter: https://twitter.com/CitiusMag ▶ Instagram: https://instagram.com/citiusmag ▶ YouTube: https://www.youtube.com/c/CitiusMag ▶ Patreon: https://patreon.com/citiusmag",70eINNmXl67VqorbTsMOaH,The CITIUS MAG Podcast | A Running + Track and Field Show,CITIUS MAG,974.0
"""After coming off of cross country and finishing second the year before, we were all really amped about having a team that could really win if we got it right. Obviously, it didn’t turn out that way, especially for me. I had a terrible race at Nationals. It was still about going out there and going for that. Giving everything I had to my team is super important to me. That’s what I also like about On. They’re as team-oriented as a pro group can be. I really appreciated that and that will definitely help me in this next stage to have that team vibe but still be bought into something."" Yared Nuguse just wrapped up his career at the University of Notre Dame, where he was an All-American and two-time NCAA champion with the 1500m outdoors and indoor DMR in 2019. He also held the NCAA record in the 1500m with a 3:34.68, which stood until it was broken this spring. He qualified for the Tokyo Olympics in the 1500m after finishing third at the Olympic Trials. Unfortunately, he had to withdraw from the Games in Tokyo due to a quad injury that he sustained while in Japan. So what’s next? He’s here with the news that he has signed with On Running and joining the On Athletics Club to work under coach Dathan Ritzenhein. Hear more about the move, what went wrong this past year but why things have turned and are now going right heading into the U.S. Championships, where he will be contesting the 1500 meters. SUPPORT THE SPONSORS GARMIN: Music. Training. Data. The Garmin Forerunner 245 Music is my favorite running partner. You do the running. This GPS running smartwatch does the thinking. It even gets to know you and your body better, mile after mile and song after song. Get one for yourself here >> https://bit.ly/3Pcu0qo ADIDAS: The Adizero Adios Pro 3 is here! Adidas' latest edition of their super shoe was built for runners looking to take their performance to the next level and run after new records. Worn by Olympic champion + New York City Marathon and Boston Marathon champion Peres Jepchirchir, it's got a proven track record. The Adios Pro 3 features the new EnergyRod 2.0 system, Lightstrike Pro foam, a brand new upper and continental rubber outsole – all while being made of recyclable materials. Mark your calendars. The shoe will be available for sale on Adidas.com on June 23. HYDROW: Hydrow is a state-of-the-art rowing experience. Hydrow works 86% of major muscle groups, compared with only 44% from cycling. That’s twice the benefit in half the time! It’s a perfect low-impact workout to add to your training cycle for both endurance and resistance training. Use code CITIUS100 for $100 off of the rower (stackable with any current offerings) >> https://hydrow.com/ OREGON22: We are less than 60 days until the World Athletics Championships in Eugene, Oregon (7/15-24). The outdoor track season is underway and the journey to Hayward has begun. Don’t miss out. Buy your tickets today to see the world’s best athletes in action at the first-ever world outdoor championships being held on U.S. soil. You can get your tickets by visiting WorldChampsOregon22.com/Tickets",3640058,False,3H2DK9lmfl0DJOCTUwG3Xi,en-US,"Yared Nuguse Announces He's Joining The On Athletics Club, Recaps His Notre Dame Experience + Getting Over Olympic Disappointment",2022-06-22,"Track and field's biggest names on the track, in the coaching ranks and within the industry sit down and open up in-depth to share brilliant insights and vivid snapshots from their professional/personal accomplishments and experiences in the sport.   Hosted by CITIUS MAG founder Chris Chavez.  The show was named one of ""The Best Running Podcasts"" by Runner's World.  ▶ Visit https://CITIUSMAG.com ▶ Twitter: https://twitter.com/CitiusMag ▶ Instagram: https://instagram.com/citiusmag ▶ YouTube: https://www.youtube.com/c/CitiusMag ▶ Patreon: https://patreon.com/citiusmag",70eINNmXl67VqorbTsMOaH,The CITIUS MAG Podcast | A Running + Track and Field Show,CITIUS MAG,974.0
"Grant Holloway is the reigning world champion, Olympic silver medalist and second-fastest man in history for the 110m hurdles. He is a professional hurdler for adidas running and we recorded this from the adidas hospitality suite in Eugene, Oregon last weekend at the USATF Outdoor Championships. He’s one of the most fun personalities in the sport and I’m sure you’ll have some laughs in this episode because it’s hosted by Jasmine Todd and Katelyn Hutchison.  They host the Out of The Blocks podcast within the CITIUS MAG Podcast network. They were two breakout stars this weekend in the mixed zone. They are both part of the Magic Boost Program aimed at improving the diversity within the people covering the sport and it was so amazing to see athletes open up to them and express themselves in different ways from some of the more traditional media. They bring out some of the best in athletes in ways others can’t.  You can watch the full episode on the CITIUS MAG YouTube channel but also catch the conversation in podcast form on Spotify and Apple Podcasts by searching 'Out of The Blocks with Jasmine Todd and Katelyn Hutchison'. WATCH THE INTERVIEW HERE: https://youtu.be/Ie-fXe5Sh_o SUBSCRIBE AND FOLLOW 'OUT OF THE BLOCKS' https://apple.co/3yj1UmD | https://spoti.fi/3u4kigL SUPPORT THE SPONSORS GARMIN: Music. Training. Data. The Garmin Forerunner 245 Music is my favorite running partner. You do the running. This GPS running smartwatch does the thinking. It even gets to know you and your body better, mile after mile and song after song. Get one for yourself here >> https://bit.ly/3Pcu0qo ADIDAS: The Adizero Adios Pro 3 is here! Adidas' latest edition of their super shoe was built for runners looking to take their performance to the next level and run after new records. Worn by Olympic champion + New York City Marathon and Boston Marathon champion Peres Jepchirchir, it's got a proven track record. The Adios Pro 3 features the new EnergyRod 2.0 system, Lightstrike Pro foam, a brand new upper and continental rubber outsole – all while being made of recyclable materials. Mark your calendars. The shoe will be available for sale on Adidas.com on June 23. HYDROW: Hydrow is a state-of-the-art rowing experience. Hydrow works 86% of major muscle groups, compared with only 44% from cycling. That’s twice the benefit in half the time! It’s a perfect low-impact workout to add to your training cycle for both endurance and resistance training. Use code CITIUS100 for $100 off of the rower (stackable with any current offerings) >> https://hydrow.com/",2336182,False,2jhHoz7QWJoawDNio5pMub,en-US,"World Champion, Olympic Silver Medalist Grant Holloway On The Work He's Put In To Become Great, Chasing World Records | Out of The Blocks with Jasmine Todd & Katelyn Hutchison",2022-06-29,"Track and field's biggest names on the track, in the coaching ranks and within the industry sit down and open up in-depth to share brilliant insights and vivid snapshots from their professional/personal accomplishments and experiences in the sport.   Hosted by CITIUS MAG founder Chris Chavez.  The show was named one of ""The Best Running Podcasts"" by Runner's World.  ▶ Visit https://CITIUSMAG.com ▶ Twitter: https://twitter.com/CitiusMag ▶ Instagram: https://instagram.com/citiusmag ▶ YouTube: https://www.youtube.com/c/CitiusMag ▶ Patreon: https://patreon.com/citiusmag",70eINNmXl67VqorbTsMOaH,The CITIUS MAG Podcast | A Running + Track and Field Show,CITIUS MAG,974.0
"""I never want the one-liners or personality to outweigh the analysis. That's kind of the focus I took in football. You want to tell the players' story and tell it the right way. I kind of just took that same thing over to track and told the athlete's story the right way. Talk about their accomplishments. Talk about what they're working on. The trick is – and I'm not giving away any secrets because you know this because that's what you're supposed to do in the broadcast – to get in and get out. Be able to tell the story quickly in 10-15 seconds...You can tell stories in football that can track the whole game. In track and field, you can't do that. As soon as the 100 is done, you have the hurdles. As soon as the hurdles are done, you've got the 400, then the 800. You have to work on your timing and how to tell those stories in the right way while also engaging the viewer."" Robert Griffin III (RG3) is a former 400m hurdler from Baylor, former Big 12 conference champion, the third-place finisher and All-American at the 2008 NCAA Championships, U.S. Olympic Trials semifinalist but most people know of him for his football accomplishments including being a Heisman Trophy winner and Pro Bowl NFL quarterback. Well, he returned to track and field this weekend as an analyst with ESPN’s broadcast of the NCAA Track and Field Championships and he crushed it. I had to get him on to talk about his experience getting behind the mic and hyping up what he believes to be the best athletes in the world.  SUPPORT THE SPONSORS GARMIN: Music. Training. Data. The Garmin Forerunner 245 Music is my favorite running partner. You do the running. This GPS running smartwatch does the thinking. It even gets to know you and your body better, mile after mile and song after song. Get one for yourself here >> https://bit.ly/3Pcu0qo ADIDAS: The Adizero Adios Pro 3 is here! Adidas' latest edition of their super shoe built for runners looking to take their performance to the next level and run after new records. Worn by Olympic champion + New York City Marathom and Boston Marathon champion Peres Jepchirchir, it's got a proven track record. The Adios Pro 3 features the new EnergyRod 2.0 system, Lightstrike Pro foam, a brand new upper and continental rubber outsole – all while being made of recyclable materials. Mark your calendars. The shoe will be available for sale on Adidas.com on June 23. HYDROW: Hydrow is a state-of-the-art rowing experience. Hydrow works 86% of major muscle groups, compared with only 44% from cycling. That’s twice the benefit in half the time! It’s a perfect low-impact workout to add to your training cycle for both endurance and resistance training. Use code CITIUS100 for $100 off of the rower (stackable with any current offerings) >> https://hydrow.com/ OREGON22: We are less than 60 days until the World Athletics Championships in Eugene, Oregon (7/15-24). The outdoor track season is underway and the journey to Hayward has begun. Don’t miss out. Buy your tickets today to see the world’s best athletes in action at the first-ever world outdoor championships being held on U.S. soil. You can get your tickets by visiting WorldChampsOregon22.com/Tickets ",3120822,False,6Jag4bPJJkkg9b2kJAYGYg,en-US,"Robert Griffin III (RG3) Returns To Track and Field, Recapping His Experience Calling The NCAA Track & Field Championships For ESPN",2022-06-15,"Track and field's biggest names on the track, in the coaching ranks and within the industry sit down and open up in-depth to share brilliant insights and vivid snapshots from their professional/personal accomplishments and experiences in the sport.   Hosted by CITIUS MAG founder Chris Chavez.  The show was named one of ""The Best Running Podcasts"" by Runner's World.  ▶ Visit https://CITIUSMAG.com ▶ Twitter: https://twitter.com/CitiusMag ▶ Instagram: https://instagram.com/citiusmag ▶ YouTube: https://www.youtube.com/c/CitiusMag ▶ Patreon: https://patreon.com/citiusmag",70eINNmXl67VqorbTsMOaH,The CITIUS MAG Podcast | A Running + Track and Field Show,CITIUS MAG,974.0
"Kyle Merber and Chris Chavez return to host our first CITIUS MAG Live postgame show called After The Final Lap.  With the NFL, NBA or MLB, you tune in to the game and afterward, you hear more from the athletes and coaches and get some fresh takes and thoughts from analysts about what you just saw. We’re bringing that to you in a fun show. For the Millrose Games, we were joined by a surprise guest host: 2016 Olympic gold medalist Matthew Centrowitz. Guests for the show include On Athletics coach Dathan Ritzenhein, men's Wanamaker mile champion Olli Hoare, men's 3000m winner Geordie Beamish, women's Wanamaker mile runner-up Josette Norris and NCAA cross country champion Conner Mantz. Kick back for a fun hour of banter!  (For those listening in the car or at home with their kids, there is some explicit language in this episode. Thanks for that Olli.) ----- Follow CITIUS MAG -----  ▶ Subscribe to the podcast: https://apple.co/3Byp72I ▶ On Twitter:  http://twitter.com/CitiusMag   ▶ On Instagram: http://instagram.com/citiusmag ▶ On Facebook: http://facebook.com/citiusmag ▶ On our website: http://citiusmag.com  For business inquires: chris@citiusmag.com",4287399,False,18N8hqUfm8O9qM7dIiVRxd,en-US,"After The Final Lap: Millrose Games (Ft. Special Host Matthew Centrowitz + Guests: Olli Hoare, Dathan Ritzenhein, Josette Norris, Geordie Beamish, Conner Mantz)",2022-01-30,"Track and field's biggest names on the track, in the coaching ranks and within the industry sit down and open up in-depth to share brilliant insights and vivid snapshots from their professional/personal accomplishments and experiences in the sport.   Hosted by CITIUS MAG founder Chris Chavez.  The show was named one of ""The Best Running Podcasts"" by Runner's World.  ▶ Visit https://CITIUSMAG.com ▶ Twitter: https://twitter.com/CitiusMag ▶ Instagram: https://instagram.com/citiusmag ▶ YouTube: https://www.youtube.com/c/CitiusMag ▶ Patreon: https://patreon.com/citiusmag",70eINNmXl67VqorbTsMOaH,The CITIUS MAG Podcast | A Running + Track and Field Show,CITIUS MAG,974.0
"""I didn’t do anything yet. I only made the Olympic team. I made the Olympic final. I only ran 19.4. I’m not saying that like it’s slow. I didn’t medal yet. I don’t have a world record yet. It’s not over. I don’t think this is the highest point."" Erriyon Knighton is just 18 years old but has already shattered some of Usain Bolt’s junior sprint records. He also turned pro as a high schooler and signed with Adidas. Back in April, he ran a wind-legal 19.49 at a meet in Baton Rouge, Louisiana to become the fourth-fastest man in history. Only Bolt, Yohan Blake and Michael Johnson are ahead of him on the all-time list. Knighton ran 19.84 for the previous U20 record in the semifinal of the Olympic Trials. He made the team and was the youngest U.S. male track Olympian since Jim Ryun in the 60s. He finished fourth at last year’s Olympics and you’ll hear just how much he wants a piece of hardware. My colleague Mac Fleet and I traveled to Tampa earlier this month to spend some time with Erriyon and his coach Jonathan Terry. We will be releasing a video on our YouTube channel with some of the highlights of our time with him so subscribe and set your alerts to the CITIUS MAG YouTube channel for that and all our content from the upcoming US Championships and World Championships. 🎥 Subscribe to the CITIUS MAG YouTube <- Video feature on Erriyon coming soon! SUPPORT THE SPONSORS GARMIN: Music. Training. Data. The Garmin Forerunner 245 Music is my favorite running partner. You do the running. This GPS running smartwatch does the thinking. It even gets to know you and your body better, mile after mile and song after song. Get one for yourself here >> https://bit.ly/3Pcu0qo ADIDAS: The Adizero Adios Pro 3 is here! Adidas' latest edition of their super shoe was built for runners looking to take their performance to the next level and run after new records. Worn by Olympic champion + New York City Marathon and Boston Marathon champion Peres Jepchirchir, it's got a proven track record. The Adios Pro 3 features the new EnergyRod 2.0 system, Lightstrike Pro foam, a brand new upper and continental rubber outsole – all while being made of recyclable materials. Mark your calendars. The shoe will be available for sale on Adidas.com on June 23. HYDROW: Hydrow is a state-of-the-art rowing experience. Hydrow works 86% of major muscle groups, compared with only 44% from cycling. That’s twice the benefit in half the time! It’s a perfect low-impact workout to add to your training cycle for both endurance and resistance training. Use code CITIUS100 for $100 off of the rower (stackable with any current offerings) >> https://hydrow.com/ OREGON22: We are less than 60 days until the World Athletics Championships in Eugene, Oregon (7/15-24). The outdoor track season is underway and the journey to Hayward has begun. Don’t miss out. Buy your tickets today to see the world’s best athletes in action at the first-ever world outdoor championships being held on U.S. soil. You can get your tickets by visiting WorldChampsOregon22.com/Tickets ",2663784,False,6YIt3r2SnV4qakeJ8k86pD,en-US,"Erriyon Knighton On Running Faster Than Usain Bolt As A Teenager, Writing His Own Legacy At 18 Years Old",2022-06-21,"Track and field's biggest names on the track, in the coaching ranks and within the industry sit down and open up in-depth to share brilliant insights and vivid snapshots from their professional/personal accomplishments and experiences in the sport.   Hosted by CITIUS MAG founder Chris Chavez.  The show was named one of ""The Best Running Podcasts"" by Runner's World.  ▶ Visit https://CITIUSMAG.com ▶ Twitter: https://twitter.com/CitiusMag ▶ Instagram: https://instagram.com/citiusmag ▶ YouTube: https://www.youtube.com/c/CitiusMag ▶ Patreon: https://patreon.com/citiusmag",70eINNmXl67VqorbTsMOaH,The CITIUS MAG Podcast | A Running + Track and Field Show,CITIUS MAG,974.0
"""Becoming a champion is a byproduct of becoming a team player. Everyone has to play a role and do their own part."" This past weekend, Florida's Joseph Fahnbulleh won the 100 and 200 meters at the NCAA Track and Field Championships. He won the 100 meters in a personal best of 10 seconds. He won the 200 meters in 19.83 seconds, which is the fourth-fastest in collegiate history. Florida won the team title with 54 points. Last summer, Fahnbulleh competed for Liberia at the Tokyo Olympics. We touch on all of that, his roots as a distance runner in Minnesota, his goals for the World Championships and much more including your listener questions. He also addresses the internet coaches who still hate on his 100 meter start. SUPPORT THE SPONSORS GARMIN: Music. Training. Data. The Garmin Forerunner 245 Music is my favorite running partner. You do the running. This GPS running smartwatch does the thinking. It even gets to know you and your body better, mile after mile and song after song. Get one for yourself here >> https://bit.ly/3Pcu0qo ADIDAS: The Adizero Adios Pro 3 is here! Adidas' latest edition of their super shoe built for runners looking to take their performance to the next level and run after new records. Worn by Olympic champion + New York City Marathom and Boston Marathon champion Peres Jepchirchir, it's got a proven track record. The Adios Pro 3 features the new EnergyRod 2.0 system, Lightstrike Pro foam, a brand new upper and continental rubber outsole – all while being made of recyclable materials. Mark your calendars. The shoe will be available for sale on Adidas.com on June 23. HYDROW: Hydrow is a state-of-the-art rowing experience. Hydrow works 86% of major muscle groups, compared with only 44% from cycling. That’s twice the benefit in half the time! It’s a perfect low-impact workout to add to your training cycle for both endurance and resistance training. Use code CITIUS100 for $100 off of the rower (stackable with any current offerings) >> https://hydrow.com/ OREGON22: We are less than 60 days until the World Athletics Championships in Eugene, Oregon (7/15-24). The outdoor track season is underway and the journey to Hayward has begun. Don’t miss out. Buy your tickets today to see the world’s best athletes in action at the first-ever world outdoor championships being held on U.S. soil. You can get your tickets by visiting WorldChampsOregon22.com/Tickets SUPPORT THE PODCAST 🎙️ Subscribe and leave a review on Apple Podcasts. 🎥 Subscribe to the CITIUS MAG YouTube channel",5037871,False,51wZqbPrGBVE5p6WZgRaVy,en-US,"Joseph Fahnbulleh On Being The Fastest Man In The NCAA After Winning The 100 Meters, 200 Meters + Team Title For Florida",2022-06-13,"Track and field's biggest names on the track, in the coaching ranks and within the industry sit down and open up in-depth to share brilliant insights and vivid snapshots from their professional/personal accomplishments and experiences in the sport.   Hosted by CITIUS MAG founder Chris Chavez.  The show was named one of ""The Best Running Podcasts"" by Runner's World.  ▶ Visit https://CITIUSMAG.com ▶ Twitter: https://twitter.com/CitiusMag ▶ Instagram: https://instagram.com/citiusmag ▶ YouTube: https://www.youtube.com/c/CitiusMag ▶ Patreon: https://patreon.com/citiusmag",70eINNmXl67VqorbTsMOaH,The CITIUS MAG Podcast | A Running + Track and Field Show,CITIUS MAG,974.0
"Mike Baker is a former CIA covert operations officer and current CEO of Portman Square Group, a global intelligence firm. He's also the host of ""Black Files Declassified"" on Discovery+ and the Science Channel. Learn more about your ad choices. Visit podcastchoices.com/adchoices",10293588,True,44i3nQNm6yXV9jS9FUZHI0,en,#1793 - Mike Baker,2022-03-19,The official podcast of comedian Joe Rogan.,4rOoJ6Egrf8K2IrywzwOMk,The Joe Rogan Experience,Joe Rogan,2635.0
"Edward Snowden is an American whistleblower who copied and leaked highly classified information from the National Security Agency in 2013 when he was a Central Intelligence Agency employee and subcontractor. His new book ""Permanent Record"" is now available. Learn more about your ad choices. Visit podcastchoices.com/adchoices",10171640,True,7MaJD5vZsNSNrKQVEk5gbD,en,#1368 - Edward Snowden,2019-10-23,The official podcast of comedian Joe Rogan.,4rOoJ6Egrf8K2IrywzwOMk,The Joe Rogan Experience,Joe Rogan,2635.0
"Former CIA contractor turned whistleblower Edward Snowden shocked the world when he revealed the misdeeds of the US intelligence community and its allies. Now living in Russia, he is a noted privacy advocate and author who serves as president of the Freedom of the Press Foundation. His book, Permanent Record, is now available in paperback from Henry Holt and Company. Learn more about your ad choices. Visit podcastchoices.com/adchoices",8919957,True,5sNggu9wR9lF84tf7VnxDL,en,#1536 - Edward Snowden,2020-09-15,The official podcast of comedian Joe Rogan.,4rOoJ6Egrf8K2IrywzwOMk,The Joe Rogan Experience,Joe Rogan,2635.0
"Nims is the multi world record breaking mountaineer who climbed all 14 of the world’s ‘Death Zone’ peaks over 8,000m in just 6 months and 6 days. He was part of the first winter ascent of the ‘Savage Mountain’ K2. His film, ""14 Peaks: Nothing Is Impossible,"" is out now on Netflix, as is his best-selling book, ""Beyond Possible."" Nims is a UNEP Mountain Advocate and founder of the Nimsdai Foundation. Learn more about your ad choices. Visit podcastchoices.com/adchoices",7806398,True,0JEBeXmsbltKWYuf4TqJ6k,en,#1790 - Nims Purja,2022-03-09,The official podcast of comedian Joe Rogan.,4rOoJ6Egrf8K2IrywzwOMk,The Joe Rogan Experience,Joe Rogan,2635.0
Mike Tyson is the former undisputed heavyweight boxing champion of the world and host of the “Hotboxin’ with Mike Tyson” podcast.  http://www.miketyson.com/ http://www.hotboxinpodcast.com/ Learn more about your ad choices. Visit podcastchoices.com/adchoices,12841897,True,2jAYGAbZHxReyhtK6kI5xG,en,#1805 - Mike Tyson,2022-04-15,The official podcast of comedian Joe Rogan.,4rOoJ6Egrf8K2IrywzwOMk,The Joe Rogan Experience,Joe Rogan,2635.0
"Robert Downey Jr. is an American actor, producer, and singer. He stars in the new movie ""Dolittle"" which releases in theater on January 17, 2020. Learn more about your ad choices. Visit podcastchoices.com/adchoices",4339716,True,3dVYvWrhLdKg5Znpn1YG9o,en,#1411 - Robert Downey Jr.,2020-01-15,The official podcast of comedian Joe Rogan.,4rOoJ6Egrf8K2IrywzwOMk,The Joe Rogan Experience,Joe Rogan,2635.0
"Dan Crenshaw is a former United States Navy SEAL, current US Representative for Texas's 2nd Congressional District, and host of the ""Hold These Truths with Dan Crenshaw"" podcast. Learn more about your ad choices. Visit podcastchoices.com/adchoices",10461929,True,7bi51Qn1vNJlsF67C4GYb7,en,#1630 - Dan Crenshaw,2021-04-06,The official podcast of comedian Joe Rogan.,4rOoJ6Egrf8K2IrywzwOMk,The Joe Rogan Experience,Joe Rogan,2635.0
"Wrestler Jordan Burroughs is an Olympic Gold medalist, four-time World Champion, six-time World Cup champion, three-time Pan American Games Gold medalist and four-time Pan American champion. Learn more about your ad choices. Visit podcastchoices.com/adchoices",10968597,True,6j9JygkIR2MsNLGZA9Suc3,en,#1591 - Jordan Burroughs,2021-01-08,The official podcast of comedian Joe Rogan.,4rOoJ6Egrf8K2IrywzwOMk,The Joe Rogan Experience,Joe Rogan,2635.0
"Elon Musk is a business magnate, designer, and engineer. His portfolio of businesses include Tesla, Inc., SpaceX, Neuralink, and many others. Learn more about your ad choices. Visit podcastchoices.com/adchoices",12277653,True,2aB2swgyXqbFA06AxPlFmr,en,#1609 - Elon Musk,2021-02-11,The official podcast of comedian Joe Rogan.,4rOoJ6Egrf8K2IrywzwOMk,The Joe Rogan Experience,Joe Rogan,2635.0
"Dan Gable is a retired wrestler, coach, Olympic gold medalist, and recipient of the Presidential Medal of Freedom. Learn more about your ad choices. Visit podcastchoices.com/adchoices",10394430,True,0cQwQgJxzEdeEMgfWn8HrE,en,#1627 - Dan Gable,2021-03-31,The official podcast of comedian Joe Rogan.,4rOoJ6Egrf8K2IrywzwOMk,The Joe Rogan Experience,Joe Rogan,2635.0
"Elon Musk is a business magnet, entrepreneur and engineer. Learn more about your ad choices. Visit podcastchoices.com/adchoices",7208681,True,08t3BnVDXUn4YQVuDohhYg,en,#1470 - Elon Musk,2020-05-06,The official podcast of comedian Joe Rogan.,4rOoJ6Egrf8K2IrywzwOMk,The Joe Rogan Experience,Joe Rogan,2635.0
"Quentin Tarantino is a writer, producer, and director. Tarantino's novelization of his Oscar-winning film ""Once Upon a Time...in Hollywood"" is available now. Learn more about your ad choices. Visit podcastchoices.com/adchoices",10386622,True,5cdu4y60lq6QXyUbhMpVWH,en,#1675 - Quentin Tarantino,2021-06-29,The official podcast of comedian Joe Rogan.,4rOoJ6Egrf8K2IrywzwOMk,The Joe Rogan Experience,Joe Rogan,2635.0
"David Goggins is a retired Navy SEAL and former USAF Tactical Air Control Party member who served in Iraq and Afghanistan. He is an ultramarathon runner, ultra-distance cyclist, triathlete and world record holder for the most pull-ups done in 24 hours. http://davidgoggins.com/ Learn more about your ad choices. Visit podcastchoices.com/adchoices",6862959,True,70ssh8DCCOlwwOEAjLobW3,en,#1080 - David Goggins,2018-02-19,The official podcast of comedian Joe Rogan.,4rOoJ6Egrf8K2IrywzwOMk,The Joe Rogan Experience,Joe Rogan,2635.0
"Snoop Dogg is a rapper, actor, and businessman. Check out ""Snoop Dogg Presents: The Algorithm"" on 11/12/21. Learn more about your ad choices. Visit podcastchoices.com/adchoices",13696617,True,2g8rE0wmd4WnObewi3DzwU,en,#1733 - Snoop Dogg,2021-11-12,The official podcast of comedian Joe Rogan.,4rOoJ6Egrf8K2IrywzwOMk,The Joe Rogan Experience,Joe Rogan,2635.0
"Tony Hawk is a professional skateboarder, actor, stuntman, and the owner of the skateboard company Birdhouse. Learn more about your ad choices. Visit podcastchoices.com/adchoices",6174036,True,3BfLRkolVYJAf5d1cU31TU,en,#1477 - Tony Hawk,2020-05-20,The official podcast of comedian Joe Rogan.,4rOoJ6Egrf8K2IrywzwOMk,The Joe Rogan Experience,Joe Rogan,2635.0
"Kevin Hart is a comedian, actor and producer. His new audiobook ""The Decision: Overcoming Today's BS for Tomorrow's Success"" is available now on Audible. Learn more about your ad choices. Visit podcastchoices.com/adchoices",7268841,True,79gsLLARbCJPd5oon3fLLH,en,#1480 - Kevin Hart,2020-05-25,The official podcast of comedian Joe Rogan.,4rOoJ6Egrf8K2IrywzwOMk,The Joe Rogan Experience,Joe Rogan,2635.0
"Kanye West is a rapper, record producer, fashion designer, and current independent candidate for office in the 2020 United States Presidential Election. Learn more about your ad choices. Visit podcastchoices.com/adchoices",10650474,True,0OrHFgKhoainuuJ9CBrw37,en,#1554 - Kanye West,2020-10-24,The official podcast of comedian Joe Rogan.,4rOoJ6Egrf8K2IrywzwOMk,The Joe Rogan Experience,Joe Rogan,2635.0
Mike Tyson is the former undisputed heavyweight boxing champion of the world. Check out his new podcast called “Hotboxin’ with Mike Tyson” on Spotify. www.TysonOnTriller.com Learn more about your ad choices. Visit podcastchoices.com/adchoices,7451091,True,5IWyuOmaNzb0MpI8RnG3I7,en,#1532 - Mike Tyson,2020-09-04,The official podcast of comedian Joe Rogan.,4rOoJ6Egrf8K2IrywzwOMk,The Joe Rogan Experience,Joe Rogan,2635.0
"Dave Chappelle is a comedian, actor, writer, and producer. He is the recipient of multiple honors, among them the Mark Twain Prize for American Humor, and several Grammy Awards. He's the co-host, along with Talib Kweli and Yasiin Bey, of ""The Midnight Miracle"" podcast, scheduled to release in May. Learn more about your ad choices. Visit podcastchoices.com/adchoices",11762068,True,6uCmb5wbprKYnpGwtktjgd,en,#1647 - Dave Chappelle,2021-05-07,The official podcast of comedian Joe Rogan.,4rOoJ6Egrf8K2IrywzwOMk,The Joe Rogan Experience,Joe Rogan,2635.0
"Ben Patrick, known online as ""the Knees Over Toes Guy,"" is a coach and owner of ATG: an online personal training program for strengthening knees and developing full body fitness. His new book, ""ATG for Life,"" is available now. Learn more about your ad choices. Visit podcastchoices.com/adchoices",7125523,True,2zfpB6RoKwylk3DbN3GXA0,en,#1766 - Ben Patrick,2022-01-19,The official podcast of comedian Joe Rogan.,4rOoJ6Egrf8K2IrywzwOMk,The Joe Rogan Experience,Joe Rogan,2635.0
"Your 2024 Unbound 200 men's champion, ladies and gentlemen! Lots to talk about in this episode as Lachlan and Ted chat for nearly 90 minutes on all things bikes. From Lachlan's entry into the sport, his tough time in the World Tour, Lachlan and Ted's shared time in gravel and its enigmatic future, and of course ample race analysis from Unbound. Follow Lachlan's wild exploits at @lachlanmorton And get your hands on some goodies from AG1 by visiting www.drinkAG1.com/ted While you're at it, get a free WHOOP band and one month of membership included by visiting join.whoop.com/ted",5667031,False,1bNygpmH8V3FDDlIzon743,en,"Episode 133: Lachlan Morton -- Unbound Winner, Professional Cyclist",2024-06-06,"Welcome to King of the Ride podcast, hosted by Ted King. A professional road cyclist turned gravel racer... err, rider? I still have that competitive bug now 20 years into my professional racing career, but poking around the overarching cycling community is what piques my interest. Slinging maple syrup (hello UnTapped!), leading rides, hosting camps, and just enjoying life on two wheels, I have the chance to chat with athletes, entrepreneurs, and all walks of life who love the bicycle. Hop on board and enjoy the ride!",54XDhfKBmSxuP6Vb9ILm89,King of the Ride,Ted King,150.0
"In a programme first broadcast in May 2019, Melvyn Bragg and guests discuss Mary Shelley's (1797-1851) Gothic story of a Swiss natural philosopher, Victor Frankenstein, and the creature he makes from parts of cadavers and which he then abandons, horrified by his appearance, and never names. Rejected by all humans who see him, the monster takes his revenge on Frankenstein, killing those dear to him. Shelley started writing Frankenstein when she was 18, prompted by a competition she had with Byron and her husband Percy Shelley to tell a ghost story while they were rained in in the summer of 1816 at the Villa Diodati by Lake Geneva.The image of Mary Shelley, above, was first exhibited in 1840.WithKaren O'Brien Professor of English Literature at the University of OxfordMichael Rossington Professor of Romantic Literature at Newcastle UniversityAnd Jane Thomas Professor of Victorian and Early 20th Century Literature at the University of HullProducer: Simon TillotsonThis programme is a repeat",3309462,False,3iTRhz0Vb9bE1lxtB0OabF,en,Frankenstein,2020-03-19,"Spanning history, religion, culture, science and philosophy, In Our Time from BBC Radio 4 is essential listening for the intellectually curious. In each episode, host Misha Glenny and expert guests explore the characters, events and discoveries that have shaped our world.    History fans can learn about pivotal wars and societal upheavals, such as the rise and fall of Napoleon, the Sack of Rome in 1527, and the political intrigue of the Russian Revolution. Those fascinated by the lives of kings and queens can journey to Versailles to meet Marie Antoinette and Louis XIV the Sun King, or to Ancient Egypt to meet Cleopatra and Nefertiti. Or perhaps you're looking to explore the history of religion, from Buddhism's early teachings to the Protestant Reformation.   If you're interested in the stories behind iconic works of art, music and literature, dive in to discussions on the artistic genius of Michelangelo's Sistine Chapel and Van Gogh's famous Sunflowers. From Gothic architecture to the works of Shakespeare, each episode of In Our Time offers new insight into humanity's cultural achievements.   Those looking to enrich their scientific knowledge can hear episodes on black holes, the Periodic Table, and classical theories of gravity, motion, evolution and relativity. Learn how the discovery of penicillin revolutionised medicine, and how the death of stars can lead to the formation of new planets.    Lovers of philosophy will find episodes on the big issues that define existence, from free will and ethics, to liberty and justice. In what ways did celebrated philosophers such as Mary Wollstonecraft and Karl Marx push forward radical new ideas? How has the concept of karma evolved from the ancient Sanskrit texts of Hinduism to today? What was Plato's concept of an ideal republic, and how did he explore this through the legend of the lost city of Atlantis?   In Our Time celebrates the pursuit of knowledge and the enduring power of ideas.",17YfG23eMbfLBaDPqucgzZ,In Our Time,BBC Radio 4,1077.0
"Hallo meine lieben Zuhörer, Der Frühling sich scheint beinahe wieder einzufinden. Vogelstimmen werden langsam immer mehr und die Sonne wärmt die Luft im Wald. Viel Spass beim reinhören.  Hello my dear listeners, Spring seems to be almost here again. Bird calls are slowly increasing and the sun is warming the air in the forest. Have fun listening.",2104935,False,089H0xcDznMx8VE9z9haqG,de,"Relaxing ambient sound recording, Entspannende Naturklänge 10.3.2022",2022-03-10,"Here you can find relaxing soundscapes, ASMR, and all sorts of ear candys. So stay tuned. Ben",7cSpmRAAHNuA2hrmpAvf2P,Black Forest soundscapes,Ben,51.0
"Heute nehme ich Euch mit zu einem versteckten Stückchen Wald. Auf Euch warten singende Vögel, ein rauschender Bach und sich im leichten Wind wiegende Bäume. Ich wünsche Euch viel Spass beim reinhören. Ben. Today I'll take you to a hidden piece of forest. Singing birds, a rushing creek and trees swaying in the light wind are waiting for you. I wish you a lot of fun listening. Ben",2703793,False,74CWo9SnOfu8emFQD7BZrl,de,"Relaxing ambient sound recording, Entspannende Naturklänge 4.",2021-12-02,"Here you can find relaxing soundscapes, ASMR, and all sorts of ear candys. So stay tuned. Ben",7cSpmRAAHNuA2hrmpAvf2P,Black Forest soundscapes,Ben,51.0
"Hallo liebe Zuhörer, heute nehme ich Euch mit zu einem Waldweg an den Toren zum Nordschwarzwald. Heute war es recht windig, aber die ersten Rückkehrer unter den Vögeln sind schon zu hören... viel Spaß beim reinhören.",1107497,False,7EJGgSzViJRhArRafwVZ71,de,"Relaxing nature ambient soundscape, Entspannende Naturklänge",2022-02-24,"Here you can find relaxing soundscapes, ASMR, and all sorts of ear candys. So stay tuned. Ben",7cSpmRAAHNuA2hrmpAvf2P,Black Forest soundscapes,Ben,51.0
"Hallo meine lieben Zuhörer, heute gibt es raschelnden bäume, singende Vögel und einen kleinen Bach zu hören. Augen schliessen und viel Spass beim reinhören.  Hello my dear listeners, Today you can hear rustling trees, singing birds and a small stream. Close your eyes and have fun listening.",2028472,False,2hsJWvjWFIojh1DDVyFxpr,de,Entspannende Naturklänge 12.3.2022 / Relaxing ambient soundscape 3/12/2022,2022-03-12,"Here you can find relaxing soundscapes, ASMR, and all sorts of ear candys. So stay tuned. Ben",7cSpmRAAHNuA2hrmpAvf2P,Black Forest soundscapes,Ben,51.0
"In a rare interview, the influential Japanese designer speaks with BoF’s Imran Amed about the philosophy that underpins his boundary-breaking career. Background:  After graduating from Keio University with a law degree, Yohji Yamamoto realised he wasn’t interested in the law. “I didn’t want to join the ordinary society,” he says. “So I told my mother after graduation … ‘I want to help you.’”  She agreed to let him work at her dressmaking shop in Kabukicho, an entertainment district in Tokyo’s Shinjuku ward, and learn from the sewing assistants if he enrolled at Bunka Fashion College, now famous for training designers such as Kenzo Takada, Junya Watanabe and Yamamoto himself. After graduating, Yamamoto went on to set up a small ready-to-wear company that slowly acquired buyers in all of Japan’s major cities. This success eventually led him to Paris, where his signature tailoring and draping in oversized silhouettes created an aesthetic earthquake at Paris Fashion Week in 1981. Since then, Yamamoto has developed a cult following of loyalists who swear by his avant-garde designs. “I’m not working in the mainstream,” he says. “I’m working in the side stream.” This week on The BoF Podcast, we revisit Imran Amed’s rare interview with the legendary Japanese designer about his storied career — and the mindset designers need to succeed.  Key Insights:  Yamamoto says the fashion industry’s increasingly fast-pace has come at the expense of true creativity. “For me the fashion business became a money business,” he said. “I felt I’ve been losing my competitors year by year.” Yamamoto believes that modern technology can be a distraction. “When I speak with young designers, I [tell] them shut your computer,” he said. “If you really want to see real things, real beauty, you have to go there by walking.” Yamamoto believes it’s a designer’s job to completely immerse themselves in design. “If you want to create something, keep resisting the mediocracy of ordinary things. It’s a life's work. Are you ready to sacrifice yourself to create something?”  Additional Resources:   Watch the full interview here:  Inside Yohji Yamamoto’s Fashion Philosophy  The Magic of Yohji Yamamoto    Hosted on Acast. See acast.com/privacy for more information.",2453498,False,28H4mWcoxrqKY94Asc9TQ5,en,Inside Yohji Yamamoto’s Fashion Philosophy,2022-08-26,"The Business of Fashion has gained a global following as an essential daily resource for fashion creatives, executives and entrepreneurs in over 200 countries. It is frequently described as “indispensable,” “required reading” and “an addiction.” Hosted on Acast. See acast.com/privacy for more information.",6Y1STt6SGDnPc8AdDzGMzn,The Business of Fashion Podcast,The Business of Fashion,601.0
"Ian Bonhôte and Peter Ettedgui, the creators of a new docuseries speak to BoF’s Tim Blanks about their new series which traces the formation of LVMH and Kering, and how designers like John Galliano and Alexander McQueen helped them build a ‘Kingdom of Dreams.’ Background: A new fashion docuseries, “Kingdom of Dreams,” explores the luxury fashion industry’s formation in the 1990s to the 2000s, examining some of fashion’s most recognisable designers of that period — John Galliano, Alexander McQueen, Marc Jacobs and Tom Ford — as well as executives like Kering’s François Pinault and LVMH’s Bernard Arnault.  Ian Bonhôte and Peter Ettedgui highlight the tension between commerce and creativity, as well as the rivalries between luxury groups and their designers.  “At the end of the day, we never said anything that hasn’t been said or which is not sort of present,” said Bonhôte. “So the truth is very important. And we are… definitely not scandalous.” This week on The BoF Podcast, BoF’s editor-at-large Tim Blanks speaks with Bonhôte and Ettedgui about understanding pressures of consumerism and what makes a fashion house business tick. Key Insights:The creators highlighted the gap between creativity “wizards” and business “emperors” within some of fashion’s largest fashion houses, demonstrating the power of tycoons François Pinault and Bernard Arnault. “What we felt was the most interesting drama is there is this constant fight between commerce and creativity,” said Bonhôte.  The series also highlights the pressures on designers to double the volume of collections and the impact of that growth on the planet. “It is disturbing to see the fallout and not just the fallout psychologically for the designers, but also for the planet as fashion speeds up,” said Ettedgui.While examining the industry the creators wanted the audience to gain a new understanding of fashion rather than the gated community it can be perceived as. “It’s a very difficult industry for people to actually understand because I think the [understanding of] fashion is almost wrong,” said Bonhôte.Additional Resources: How Fashion Went Corporate: Creativity, Commerce and Collateral Damage: Tim Blanks talks to the creators of ‘Kingdom of Dreams,’ a new documentary series on how the corporatisation of luxury fashion made superstars of designers John Galliano, Alexander McQueen, Tom Ford and Marc Jacobs, and built gilded empires for bosses Bernard Arnault and François Pinault.To subscribe to the BoF Podcast, please follow this link. Hosted on Acast. See acast.com/privacy for more information.",2914011,False,7iEoLXewL5SN3etPEojyJa,en,The Genesis of the Modern Luxury Fashion Industry,2022-11-04,"The Business of Fashion has gained a global following as an essential daily resource for fashion creatives, executives and entrepreneurs in over 200 countries. It is frequently described as “indispensable,” “required reading” and “an addiction.” Hosted on Acast. See acast.com/privacy for more information.",6Y1STt6SGDnPc8AdDzGMzn,The Business of Fashion Podcast,The Business of Fashion,601.0
"Louis Vuitton is expected to name its Virgil Abloh successor within weeks. Lauren Sherman quizzes Imran Amed on what luxury labels think about when recruiting top designers. Background:  Louis Vuitton has spent almost a year searching for a Virgil Abloh successor after the designer died in November 2021. According to sources, Martine Rose, Grace Wales Bonner and Telfar Clemens are among the names that were considered by owner LVMH, and the decision is expected to be announced within weeks. But how do brands like Louis Vuitton even go about finding a designer?  “Without the creative energy, without that kind of excitement, there’s nothing to sell,” said Imran Amed, BoF founder and editor-in-chief. Key Insights:  While all brands have their own personality and the situations that necessitate finding a new creative director differ, the things most brands look for in a leader are similar. Executives have to consider whether they’re looking for revolution, like when Gucci tapped Alessandro Michele for creative energy and new ideas, or evolution, like when Saint Laurent tapped Anthony Vaccarello to keep its aesthetic formula after Hedi Slimane departed. A strong vision is the most important thing. But creative directors also need to have commercial sensibility and the ability to work in a corporate environment. One of Abloh’s achievements was that he managed to build a community at Louis Vuitton, and engage consumers who had been traditionally excluded by the luxury industry.  Additional Resources:  Virgil Abloh: Building on a Legacy: Like Yves Saint Laurent, Alexander McQueen and Gianni Versace before him, the late Virgil Abloh leaves a powerful legacy. What does this mean for Off-White and Louis Vuitton? Which Luxury Leadership Configuration Works Best? In luxury fashion, the right configuration of creative and commercial leadership is critical to success, writes Pierre Mallevays.  To subscribe to the BoF Podcast, please follow  this link. Hosted on Acast. See acast.com/privacy for more information.",1423386,False,6YJ1w0GLTT2OT4JyNkynij,en,The Debrief: How Big Brands Choose Their Creative Directors,2022-09-23,"The Business of Fashion has gained a global following as an essential daily resource for fashion creatives, executives and entrepreneurs in over 200 countries. It is frequently described as “indispensable,” “required reading” and “an addiction.” Hosted on Acast. See acast.com/privacy for more information.",6Y1STt6SGDnPc8AdDzGMzn,The Business of Fashion Podcast,The Business of Fashion,601.0
"CAMPAIGN FINALE! Having collected all three divine relics, Retrieval Team 22 summons their strength and attempts to save the planet from the wicked forces seeking to corrupt it. Jens does the ultimate icebreaker, Onyx has a falling out and Nyack swallows his pride as the tale of Trinyvale Triplets comes to an end.Support us at Patreon.com/Naddpod to get access to the after-show and a bunch of other Naddpod content!CREDITS:Audio Production by Trevor Lyon (@LyonatLarge)Sound Design, Engineering & Post Production by Daniel Ramos (@Schubirds on Twitter & @Dr.Schubird on IG) and Kei Matsuo (@Nightsharkss on Twitter).MUSIC:""Trinyvale Intro and Outro"" by Emily Axford“City in the Clouds” by Emily Axford“Where the Mountain Meets the Sky” by Emily Axford ""Shelga's Shields (And Swords)"" - Daniel Ramos""Toxicity System"" by Daniel Ramos""Road to Silverado"" by Daniel Ramos""The Journey of the Three"" by Jens Christian Tvilum""The Infinite Cheeks of Destiny"" by Jens Christian Tvilum""Bedtime Buddies"" by Anonymous""Epilogue"" by Seth LeueSee Privacy Policy at https://art19.com/privacy and California Privacy Notice at https://art19.com/privacy#do-not-sell-my-info.",10916858,True,6wjHRbDsVkiy1ltJYs5gnR,en,Trinyvale - Ep. 22: Only Time Will Tell,2020-07-26,,,,,
Pilot Captain Wade takes Mark and Bob on a flight across the country to gaze down upon the oddly named towns of America. And Russia. And Ancient Greece. Wait... Learn more about your ad choices. Visit podcastchoices.com/adchoices,3071168,True,3rxhxQffY5y4VyWay2Xlu7,en,Where Am I?!,2025-01-10,,,,,
"Better keep your eyes open, bidets spraying, and reusable toilet paper wiping for this unbelievable easter egg. Learn more about your ad choices. Visit podcastchoices.com/adchoices",4055680,True,3Pr05ri4RdOUyOMfcu0qx9,en,There's An Easter Egg At 43:51,2025-01-24,,,,,
"DMily leads Mavrus and his boys on a beach week adventure gone horribly, horribly wrong! Zac reprises his role as Mavrus the Unskooled, joined by hipster beer cleric Mac Son of Mumford (Murph), emo bard Tred Nevers (Jake), and disc golf archer Hungry Dave (Caldwell). Support us at Patreon.com/Naddpod to get access to the after-show and a bunch of other Naddpod content!Music / Sound Effects Include:""Seagulls"" by inchadney at Freesound.org.""Ambience, Seaside Waves"" by InspectorJ at Freesound.org.""Full Drunken Atmosphere"" by Cheeseheadburger at Freesound.org.""Sunday Acid Jam"" by Georgke at Freesound.org.""Monster Beats"" by frankum at Freesound.org.""Fabric of Fate"" by Emily Axford""Techgnomech"" by Emily Axford""The Bronze Bastard"" by Emily Axford""Crash Landing"" by Emily Axford""Carl"" by Emily Axford""Salty Peaks"" by Emily Axford""Microbrews Cruise"" by Emily Axford""Open Mic Night"" by Emily Axford""The Forest"" by Emily Axford""Court of the Bear Prince"" by Emily Axford""Petri's Paddle Sports"" by Emily Axford""Gemini"" by Emily Axford""Missing"" by Emily Axford""The Clam Dunk"" by Emily Axford""Qwiksus"" by Emily Axford""The Objective"" by Emily Axford""Hippophin Chip Tune"" by Emily Axford""Buzzer's Cutters"" by Emily Axford""The Mist"" by Emily AxfordSee Privacy Policy at https://art19.com/privacy and California Privacy Notice at https://art19.com/privacy#do-not-sell-my-info.",6843585,True,4dtGtoZKrU0offGVemlISK,en,The Mavrus Chronicles - Ep 1: Hot Boy Summer (w/ Zac Oyama),2020-08-14,,,,,
"Mavrus, Tread, Hungry Dave, and Mac search the abandoned microbrews cruise for memories, clues, and leftover beer.  Support us at Patreon.com/Naddpod to get access to the after-show and a bunch of other Naddpod content!Music / Sound Effects Include:""Cracking Oak Tree"" by Klankbeeld at Freesound.org. ""Geothermal Hotpot"" by SDLx at Freesound.org.""Sausage Sizzle"" by mshahen at Freesound.org.""Hit Lid with Sledgehammer"" by dcolvin at Freesound.org. ""Synthetic Fire Effect"" by Porphyr at Freesound.org. ""Jumping in a Pool"" by InspectorJ at Freesound.org. ""Failing Lightbulb"" by The_Funktasm at Freesound.org. ""Hot Boy Summer"" by Emily Axford""Techgnomek"" by Emily Axford""Carl"" by Emily Axford""I Think I Lost My Glasses"" by Emily Axford""Deep Sea Lurker"" by Emily Axford""Gemini"" by Emily Axford""Speak with Animals"" by Emily Axford""Salty Peaks"" by Emily Axford""Twinkling Lights of Galaderon"" by Emily Axford""Sumpin's Asunder Down Under"" by Emily Axford""The Bronze Bastard"" by Emily Axford""Demi God"" by Emily Axford""The Mist"" by Emily Axford""The Speaking Stump"" by Emily Axford""The Pact"" by Emily Axford""The Bachelorette's Sash"" by Emily Axford""A Wizard's Tournament"" by Emily Axford""Into the Planar Pool"" by Emily AxfordSee Privacy Policy at https://art19.com/privacy and California Privacy Notice at https://art19.com/privacy#do-not-sell-my-info.",5727529,True,6uX5sRBXGQy7vuKPBzG7RO,en,The Mavrus Chronicles - Ep 2: Microbrews Clues (w/ Zac Oyama),2020-08-21,,,,,
"Welcome to the Distractible Cafe! Enjoy a nice hot cup of Mark's Finger Espresso or Wade's Frog Coffee, while relaxing in a chair that was assembled the wrong order by Bob.  Learn more about your ad choices. Visit podcastchoices.com/adchoices",3490666,True,7H5lz8OMSLeRSgPu2MwaX3,en,Order Matters Too,2025-01-27,,,,,
Wade gets himself canceled.  Learn more about your ad choices. Visit podcastchoices.com/adchoices,2867050,True,1gmi7WvGAvn1FdAnWFlKlR,en,More Broken News,2025-01-31,,,,,
No animals were harmed in the making of this episode. Mostly because Mark doesn't know how to use a gun.  Learn more about your ad choices. Visit podcastchoices.com/adchoices,3677653,True,7E9eGCidCEC6qHckgFKB7J,en,Big Dog Energy,2025-02-03,,,,,
Dudes Innovatively Spell The Right Acronyms Correctly Tonight (Nailed it.) Learn more about your ad choices. Visit podcastchoices.com/adchoices,3226602,True,16MHg6jfcVbO0NYd7CGIyx,en,"Acronyms, But Better",2025-02-07,,,,,
"The Hot Boys of Summer head into the storm. Tread's guitar gets wrecked, Mac eats a jellyfish, Hungry Dave breathes fire, Mavrus billows, and Stiegl is still there for some reason. Support us at Patreon.com/Naddpod to get access to the after-show and a bunch of other Naddpod content!Sound design by Daniel Ramos (@Schubirds on Twitter & @Dr.Schubird on IG)MUSIC:""Hot Boy Summer"" by Emily Axford""Escape from Smuggler's Bounty"" by Emily Axford""Sea Beast"" by Emily Axford""Ripping the Rift"" by Emily Axford""Selfless"" by Emily Axford""Crash Landing"" by Emily Axford""Acid Rain"" by Emily Axford""Snake Skirmish"" by Emily Axford""Invisible but not Invincible"" by Emily Axford""Escape the Boy King's Brunch"" by Emily Axford""Demi-God"" by Emily Axford""The Posse"" by Emily Axford""Buzzer's Cutters"" by Emily Axford""Jolene the Green"" by Emily Axford""The Summer We've Been Waiting For"" by Emily Axford""Speak with Animals"" by Emily Axford""I Think I Lost My Glasses"" by Emily Axford""Schubert's Song"" by Emily Axford""A Glittering Reunion"" by Emily Axford""Enlightened"" by Emily Axford""A Haven Away from Home"" by Emily Axford""The Whisperwood"" by Emily Axford""Pure Gold"" by Emily Axford""A Memory"" by Emily Axford""Paradise"" by Emily Axford""The Thinking Cap"" by Emily AxfordSee Privacy Policy at https://art19.com/privacy and California Privacy Notice at https://art19.com/privacy#do-not-sell-my-info.",5731944,True,63oPCtcUEeeK14XXYNp2Z5,en,The Mavrus Chronicles - Ep 3: Magic Storms & Cottagecore (w/ Zac Oyama),2020-08-28,,,,,
"All of Wade's beautiful ideas... gone. Oh well, at least we still have kinky clowns, rooftop ninjas, and extra powerful bidets.  Learn more about your ad choices. Visit podcastchoices.com/adchoices",3493909,True,2ws9S84p5IX8h9MVj52Fek,en,WordPad Broke,2025-02-10,,,,,
"Cloacas, buttholes, and toxic gas. That can only mean one thing... Mark's hosting! Learn more about your ad choices. Visit podcastchoices.com/adchoices",3468650,True,3sOs6nIoVzWfA3j31UsUcR,en,Mark Prepared For This,2025-02-14,,,,,
"The three founding fathers gather once again to re-evaluate the sacred text that is the ""Distractible Constitution."" Learn more about your ad choices. Visit podcastchoices.com/adchoices",3045013,True,7yvvGLOJGuKMNjaD4oipJa,en,The Council of Distractible (Part 2),2025-02-17,,,,,
"Mark's life flashes before his very eyes, at the whim of Bob and Wade. Learn more about your ad choices. Visit podcastchoices.com/adchoices",3478357,True,3P8xWJAP9Gl4WEBHy3f5tS,en,Mark's One Man Show,2025-02-21,,,,,
"The boys of summer find out what's at the bottom of the chute. Tread's lyrics take on a new power, Mac has beef with an octopus, Mavrus eats plankton, and Hungry Dave feeds yet another animal. Support us at Patreon.com/Naddpod to get access to the after-show and a bunch of other Naddpod content!Sound design by Daniel Ramos (@Schubirds on Twitter & @Dr.Schubird on IG)MUSIC:""Hot Boy Summer"" by Emily Axford""Escape from Smuggler's Bounty"" by Emily Axford""Jolene the Green"" by Emily Axford""The Thinking Cap"" by Emily Axford""A Sight for Sore Eyes"" by Emily Axford""A Hospitable Farewell"" by Emily Axford""A Glittering Reunion"" by Emily Axford""The Forest"" by Emily Axford""Left is Left and Right is Center"" by Emily Axford""Deep Sea Lurker"" by Emily Axford""Crash Landing"" by Emily Axford""Snake Fight"" by Emily Axford""Demi-God"" by Emily Axford""Carl"" by Emily Axford""Farewell to Fungen"" by Emily Axford""A Miracle Child"" by Emily Axford""Hippophin Chip Tune"" by Emily Axford""Kiss of Life"" by Emily Axford""The Purge"" by Emily Axford""The Widow"" by Emily AxfordSee Privacy Policy at https://art19.com/privacy and California Privacy Notice at https://art19.com/privacy#do-not-sell-my-info.",6415568,True,7DDywEP7S0hkUgKHwWegkr,en,The Mavrus Chronicles - Ep 4: Down the Chute (w/ Zac Oyama),2020-09-04,,,,,
"The Bon Freres encounter danger lurking in a sea cave. Mac meets a new friend, Tread falls for a trap, Hungry Dave gets lost, and Mavrus's neck gets thicker. (Minor correction: at one point I say ""lanternfish,"" but I meant ""anglerfish."") Support us at Patreon.com/Naddpod to get access to the after-show and a bunch of other Naddpod content!Sound design by Daniel Ramos (@Schubirds on Twitter & @Dr.Schubird on IG)MUSIC:""Kiss of Life"" by Emily Axford""Techgnomek"" by Emily Axford""Left is Left and Right is Center"" by Emily Axford""The Court of the Bear Prince"" by Emily Axford""Open Mic Night"" by Emily Axford""The Bronze Bastard"" by Emily Axford""Gemini"" by Emily Axford""Speak with Animals"" by Emily Axford""Angels and Devils"" by Emily Axford""Sea Beast"" by Emily Axford""Langston"" by Emily Axford""Enlightened"" by Emily Axford""Carl by Emily Axford""The Forest"" by Emily Axford""Steed of the Sea"" by Emily Axford""Deep Sea Lurker"" by Emily Axford""I Think I Lost My Glasses"" by Emily Axford""Qwiksus"" by Emily Axford""The Ruins of Cragwater"" by Emily Axford""Queen Cirilla"" by Emily Axford""The Summer We've Been Waiting For"" by Emily Axford""A Humble Farmer"" by Emily Axford""A Fate Refused"" by Emily Axford""Escape the Boy King's Brunch"" by Emily Axford""Forsaken"" by Emily Axford""Snake Fight"" by Emily Axford""Hazy Daze"" by Emily Axford""Crash Landing"" by Emily Axford""Goblin Dirigible"" by Emily Axford""The Revenant's Fate"" by Emily Axford""Behold! Treasure"" by Emily AxfordSee Privacy Policy at https://art19.com/privacy and California Privacy Notice at https://art19.com/privacy#do-not-sell-my-info.",6213459,True,2qthq0FYU0W0NqcYGIiOeY,en,The Mavrus Chronicles - Ep 5: Into the Kelp Forest (w/ Zac Oyama),2020-09-11,,,,,
"Carl's Elite Retrieval Team tries their best to get into the underwater laboratory. Tread gets album art inspiration, Mac reveals yet another wedding gift weapon, Hungry Dave socially networks, and Mavrus has a spiritual experience with a bag. Support us at Patreon.com/Naddpod to get access to the after-show and a bunch of other Naddpod content!Note: this episode is not the finale! The finale will air next week.Sound design by Daniel Ramos (@Schubirds on Twitter & @Dr.Schubird on IG)MUSIC:""Lonely Autumn"" by Emily Axford""Goblin Dirigible"" by Emily Axford""Gemini"" by Emily Axford""Qwiksis"" by Emily Axford""Left is Left and Right is Center"" by Emily Axford""The Summer We've Been Waiting For"" by Emily Axford""I Think I Lost My Glasses"" by Emily Axford""Mini Meteors"" by Emily Axford""Lust"" by Emily Axford""Demi-God"" by Emily Axford""Shock at the Dock"" by Emily Axford""All I Need is a Thread to Spin a Web"" by Emily Axford""Carl"" by Emily Axford""The Objective"" by Emily Axford""Queen Ezra"" by Emily Axford""Infiniti"" by Emily Axford""The Golden Sword"" by Emily AxfordSee Privacy Policy at https://art19.com/privacy and California Privacy Notice at https://art19.com/privacy#do-not-sell-my-info.",7815418,True,6xCT8pUOkvf3qau1oXhBSO,en,The Mavrus Chronicles - Ep 6: Merfolk Melee  (w/ Zac Oyama),2020-09-18,,,,,
"The Bon Freres say au revoir. Hungry Dave faces off with a pet, Mavrus faces off with a shark, Tread inspects a feather, and Mac runs. Support us at Patreon.com/Naddpod to get access to the after-show and a bunch of other Naddpod content!Sound design by Daniel Ramos (@Schubirds on Twitter & @Dr.Schubird on IG)MUSIC:""Hot Boy Summer"" by Emily Axford""Sea Beast"" by Emily Axford""The Widow"" by Emily Axford""Infiniti"" by Emily Axford""The Speaking Stump"" by Emily Axford""The Depths of the Dugneon"" by Emily Axford""Acid Rain"" by Emily Axford""The Revenant's Fate"" by Emily Axford""Demi-God"" by Emily Axford""The Multiverse"" by Emily Axford""Ripping the Rift"" by Emily Axford""The Summer We've Been Waiting For"" by Emily Axford""Crash Landing"" by Emily Axford""Salty Peaks"" by Emily Axford""Left is Left and Right is Center"" by Emily Axford""Speak with Animals"" by Emily Axford""Techgnomek"" by Emily Axford""Open Mic Night"" by Emily AxfordSee Privacy Policy at https://art19.com/privacy and California Privacy Notice at https://art19.com/privacy#do-not-sell-my-info.",8854230,True,0QLsJiQGHh04xvta2z9fOD,en,The Mavrus Chronicles - Ep 7: Carl (w/ Zac Oyama),2020-09-26,,,,,
"Mark once again aims the nozzle to uncover details on the LA Wildfires, his film, future plans for the show, and more.  Learn more about your ad choices. Visit podcastchoices.com/adchoices",2622613,True,0QaM1k3LvTaLww3hNeLXzk,en,PowerWash Pals Podcast: Markiplier (Part 2),2025-01-29,,,,,
"Four fathers are flung into a new land, sans sons...This episode contains profanity, violence, and references to drug/alcohol use.Support the show on Patreon!Get merch and more at our website!Follow us on Twitter @dungeonsanddads!Join our Facebook group!Check out the subreddit!Project DADGUT is the group transcription projectDM is Anthony BurchDarryl Wilson is Matt Arnold (@mattlarnold)Henry Oak is Will Campos (@willbcampos)Ron Stampler is Beth May (@heybethmay)Glenn Close is Freddie Wong (@fwong)Theme song by Maxton WallerCover art by Alex Moore (@notanotheralex) Hosted on Acast. See acast.com/privacy for more information.",6261656,True,7letaWwgx4lnr5WSaJxLr8,en,Ep. 1 - A Man and His Handshake,2019-01-22,,,,,
"I want million, you want million, we all want million! (Celebrity guest appearances by Bob's Dad and Benjamin Franklin.) Learn more about your ad choices. Visit podcastchoices.com/adchoices",3980181,True,6zt4uSwAFayMWvxfmr0qUi,en,Who Want Million?,2025-02-28,,,,,
"Things are gettin' real saucy between Wade, Bob, Mark, George & Martha Washington, skating flies, briefcase puppies, and a whole lot of ketchup. Learn more about your ad choices. Visit podcastchoices.com/adchoices",3274346,True,7CvPyGbZ7vjRonhtgdyaOM,en,Right In The Sauce Box,2025-03-03,,,,,
"For the price of one penny, you could have all the toy trains, crusty socks, and dead bodies imaginable! Learn more about your ad choices. Visit podcastchoices.com/adchoices",4184616,True,3SduOWpFS8qbY6f977z1MA,en,Hide The Penny,2025-03-07,,,,,
"Keep your hands, arms, feet, Pokémon and Blockbuster cards inside Mark's time machine at all times. And remember, every action has an equal and opposite distraction. Learn more about your ad choices. Visit podcastchoices.com/adchoices",4241256,True,1LOaniHBt2tgDvbo1km8Yx,en,September 10th,2025-03-10,,,,,
"Cringe is the sister of embarrassment. 0:00 Intro1:56 I made my one night stand breakfast https://www.reddit.com/r/tifu/comments/f3kweh/tifu_by_making_my_onenight_stand_breakfast/9:50 I didn't know Rachel Ray had a dog food line https://www.reddit.com/r/tifu/comments/1dyrqeq/tifu_by_not_knowing_rachel_ray_had_a_dog_food_line/17:27 I sent a picture of my penis to my boss for his wife https://www.reddit.com/r/tifu/comments/1dxw5y6/tifu_by_sending_a_picture_of_my_penis_to_my_boss/24:45 I finished before clothes came off https://www.reddit.com/r/tifu/comments/1gsjdz2/tifu_by_finishing_before_clothes_even_came_off/37:24 I created the most embarrassing moment of my life https://www.reddit.com/r/tifu/comments/ola24z/tifu_by_creating_the_most_terrifying_and/45:56 I got my cousin and I kicked out of a restaurant https://www.reddit.com/r/AmItheAsshole/comments/13hkysm/aita_for_embarrassing_my_cousin_and_getting_us/1:01:28 I accidentally farted on a first date https://www.reddit.com/r/TwoHotTakes/comments/1bt1m0q/i_accidentally_farted_on_a_first_date_and_she/SUBSCRIBE: https://smo.sh/Sub2SmoshPitWEAR OUR JOKES: https://smosh.comWHO YOU HEARIan Hecox // https://www.instagram.com/ianhecox/Shayne Topp // https://www.instagram.com/shaynetopp/Arasha Lalani // https://www.instagram.com/arashalalani_/WHO YOU DON’T HEAR (usually)Director: Emily Rose JacobsonEditor: Vida Robbins & Rock ColemanDirector of Programming, Smosh Pit: Emily Rose JacobsonAssociate Producer, Smosh Pit: Bailey PetracekProduction Designer: Cassie VanceArt Director: Erin KuschnerAssistant Art Director: Josie BellerbyArt Coordinator: Alex AguilarProp Master: Courtney ChapmanProp Assistant: Jacqui CullerAudio Mixer: Scott NeffDirector of Photography: Brennan IketaniCamera Operator: Eric WannAssistant Director: Alexcina FigueroaExecutive Vice President of Production: Amanda BarnesProduction Manager: Alexcina FigueroaProduction Coordinator: Zianne HooverOperations & Production Coordinator: Oliver WehlanderProduction Assistant: Quincy BellProduction Intern: Caroline SmithPost Production Manager: Luke BakerDIT/Lead AE: Matt DuranIT: Tim BakerDirector of Design: Brittany HobbsGraphic Designers: Ness Cardano, Monica RavitchSenior Manager, Channel & Strategy: Lizzy JonesChannel Operations Coordinator: Audrey CarganillaDirector of Social Media: Erica NoboaSocial Creative Producer: Peter Ditzler, Tommy BoweMerchandising Manager: Mallory MyersSocial Media Coordinator: Kim WilbornSocial Media Intern: Mailyn StifflerTalent Coordinator: Selina GarciaPeople Operations Specialist: Katie FinkFront Office Assistant: Sara FaltersackCEO: Alessandra CataneseEVP of Programming: Kiana ParkerCoordinator Producer of Programming: Marcus MunguiaExecutive Coordinator: Rachel CollisOTHER SMOSHES:Smosh: https://smo.sh/Sub2SmoshSmosh Games: https://smo.sh/Sub2SmoshGamesEl Smosh (Spanish Dub): https://smo.sh/Sub2ElSmoshSmoshCast: https://smo.sh/Sub2SmoshCastFOLLOW US:TikTok: https://smo.sh/TikTokInstagram: https://instagram.com/smoshFacebook: https://facebook.com/smosh Learn more about your ad choices. Visit megaphone.fm/adchoices",4031477,False,5MWAuwBk2YVYlF2dcX04Oh,en,"Stories That Made Us Go ""OOF"" | Reading Reddit Stories",2025-01-11,,,,,
Bob successfully destroys Mark and Wade's egos with trivia. Learn more about your ad choices. Visit podcastchoices.com/adchoices,3477311,True,0f444e4CXf5f21Tp5uENMj,en,20 Easy Questions,2024-06-24,,,,,
"After leaving their failed carnival behind, fate puts the party on a path to an even grander circus...   Gain access to an exclusive campaign, Shroud Over Saltmarsh, over on Patreon: https://legendsofavantris.com/patreon The Crooked Moon, a folk horror supplement for 5e, is available for preorder! Get the Crooked Moon at: https://thecrookedmoon.com/ Watch more D&D adventures in the world of Avantris live on Twitch: https://www.twitch.tv/legendsofavantris Check out our merch store: https://shop.legendsofavantris.com  Join our community on Discord: https://legendsofavantris.com/discord Watch our many campaigns on YouTube: https://legendsofavantris.com/youtube  All other links: https://linktr.ee/legendsofavantris   Watch the full episode here: https://youtu.be/YJzIPmsxxQY?si=djTCnSSo1yalyqpU",11238472,True,05q0puowwjdmRGh5GlqMJP,en,Once Upon a Witchlight | Ep. 1 | Circus to Circus,2024-05-01,,,,,
I sit down and have a lengthy wash n' chat (for the first time I might add) with MatPat from Game Theory (and Film Theory (and Food Theory)). Learn more about your ad choices. Visit podcastchoices.com/adchoices,6780784,False,4rULPjdQvXOXnCQ0VmO8hQ,en,PowerWash Pals Podcast: MatPat (Game Theory),2025-02-26,,,,,
"Four brave adventurers begin a journey to Boulderay in order to join the illustrious Infinights. Do they have what it takes to get in? Join the Party and help make this show possible by joining us on Patreon.com/StinkyDragon! Get BTS content, access to our discord, live streams and more! And of course, our immensely stinky gratitude  🐉💨 Learn more about your ad choices. Visit megaphone.fm/adchoices",2852780,False,3Ml2MRtE7UsmFpulIKFX06,en,C01 - Ep. 01 - Infinight Interns - Welcome to Boulderay,2021-05-04,,,,,
"The cast introduces their PCs, including a neurotic elf, a goblin PI, and a corn-worshipping cleric.",6847294,True,3kzqnyBwtbdSh6dTQdcZjv,en,Fantasy High | Ep. 1 | The Beginning Begins,2019-10-23,,,,,
"Join Alana, Indy and Stacey as they play their first ever game of D&D. Will they escape the cage? Will they recover their memories? Will they be back for a second episode?  Episode Notes: Indy is Freya the Rogue, Alana is Morrigan the Sorcerer, Stacey is Kaa'Riin the Bearbarian, and Cory is your DM.  Patreon (where the ad-free shows are!): https://www.patreon.com/girlswhodontdnd Website: www.girlswhodontdnd.com Email: girlswhodontdnd@gmail.com Instagram: https://www.instagram.com/girlswhodontdnd/ Twitter: https://twitter.com/girlswhodontdnd Facebook: https://fb.me/GirlswhodontDnD Discord: https://discord.gg/p5DrZNzDKu Reddit: https://www.reddit.com/r/GirlsWhoDontDnD/ Merch: https://girlswhodontdnd.dashery.com/ Intro Music: ""It's just three girls"" - Mia Stegner Outro Music: ""Don't Worry About Them"" - Mia Stegner Learn more about your ad choices. Visit megaphone.fm/adchoices",3686896,True,3fP3yjB2CjPWwsPp3GHIPp,en,S01E01: Throw it into the sea - GWDDnD - Ch1: The Amnesia Chronicles,2021-08-16,,,,,
"Welcome to Campaign 2! DM Murph gives us a run down on the dark fairytale world of Eldermourne while Emily, Jake, and Caldwell reveal their characters. Support us at Patreon.com/Naddpod to get access to the after-show and a bunch of other Naddpod content!See Privacy Policy at https://art19.com/privacy and California Privacy Notice at https://art19.com/privacy#do-not-sell-my-info.",3978370,True,667ci2FjUPkPKMm7DWiTb3,en,Eldermourne - Ep. 0: Welcome to Eldermourne,2020-10-08,,,,,
"A moist bear and a hot fox, both with soapy eyes, walk into a bar in Australia. One orders a ""Kadoova"", the other orders a ""Chump."" And let me tell ya, that bartender got the greatest e****ion you've ever seen in your entire life.  Learn more about your ad choices. Visit podcastchoices.com/adchoices",3288456,True,7nMmjc7Bn1aWZ3olU4AYUH,en,Our Shirts Are Out,2025-03-14,,,,,
"Welcome to Eldermourne! Fia Boginya (Emily Axford) investigates a strange incident in the woods, Zirk Vervain (Caldwell Tanner) has a run-in with a local gang, and Henry Hogfish (Jake Hurwitz) puts his dukes up. Support us at Patreon.com/Naddpod to get access to the after-show and a bunch of other Naddpod content!Music / Sound Effects Include:""Horror Tension Builder"" by original_sound at Freesound.org.""Fia"" by Emily Axford.""Zirk"" by Emily Axford.""Henry"" by Emily Axford.""Eldermourne"" by Emily Axford.""Oh, Melora!"" by Emily Axford.""The Posse"" by Emily Axford.""The Purge"" by Emily Axford.""Unknown Tome"" by Emily Axford.""Sumpin's a Mess Out West"" by Emily Axford.""The Whisperwood"" by Emily Axford.""Langston"" by Emily Axford.""A Fate Refused"" by Emily Axford.See Privacy Policy at https://art19.com/privacy and California Privacy Notice at https://art19.com/privacy#do-not-sell-my-info.",6540643,True,4bXoyx9ecUl4lZltGgkyk1,en,Eldermourne - Ep. 1: The Reaping Season,2020-10-16,,,,,
"Our new heroes deal with the aftermath of the mysterious horror's attack on Thornkirk. Fia adds a new book to her collection, Zirk gets a nickname, and Henry shakes off some ring rust. Support us at Patreon.com/Naddpod to get access to the after-show and a bunch of other Naddpod content!Music / Sound Effects Include:""Club chatter, London"" by mlteenie at Freesound.org.""Rowdy Crowd"" by xtrgamr at Freesound.org.""Boginya, Fia Boginya"" by Emily Axford.""Into the Fire"" by Emily Axford.""Spare the Spritely"" by Emily Axford.""The Witch's Hut"" by Emily Axford.""Blackthorn Hall"" by Emily Axford.""The Lonely Autumn"" by Emily Axford.""A Friend For Life"" by Emily Axford.""Guardians of the Grove"" by Emily Axford.""Kingshammer"" by Emily Axford.""Fia"" by Emily Axford.""Henry"" by Emily Axford.""The Posse"" by Emily Axford.""Unknown Tome"" by Emily Axford.""Langston"" by Emily Axford.See Privacy Policy at https://art19.com/privacy and California Privacy Notice at https://art19.com/privacy#do-not-sell-my-info.",6651872,True,4HShdxmYpWs5zz1TX7jREq,en,Eldermourne - Ep. 2: Jabs and Hooks,2020-10-23,,,,,
"Our new heroes join a bar brawl and begin to investigate the mysterious spirit that is hunting the Rooks. Fia sees a pool for the first time, Zirk does some crustacean-based alchemy, and Henry reveals an impressing living situation. Support us at Patreon.com/Naddpod to get access to the after-show and a bunch of other Naddpod content!Music / Sound Effects Include:""Club chatter, London"" by mlteenie at Freesound.org.""Rowdy Crowd"" by xtrgamr at Freesound.org.""Demigod"" by Emily Axford. ""Broken Heart Banshee"" by Emily Axford. ""The Baron's Estate"" by Emily Axford. ""Henry's House"" by Emily Axford. ""The Children"" by Emily Axford. See Privacy Policy at https://art19.com/privacy and California Privacy Notice at https://art19.com/privacy#do-not-sell-my-info.",6373955,True,2DMo89VWplte5i7E80lUIl,en,Eldermourne - Ep. 3: Broken Heart Banshee,2020-10-30,,,,,
"Fellow Americans, please vote today if you haven't already! You can find your polling place at https://www.headcount.org/. We're releasing 3 episodes of D&D Court from our Patreon to the main feed so you can bring us along with you! Dungeon Bailiff Jake brings audience-submitted cases to  Supreme Crit Justices Murph, Emily, and Caldwell who hand down harsh sentences.Time Codes:Short Rest D&D Court - (00:00:36)Mixed Bag of Holding: D&D Court (Part II) - Oops All Edgelords! - (00:51:58)Mixed Bag of Holding: D&D Court (Teleportation Helmets, Grumbly DMs, & Cluckgane Bowl) - (1:47:30)See Privacy Policy at https://art19.com/privacy and California Privacy Notice at https://art19.com/privacy#do-not-sell-my-info.",9242305,True,3g5O8VFMO0qNrFiMY7YdRn,en,Election Day Mixed Bag Mixtape - D&D Court I-III,2020-11-03,,,,,
"The New Crew investigates Penrose Crypt and deals with an extraordinarily annoying ghost. Henry channels Wolverine, Zirk starts collecting bones, and Fia meets an undead rival. Support us at Patreon.com/Naddpod to get access to the after-show and a bunch of other Naddpod content!Music / Sound Effects Include:""Broken Heart Banshee"" by Emily Axford.""Ruins of Cragwater"" by Emily Axford.""A Memory"" by Emily Axford.""Young Love"" by Emily Axford.""Gunvar"" by Emily Axford.See Privacy Policy at https://art19.com/privacy and California Privacy Notice at https://art19.com/privacy#do-not-sell-my-info.",5250481,True,6G4DbPQw51XCfPFSrboxQ9,en,Eldermourne - Ep. 4: Ghosts of Thornkirk,2020-11-06,,,,,
"The new crew puts Sadie to rest, then embarks on a quest to bring her killer to justice. Fia eyes a familiar blade, Zirk gets chatty with dangerous company, and Henry names his shadow. Support us at Patreon.com/Naddpod to get access to the after-show and a bunch of other Naddpod content!Music / Sound Effects Include:""Club chatter, London"" by mlteenie at Freesound.org.""Broken Heart Banshee"" by Emily Axford.""Gunvar"" by Emily Axford.""Conspiracy in the Clouds"" by Emily Axford.""Grimhawke"" by Emily Axford.""Shadowfell"" by Emily Axford.""Henry"" by Emily Axford.""Bonkginya, Fia Bonkginya"" by Emily Axford.""Balnor the Brave"" by Emily Axford.""A Friend for Life"" by Emily Axford.""Blackthorn Hall"" by Emily Axford.""The Petty Guard"" by Emily Axford.""Batilda's Blade"" by Emily Axford.""Unknown Tome"" by Emily Axford.""The Lonely Autumn"" by Emily Axford.""A Fate Refused"" by Emily Axford.""Langston"" by Emily Axford.""The Baron's Estate"" by Emily Axford.""Two for Tea"" by Emily Axford.""Fia"" by Emily Axford.See Privacy Policy at https://art19.com/privacy and California Privacy Notice at https://art19.com/privacy#do-not-sell-my-info.",6329364,True,0cP1bL9yZ8atU5ddGeg7bD,en,Eldermourne - Ep. 5: The Baroness,2020-11-14,,,,,
"This episode of Distractible pleads the fifth. Any further information will require the presence of a lawyer. Or just get Bob or Wade, that should be good enough.  Learn more about your ad choices. Visit podcastchoices.com/adchoices",3355305,True,5GHYYaAdCWdifmTKSZRZBf,en,Illegal Advice Too,2025-03-24,,,,,
"Whether you like it fast or slow, Distractible is here to satisfy.  Learn more about your ad choices. Visit podcastchoices.com/adchoices",4353671,True,3QFhzxeK1LAyFimpygBdXU,en,Faster or Slower?,2025-03-28,,,,,
"The Choo Choo Crew embarks on a mission to free Sewastian and take down the Whitlockes. Henry gets greedy with his appetizers, Zirk employs Bookvar as a medical assistant, and Fia learns the fate of an old friend. Support us at Patreon.com/Naddpod to get access to the after-show and a bunch of other Naddpod content!Music / Sound Effects Include:""Club chatter, London"" by mlteenie at Freesound.org.""Grimhawke"" by Emily Axford.""Shadowfell"" by Emily Axford.""Bonkginya, Fia Bonkginya"" by Emily Axford.""A Friend for Life"" by Emily Axford.""Batilda's Blade"" by Emily Axford.""Unknown Tome"" by Emily Axford.""The Lonely Autumn"" by Emily Axford.""A Fate Refused"" by Emily Axford.""Fia"" by Emily Axford.See Privacy Policy at https://art19.com/privacy and California Privacy Notice at https://art19.com/privacy#do-not-sell-my-info.",6525544,True,4NfTAKzRWDghnu2s9rVk4m,en,Eldermourne - Ep. 6: The Rook's Gambit,2020-11-20,,,,,
"The Choo Choo Crew looks to rescue Syb from certain death... if they can even rescue themselves! Fia gets deja vu when she sees the executioner's scale, Zirk attempts to woo a crowd, and Henry gets into it with his shadow. Support us at Patreon.com/Naddpod to get access to the after-show and a bunch of other Naddpod content!Music / Sound Effects Include:""A Memory"" by Emily Axford. ""The Lonely Autumn"" by Emily Axford. ""Escape From Smuggler's Bounty"" by Emily Axford. ""The Pact"" by Emily Axford. ""The Valiant Ol' Cobb"" by Emily Axford.""The Scale"" by Emily Axford.""Little Fang"" by Emily Axford.""Toadlimax"" by Emily Axford.See Privacy Policy at https://art19.com/privacy and California Privacy Notice at https://art19.com/privacy#do-not-sell-my-info.",6311523,True,2irtfhs2lg0lv5oa9SbM0R,en,Eldermourne - Ep. 7: Trial by Scale,2020-12-04,,,,,
"The Choo Choo crew continues their battle against Fergus Whitlocke! Henry hovers on the edge of death, Fia braves a Horror's wrath, and Zirk gets one last shot. Support us at Patreon.com/Naddpod to get access to the after-show and a bunch of other Naddpod content!Music / Sound Effects Include:""Big Crowd Chatter"" by Kyster at Freesound.org.""The Lonely Autumn"" by Emily Axford.""The Valiant Ol' Cobb"" by Emily Axford.""A Tale's End"" by Emily Axford. ""Blackthorn Hall"" by Emily Axford.""A Hospitable Farewell"" by Emily Axford.""Hardwon Takes the Wheel"" by Emily Axford.""The Gunslinger's Girl"" by Emily Axford.""Gunvar"" by Emily Axford. ""Gutless"" by Emily Axford.""Henry"" by Emily Axford.See Privacy Policy at https://art19.com/privacy and California Privacy Notice at https://art19.com/privacy#do-not-sell-my-info.",5146488,True,5LbcFe5ixNhcuYRIy1FzGP,en,Eldermourne - Ep. 8: Until We Meet Again,2020-12-11,,,,,
"Lou Wilson joins the cast to talk about their new characters for Eldermourne's second arc! Jake channels Matthew McConaughey, Emily accidentally runs a poison plant shop, and Lou loves his rusty weapons. Support us at Patreon.com/Naddpod to get access to the after-show and a bunch of other Naddpod content!See Privacy Policy at https://art19.com/privacy and California Privacy Notice at https://art19.com/privacy#do-not-sell-my-info.",4525322,True,722l13RE9VScNxDYnGdPd8,en,"Eldermourne - Arc 2 Ep. 0: Oops, All New Characters! (w/ Lou Wilson)",2020-12-31,,,,,
"After the Choo Choo Crew's recent run-ins with Reaper zealots sent by the Petty King, we cut to the source of the trouble -- a crumbling kingdom with a dark secret! Lou Wilson leads a whole new cast of characters as Jabari Hightower, along with Emily Axford as Tarragon Snakeroot and Jake Hurwitz as Corbeau Babineaux. Oops, all monks, baby! Support us at Patreon.com/Naddpod to get access to the after-show and a bunch of other Naddpod content!Music / Sound Effects Include:""Winter Garden"" by Klankbeeld at Freesound.org. ""The Lonely Autumn"" by Emily Axford.""A Wizard's Tournament"" by Emily Axford. ""Soul Coins"" by Emily Axford. ""The Hexblood Centurions"" by Emily Axford. ""Harrenford"" by Emily Axford. ""Starspawn"" by Emily Axford. ""Hospitable"" by Emily Axford. ""All I Need is One Thread to Spin a Web"" by Emily Axford. ""Tundra Trudge"" by Emily Axford.""Tarragon's Terrarium"" by Emily Axford.""A Friend for Life"" by Emily Axford.""The Lonely Autumn"" by Emily Axford.""A Fate Refused"" by Emily Axford. ""Unknown Tome"" by Emily Axford. ""The Purge"" by Emily Axford. ""Into the Flame"" by Emily Axford.See Privacy Policy at https://art19.com/privacy and California Privacy Notice at https://art19.com/privacy#do-not-sell-my-info.",6360607,True,6gqM6aEmVZnmMZDdeVwSnS,en,Eldermourne - Ep. 9: Hexblood (w/ Lou Wilson),2021-01-08,,,,,
"The Hexbuds prepare to do battle with the King's half-brother, but face a string of moral quandaries along the way. Jabari goes for the kill, Tarragon attempts diplomacy with a giant monster man, and Corbeau the Crow dons his mask once more. Support us at Patreon.com/Naddpod to get access to the after-show and a bunch of other Naddpod content!Music / Sound Effects Include:""Medieval Marching"" by Yap Audio Production at Freesound.org.""Medieval Marching and Chanting"" by Yap Audio Production at Freesound.org.""Court of the Boy King"" by Emily Axford. ""Sea Beast"" by Emily Axford. ""The Lonely Autumn"" by Emily Axford.""A Wizard's Tournament"" by Emily Axford.""Soul Coins"" by Emily Axford.""The Hexblood Centurions"" by Emily Axford.""Harrenford"" by Emily Axford.""All I Need is One Thread to Spin a Web"" by Emily Axford.""Tundra Trudge"" by Emily Axford.""Unknown Tome"" by Emily Axford.""Angels & Devils"" by Emily Axford.""Conspiracy in the Clouds"" by Emily Axford.""Spooky Shafts"" by Emily Axford.See Privacy Policy at https://art19.com/privacy and California Privacy Notice at https://art19.com/privacy#do-not-sell-my-info.",6467526,True,3NxFEUw6EFpJeFi1z0y5Tq,en,Eldermourne - Ep. 10: The Would Be King (w/ Lou Wilson),2021-01-15,,,,,
"This episode is brought to you by Walmart Subscriptions. Groceries and essentials, delivered on repeat. Welcome to your Walmart.Old Mark-plier had another farm. E. Learn more about your ad choices. Visit podcastchoices.com/adchoices",3177263,True,78I77DmBofD4e9MxJUHWlu,en,Animal Noises Too,2025-03-31,,,,,
The dudes are bringing it back home with this one. Learn more about your ad choices. Visit podcastchoices.com/adchoices,4036151,True,4gbjQmxnGS8wNzSfhZ8YK6,en,Distractible Travel Guide: Cincinnati ,2025-04-04,,,,,
"The Hexbuds attempt to finish the false king, then try to escape with their lives. Tarragon sprouts dragon wings, Jabari stays on target, and Corbeau follows an old friend. Support us at Patreon.com/Naddpod to get access to the after-show and a bunch of other Naddpod content!Music / Sound Effects Include:""Small Forest Stream"" by CraftCrest at Freesound.org.""A Wizard's Tournament"" by Emily Axford.""The Hexblood Centurions"" by Emily Axford.""Sir Reynard"" by Emily Axford.""Stallios"" by Emily Axford.""Winter Sprite"" by Emily Axford.""The Purge"" by Emily Axford.""The Valiant Ol' Cobb"" by Emily Axford.""A Haven Away From Home"" by Emily Axford.""Fantastic & Fuddling"" by Emily Axford.""All I Need is One Thread to Spin a Web"" by Emily Axford.""Hospitable"" by Emily Axford.""Hexbuds"" by Emily Axford.See Privacy Policy at https://art19.com/privacy and California Privacy Notice at https://art19.com/privacy#do-not-sell-my-info.",6708349,True,4RH4ZezoUV8H2C7cvROPMf,en,Eldermourne - Ep. 11: Killshot (w/ Lou Wilson),2021-01-22,,,,,
"The HexBuds get a troubling update from Glada, then head off to face the Prophet Gideon. Corbeau delivers an actually inspiring speech, Tarragon saves a centaur, and Jabari puts a hex on Gideon. Support us at Patreon.com/Naddpod to get access to the after-show and a bunch of other Naddpod content!Music / Sound Effects Include:""Small Forest Stream"" by CraftCrest at Freesound.org.""A Wizard's Tournament"" by Emily Axford.""The Hexblood Centurions"" by Emily Axford.""Sir Reynard"" by Emily Axford.""Stallios"" by Emily Axford.""Winter Sprite"" by Emily Axford.""The Purge"" by Emily Axford.""Sea Beast"" by Emily Axford.""Fantastic & Fuddling"" by Emily Axford.See Privacy Policy at https://art19.com/privacy and California Privacy Notice at https://art19.com/privacy#do-not-sell-my-info.",6179239,True,0hgRdC6klr7SWjqmTzvZyl,en,Eldermourne - Ep. 12: The Prophet Gideon (w/ Lou Wilson),2021-02-05,,,,,
"The Hexbuds investigate Prophet Gideon's remains and come face to face with a new faction. Jabari attempts diplomacy through gritted teeth, Corbeau gets ""Jester-level"" funny, and Tarragon unleashes the dragon. Support us at Patreon.com/Naddpod to get access to the after-show and a bunch of other Naddpod content!Music / Sound Effects Include:""Male Scream"" by jorickhoofd at Freesound.org.""Soul Coins"" by Emily Axford. ""A Wizard's Tournament"" by Emily Axford.""The Hexblood Centurions"" by Emily Axford.""Sea Beast"" by Emily Axford.""Spooky Shafts"" by Emily Axford. ""The Boy King's Court"" by Emily Axford. ""All I Need is One Thread to Spin a Web"" by Emily Axford.""Bittersweet 16"" by Emily Axford.See Privacy Policy at https://art19.com/privacy and California Privacy Notice at https://art19.com/privacy#do-not-sell-my-info.",5905815,True,04210ocQpV3Haf8LpZjFcC,en,Eldermourne - Ep. 13: Cindersworn (w/ Lou Wilson),2021-02-12,,,,,
"The HexBuds confront an old friend, gone bad. Jabari experiences deja vu, Tarragon channels John Wick, and Corbeau gets lucky. Support us at Patreon.com/Naddpod to get access to the after-show and a bunch of other Naddpod content!Music / Sound Effects Include:""Horror Ambience"" by Klankbeeld at Freesound.org.""Explosion Bomb Blast Ambient"" by Zimbot at Freesound.org.""Building Collapse"" by Onteca at Freesound.org. ""A Wizard Tournament"" by Emily Axford.""Unknown Tome"" by Emily Axford.""Kingshammer"" by Emily Axford.""Sir Reynard"" by Emily Axford.""Broken Heart Banshee"" by Emily Axford.""Demi-God"" by Emily Axford.""Gutless"" by Emily Axford.""Winter Sprite"" by Emily Axford.""Hospitable"" by Emily Axford.""The Pact"" by Emily Axford.""The Hexblood Centurions"" by Emily Axford.""All I Need is One Thread to Spin a Web"" by Emily Axford.""The Purge"" by Emily Axford.""Into the Fire"" by Emily Axford.See Privacy Policy at https://art19.com/privacy and California Privacy Notice at https://art19.com/privacy#do-not-sell-my-info.",6058919,True,3wdS2UMviR4soGUit3f9rl,en,Eldermourne - Ep. 14: The Petty King of Outerborough (w/ Lou Wilson),2021-02-19,,,,,
"WARNING: CHOKING HAZARD, large quantities of beans and hyperventilation.This episode is brought to you by Walmart Subscriptions. Groceries and essentials, delivered on repeat. Welcome to your Walmart. Learn more about your ad choices. Visit podcastchoices.com/adchoices",3668183,True,1KaV0KR7BPINVDrunyQPCk,en,"Nah, I'd Win (Part 3)",2025-04-07,,,,,
"The Distractible Time Machine™ is still running, and this time Wade is in the driver's seat. Learn more about your ad choices. Visit podcastchoices.com/adchoices",3962591,True,1pTCyDmgplqBeasRCMmWek,en,Slice of Life,2025-04-11,,,,,
"The internet's most reliable news source is back, but maybe not better than ever. Learn more about your ad choices. Visit podcastchoices.com/adchoices",3102960,True,2YhOaoOVOSGZIKAfLIV5gM,en,Even More Broken News,2025-04-14,,,,,
"The Third Mates travel down the river to Innerborough, where they happen upon a spooky scene. Henry gives himself an unfortunate haircut, Zirk shows his fangs, and Fia finally gets some answers. Support us at Patreon.com/Naddpod to get access to the after-show and a bunch of other Naddpod content!Music / Sound Effects Include:""Passage Way Ambience"" by Dpoggioli at Freesound.org.""Kenley"" by Emily Axford.""The Blade and the Smith"" by Emily Axford.""The Scales Reprise"" by Emily Axford.""Blackthorn Hall"" by Emily Axford.""Hospitable"" by Emily Axford.""Henry"" by Emily Axford.""Spare the Spritely"" by Emily Axford.""The Witch's Hut"" by Emily Axford.""A Friend For Life"" by Emily Axford.""Young Love"" by Emily Axford.""Montgomery Manor"" by Emily Axford.""The Pact"" by Emily Axford.""Two for Tea"" by Emily Axford.""A Wizard's Tournament"" by Emily Axford.""A Memory"" by Emily Axford.See Privacy Policy at https://art19.com/privacy and California Privacy Notice at https://art19.com/privacy#do-not-sell-my-info.",7246262,True,7MFZvyV2etMYLoZScJsUn3,en,Eldermourne - Ep. 15: Portrait of a Blade,2021-03-05,,,,,
"The Third Mates get some more intel from Kenley, then head off into the mountains to find Batilda. Fia becomes a climbing machine, Henry embraces the outdoors, and Zirk is vulture food. Support us at Patreon.com/Naddpod to get access to the after-show and a bunch of other Naddpod content!Music / Sound Effects Include:""Jazz Piano Medley"" by Tri-Tachyon at SoundCloud.""Tundra Trudge"" by Emily Axford.""The Valley of the Frigid Death"" by Emily Axford.""A Giant Among Men"" by Emily Axford.""Kenley"" by Emily Axford.""The Blade and the Smith"" by Emily Axford.""Hospitable"" by Emily Axford.""A Friend For Life"" by Emily Axford.""Young Love"" by Emily Axford.""The Pact"" by Emily Axford.""A Wizard's Tournament"" by Emily Axford.""A Memory"" by Emily Axford.""Unknown Tome"" by Emily Axford.""The Lonely Autumn"" by Emily Axford.""Broken Heart Banshee"" by Emily Axford.See Privacy Policy at https://art19.com/privacy and California Privacy Notice at https://art19.com/privacy#do-not-sell-my-info.",6047059,True,3U0WTGwl1Y1H5eYIEGWRCz,en,Eldermourne - Ep. 16: Curses & Cliffhangers,2021-03-12,,,,,
"The Third Mates continue their trek to the Temple of the Guardians while being tracked by natural predators! Henry rocks short shorts, Zirk drools over some venom, and Fia embodies spider climb. Support us at Patreon.com/Naddpod to get access to the after-show and a bunch of other Naddpod content!Music / Sound Effects Include:""Tundra Trudge"" by Emily Axford.""Zirk Vervain"" by Emily Axford.""The Valley of the Frigid Death"" by Emily Axford.""Angels & Devils"" by Emily Axford.""Block Hop"" by Emily Axford.""Snake Fight"" by Emily Axford. ""The Pact"" by Emily Axford.""A Wizard's Tournament"" by Emily Axford.""The Multiverse"" by Emily Axford.""Into the Fire"" by Emily Axford.""Somethin's Amess Out West"" by Emily Axford.See Privacy Policy at https://art19.com/privacy and California Privacy Notice at https://art19.com/privacy#do-not-sell-my-info.",6587977,True,0essUIEGqjPs5KhmaGivxM,en,Eldermourne - Ep. 17: Monsters of the Mountain,2021-03-19,,,,,
"The Third Mates encounter a crew of bandits, then head into the temple to search for Batilda. Zirk gets a little too excited about traps, Fia goes full stage mom, and Henry meets someone even sadder than him. Support us at Patreon.com/Naddpod to get access to the after-show and a bunch of other Naddpod content!Music / Sound Effects Include:""A Wizard's Tournament"" by Emily Axford.""Bloody Mural"" by Emily Axford.""Olwen the Sullen"" by Emily Axford.""Haunting Visages"" by Emily Axford.""On the Edge"" by Emily Axford.""Spooky Shafts"" by Emily Axford.""Deadeye"" by Emily Axford.""The Red Fen"" by Emily Axford.""Winter Sprite"" by Emily Axford.See Privacy Policy at https://art19.com/privacy and California Privacy Notice at https://art19.com/privacy#do-not-sell-my-info.",6858396,True,6kaEW9iUEi5M0RpO38HFLn,en,Eldermourne - Ep. 18: Temple of the Guardians,2021-04-02,,,,,
"The Third Mates enter a tense stand-off with Quick Blast Cass Calloway! Zirk teeters on the edge, Henry roasts Shank, and Fia learns the fate of her mentor. Support us at Patreon.com/Naddpod to get access to the after-show and a bunch of other Naddpod content!Music / Sound Effects Include:""A Wizard's Tournament"" by Emily Axford.""Langston"" by Emily Axford. ""The Red Fen"" by Emily Axford.""The Posse"" by Emily Axford.""Buzzer's Cutters"" by Emily Axford.""The Bronze Bastard"" by Emily Axford.""A Memory"" by Emily Axford.""The Lonely Autumn"" by Emily Axford.""Gunvar"" by Emily Axford.""The Multiverse"" by Emily Axford.""The Ruins of Cragwater"" by Emily Axford.""Faceless"" by Emily Axford.""Eldermourne"" by Emily Axford.""The Prodigal Sister"" by Emily Axford.""Escape From Smuggler's Bounty"" by Emily Axford.""Into the Planar Pool"" by Emily Axford.""The Pact"" by Emily Axford.""Cetacean Farewell"" by Emily Axford.See Privacy Policy at https://art19.com/privacy and California Privacy Notice at https://art19.com/privacy#do-not-sell-my-info.",7393384,True,29YOFqNE5Oz2aoELmkhHVQ,en,Eldermourne - Ep. 19: Blade Witch,2021-04-09,,,,,
The greatest public domain story ever told finally comes to the big screen. Learn more about your ad choices. Visit podcastchoices.com/adchoices,3702983,True,42kfbEinuTXWMBMfvZbpbd,en,Dippy Dawg Does Dunkirk,2025-04-25,,,,,
"Markiplier presents, ""A Heist with Bob & Wade.""  This episode is brought to you by Degree Deodorant. Grab the original Cool Rush at Walmart or Target today.  Download the Rocket Money app now, and tell them we sent you! Learn more about your ad choices. Visit podcastchoices.com/adchoices",5268023,True,24TbGAGoJPm06mz1iEPeWN,en,The Even More Perfecter Crime,2025-04-28,,,,,
"Can Wade sneak his oozing and thronging weirdness past Mark and Bob?  DOOM: The Dark Ages, coming May 15th. Pre-Order at: beth.games/3WDZI4V  Learn more at uber.com/onourway  Learn more about your ad choices. Visit podcastchoices.com/adchoices",4102655,True,11G5oivUsD4tObaXA5IkhW,en,Weird (Part 4),2025-05-02,,,,,
"All of the Distractible crossovers you've dreamt off, jam-packed into one episode!  DOOM: The Dark Ages, coming May 15th. Pre-Order at: beth.games/3WDZI4V  Learn more at uber.com/onourway  Learn more about your ad choices. Visit podcastchoices.com/adchoices",3941400,True,07AyV3OlamW6MCzqQiXM6M,en,Who Is Us?,2025-05-05,,,,,
"W asks B & M some grade A ""Q""s.  DOOM: The Dark Ages, coming May 15th. Pre-Order at: beth.games/3WDZI4V  Learn more at uber.com/onourway Learn more about your ad choices. Visit podcastchoices.com/adchoices",3816240,True,2vYp6OWbAYQ73gItzd2t9w,en,"idk, some ""Q""s",2025-05-09,,,,,
"The Third Mates face off against Olwen, the emo winter fairy! Henry gets into it with some children, Zirk fails his swimming lesson, and Fia makes a pledge to Batilda. Support us at Patreon.com/Naddpod to get access to the after-show and a bunch of other Naddpod content!Music / Sound Effects Include:""Club chatter, London"" by mlteenie at Freesound.org.""Metal Drums"" by RebelSpirit at Freesound.org.""A Wizard's Tournament"" by Emily Axford.""Langston"" by Emily Axford.""The Bronze Bastard"" by Emily Axford.""The Ruins of Cragwater"" by Emily Axford.""The Red Fen"" by Emily Axford.""The Witch's Hut"" by Emily Axford.""The Lonely Autumn"" by Emily Axford.""Batilda's Blade"" by Emily Axford.""Kingshammer"" by Emily Axford.See Privacy Policy at https://art19.com/privacy and California Privacy Notice at https://art19.com/privacy#do-not-sell-my-info.",5528372,True,1nCU6moOx2XLzlU0hJbOLq,en,Eldermourne - Ep. 20: Olwen the Sullen,2021-04-16,,,,,
"The Third Mates learn about some strange happenings under the mountain from Losgrar, then venture off to investigate. Fia gets a scare, Zirk gets in deep, and Henry gets some disturbing news. Support us at Patreon.com/Naddpod to get access to the after-show and a bunch of other Naddpod content!Music / Sound Effects Include:""Club chatter, London"" by mlteenie at Freesound.org.""A Wizard's Tournament"" by Emily Axford.""The Red Fen"" by Emily Axford.""The Lonely Autumn"" by Emily Axford.""Kingshammer"" by Emily Axford.""Zirk"" by Emily Axford.""Henry"" by Emily Axford.""Spooky Shafts"" by Emily Axford.""Friend for Life"" by Emily Axford.""Baroness"" by Emily Axford.""Blackthorn Hall"" by Emily Axford.""Cursed"" by Emily Axford.""Soul Coins"" by Emily Axford.""Into the Planar Pool"" by Emily Axford. See Privacy Policy at https://art19.com/privacy and California Privacy Notice at https://art19.com/privacy#do-not-sell-my-info.",7588101,True,12h4mvMLgBGgeQfWHZnr13,en,Eldermourne - Ep. 21: The Crux,2021-05-07,,,,,
"The Third Mates grapple with a spectral dragon... and a moral quandary! Fia embodies her fears, Zirk unveils his healing gun, and Henry gets buried. Support us at Patreon.com/Naddpod to get access to the after-show and a bunch of other Naddpod content!Music / Sound Effects Include:""A Wizard's Tournament"" by Emily Axford.""Kingshammer"" by Emily Axford.""Zirk"" by Emily Axford.""Spooky Shafts"" by Emily Axford.""Zelbuldar 3"" by Emily Axford.""Ghost Dragon"" by Emily Axford.""The Scrappers"" by Emily Axford.""Healing Worm"" by Emily Axford.See Privacy Policy at https://art19.com/privacy and California Privacy Notice at https://art19.com/privacy#do-not-sell-my-info.",6161449,True,5Fedg08y3CWzU51LN7Ztmm,en,Eldermourne - Ep. 22: Ghost Dragon,2021-05-14,,,,,
"The Third Mates square off against a crew of Scrappers in a hidden cellar while a Ghost Dragon rages above! Zirk researches new healing techniques, Henry narrows down the source of his curse, and Fia attempts to locate her long lost friend. Support us at Patreon.com/Naddpod to get access to the after-show and a bunch of other Naddpod content!Music / Sound Effects Include:""A Wizard's Tournament"" by Emily Axford.""Irina"" by Emily Axford.""Haunting Visages"" by Emily Axford.""Zelbuldar 3"" by Emily Axford.""Ghost Dragon"" by Emily Axford.""The Scrappers"" by Emily Axford.""The Children"" by Emily Axford.""Winter Sprite"" by Emily Axford.""Gunvar"" by Emily Axford.""A Friend for Life"" by Emily Axford.See Privacy Policy at https://art19.com/privacy and California Privacy Notice at https://art19.com/privacy#do-not-sell-my-info.",5518027,True,1xRBBAbLmimiOTsOmNWI4g,en,Eldermourne - Ep. 23: Scrappers,2021-05-21,,,,,
"Just because we don't have merch right now, doesn't mean we still can't try to sell you stuff!   DOOM: The Dark Ages, coming May 15th. Pre-Order at: beth.games/3WDZI4V  This episode is brought to you by Degree Deodorant. Grab the original Cool Rush at Walmart or Target today. Learn more about your ad choices. Visit podcastchoices.com/adchoices",3493008,True,1PQw2ev9OEW40vYl5C2VyY,en,Three Word Sales Pitch,2025-05-12,,,,,
"Mark wreaks revenge and havoc on Bob and Wade for all those definitely, totally not deserved losses.  DOOM: The Dark Ages: Stand and Fight. Available now at: beth.games/3WDZI4V  Visit Amazon.com/prime to get more out of whatever you’re into. Learn more about your ad choices. Visit podcastchoices.com/adchoices",3528723,True,1ox7I31enBsKUpYml9WtOx,en,Mark's Big Dumb Word Game,2025-05-16,,,,,
"The Third Mates interrogate a sentient horror before facing a familiar foe! Fia summons a nightmare steed, Zirk goes for a ride, and Hank engages in a monster truck rally. Support us at Patreon.com/Naddpod to get access to the after-show and a bunch of other Naddpod content!Music / Sound Effects Include:""Bone Crunch"" by Clearwavsound at Freesound.org.""A Wizard's Tournament"" by Emily Axford.""Fia"" by Emily Axford.""All I Need is One Thread to Spin a Web"" by Emily Axford.""Unknown Tomb"" by Emily Axford.""Witch's Hut"" by Emily Axford. ""Soul Coins"" by Emily Axford.""The Bronze Bastard"" by Emily Axford.""Balnor the Brave"" by Emily Axford. ""Buzzer's Cutters"" by Emily Axford. ""A Fate Refused"" by Emily Axford.""The Pact"" by Emily Axford.See Privacy Policy at https://art19.com/privacy and California Privacy Notice at https://art19.com/privacy#do-not-sell-my-info.",7200208,True,4XdvtEr5tlXyFXsM1OCtlw,en,Eldermourne - Ep. 24: Awakened,2021-06-07,,,,,
"These tales from servers will blow your mind. Start listening and discover what’s beyond the edge of your seat. New members can try Audible now free for 30 days and dive into a world of new thrills. Visit https://Audible.com/SRRS or text (SRRS) to 500-500.PODCAST:https://smo.sh/PitRedditSpotifyhttps://smo.sh/PitRedditiHearthttps://smo.sh/PitRedditApple0:00 Intro1:16 A lady called to warn us about her husband https://www.reddit.com/r/TalesFromYourServer/comments/1iarl4n/a_lady_called_to_warn_us_about_her_husband/11:24 Sponsor12:41 She wrote a mean note on the tip https://www.reddit.com/r/TalesFromYourServer/comments/1jzxky4/woman_wrote_dont_be_such_a_c_on_tip_line_after_i/18:43 My best friend is broke but won't take the job I'm offering https://www.reddit.com/r/BestofRedditorUpdates/comments/1itqo6r/my_m31_best_friend_m33_is_broke_ive_been_offering/36:08 Snitched on my coworker who spit in food https://www.reddit.com/r/AmItheAsshole/comments/mnh20i/aita_for_snitching_on_a_coworker_for_spitting_on/46:45 My mom's rude customer turned out to be my gf https://www.reddit.com/r/relationship_advice/comments/hoznlr/my_moms_rude_customer_turned_out_to_be_my/1:08:37 I still remember his Hawaiian shirt https://www.reddit.com/r/TalesFromYourServer/comments/1fnsfob/i_still_remember_his_hawaiian_shirt/SUBSCRIBE: https://smo.sh/Sub2SmoshPitWEAR OUR JOKES: https://smosh.comWHO YOU HEARShayne Topp // https://www.instagram.com/shaynetopp/Tommy Bowe // https://www.instagram.com/tomeybones/Chanse McCrary // https://www.instagram.com/phatchanse/WHO YOU DON’T HEAR (usually)Director: Emily Rose JacobsonEditor: Vida RobbinsDirector of Programming, Smosh Pit: Emily Rose JacobsonAssociate Producer, Smosh Pit: Bailey PetracekProduction Designer: Cassie VanceArt Director: Erin KuschnerAssistant Art Director: Josie BellerbyStage Manager: Alex AguilarProp Master: Courtney ChapmanArt Coordinator: Abby SchmidtWardrobe Assistant: Elizabeth ParkProp Assistant: Bridgette BaronAudio Mixer: Scott NeffAudio Utility: Dina RamliDirector of Photography: James HullCamera Operator: Ryan BlewettCamera Operator: Macy ArmstrongAssistant Director: Jonathan HyonExecutive Vice President of Production: Amanda BarnesSenior Production Manager: Alexcina FigueroaProduction Manager: Jonathan HyonProduction Coordinator: Zianne HooverOperations & Production Coordinator: Oliver WehlanderProduction Assistant: Caroline SmithPost Production Manager: Luke BakerDIT/Lead AE: Matt DuranIT: Tim BakerIT & Equipment Coordinator: Lopati Ho CheeSound Editor: Gareth HirdDirector of Design: Brittany HobbsSenior Motion & Branding Designer: Christie HauckGraphic Designers: Ness Cardano, Monica RavitchSenior Manager, Channel & Strategy: Lizzy JonesChannel Operations Coordinator: Audrey CarganillaDirector of Social Media: Erica NoboaSocial Creative Producer: Peter Ditzler, Tommy BoweMerchandising Manager: Mallory MyersSocial Media Coordinator: Kim WilbornBrand Partnership Manager: Chloe MaysOperations Manager: Selina GarciaPeople Operations Specialist: Katie FinkFront Office Assistant: Sara FaltersackCEO: Alessandra CataneseExecutive Producers: Anthony Padilla, Ian HecoxEVP of Programming: Kiana ParkerCoordinating Producer of Programming: Marcus MunguiaAssociate Producer, Special Projects: Rachel CollisExecutive Assistant: Katelyn HempsteadOTHER SMOSHES:Smosh: https://smo.sh/Sub2SmoshSmosh Games: https://smo.sh/Sub2SmoshGamesSmoshCast: https://smo.sh/Sub2SmoshCastFOLLOW US:TikTok: https://smo.sh/TikTokInstagram: https://instagram.com/smoshFacebook: https://facebook.com/smosh""",4322543,True,3evZeXer15k953Gt1nPe8o,en,The REAL Kitchen Nightmares | Reading Reddit Stories,2025-05-17,,,,,
Mark rips off Bob and Mandy. Learn more about your ad choices. Visit podcastchoices.com/adchoices,4339903,True,3JLUaoZXY197ZbGEQ6IbD5,en,Distractible Riddle Realm,2023-09-29,,,,,
"The Third Mates settle up under the mountain, then visit high society! Henry tries to disappear, Fia experiences special treatment, and Zirk can't stay mad. Support us at Patreon.com/Naddpod to get access to the after-show and a bunch of other Naddpod content!Music / Sound Effects Include:""Sci-fi Laboratory"" by Qubodup at Freesound.org.""A Wizard's Tournament"" by Emily Axford.""Unknown Tome"" by Emily Axford.""Soul Coins"" by Emily Axford.""The Pact"" by Emily Axford.""The Whisperwood"" by Emily Axford.""Zirk"" by Emily Axford.""Montgomery Manor"" by Emily Axford.""The Purge"" by Emily Axford.""The Lonely Autumn"" by Emily Axford.""The Thinking Cap"" by Emily Axford.""Zelbuldar 3"" by Emily Axford.""A Memory"" by Emily Axford.""The Baron's Estate"" by Emily Axford.See Privacy Policy at https://art19.com/privacy and California Privacy Notice at https://art19.com/privacy#do-not-sell-my-info.",6351647,True,4lNGfFIcM6eW8c3ALcFe89,en,Eldermourne - Ep. 25: Flesh and Blood,2021-06-12,,,,,
"The Third Mates investigate the Lachnamoore estate, then continue to unravel the mysteries of West Precinct. Fia embodies the world's greatest scientist, Zirk teams up with his mom, and Henry has a long awaited reunion. Support us at Patreon.com/Naddpod to get access to the after-show and a bunch of other Naddpod content!Music / Sound Effects Include:""Sci-fi Laboratory"" by Qubodup at Freesound.org.""A Wizard's Tournament"" by Emily Axford.""Soul Coins"" by Emily Axford.""The Pact"" by Emily Axford.""Zirk"" by Emily Axford.""The Purge"" by Emily Axford.""The Lonely Autumn"" by Emily Axford.""The Thinking Cap"" by Emily Axford.""A Memory"" by Emily Axford.""Spare the Spritely"" by Emily Axford.""Hardwon Takes the Wheel"" by Emily Axford.""Spooky Shafts"" by Emily Axford.See Privacy Policy at https://art19.com/privacy and California Privacy Notice at https://art19.com/privacy#do-not-sell-my-info.",5827056,True,6GTy6qvJV0dfFtywFdQEZB,en,Eldermourne - Ep. 26: Too Late,2021-06-18,,,,,
"DM Murph briefly talks about the setting for the campaign, then joins Emily, Jake, and Caldwell to chat about their characters! Get to know Moonshine Cybin -- a backwoods elf druid who had to leave her home, the ol' crick, cuz ""something ain't right."" Marvel at the athletic prowess of Hardwon Surefoot -- a human fighter raised by dwarves in a dwarphanage. Tussle the hair of Beverly Toegold the Fifth -- a halfling boy scout and member of the Green Teens Junior Paladin Association! See Privacy Policy at https://art19.com/privacy and California Privacy Notice at https://art19.com/privacy#do-not-sell-my-info.",830902,True,7K3rsm7gv43dLkUVMGHehe,en,Welcome to Not Another D&D Podcast! (Meet the Party),2018-02-02,,,,,
"Hardwon (Jake), Moonshine (Emily), and Beverly (Caldwell) arrive in the small fishing village of Moonstone and meet Scoutmaster Denny -- a halfling coward with some terrible news. The crew answers the call of adventure, but gets tripped up by some pony-tailed barbarian bullies. See Privacy Policy at https://art19.com/privacy and California Privacy Notice at https://art19.com/privacy#do-not-sell-my-info.",3895144,True,47cOkKxT8KRoigAT9OCFqW,en,Ep. 1: Green Teens Gone (The Moonstone Saga),2018-02-09,,,,,
"The Third Mates confront Stella Vervain and uncover a conspiracy in West Precinct. Hank defends his son's honor, Fia sticks it to the Reaper, and Zirk stands up to his mom. Support us at Patreon.com/Naddpod to get access to the after-show and a bunch of other Naddpod content!Music / Sound Effects Include:""Sci-fi Laboratory"" by Qubodup at Freesound.org.""A Wizard's Tournament"" by Emily Axford.""The Pact"" by Emily Axford.""The Purge"" by Emily Axford.""Spooky Shafts"" by Emily Axford.""Alone"" by Emily Axford.""Cursed"" by Emily Axford.""Demi-God"" by Emily Axford.""The Valiant Ol' Cobb"" by Emily Axford.""Young Love"" by Emily Axford.""Gunvar"" by Emily Axford.""All I Need is One Thread to Spin a Web"" by Emily Axford.""Montgomery Manor"" by Emily Axford.See Privacy Policy at https://art19.com/privacy and California Privacy Notice at https://art19.com/privacy#do-not-sell-my-info.",5662093,True,2PJNaQHkYtBF8N6Nx2nxjV,en,Eldermourne - Ep. 27: Broken Bonds,2021-07-02,,,,,
"A special mid-week episode, today the guys celebrate their first VIDEO PODCAST (video available only on Spotify!), by digging through the r/AmItheAsshole reddit page!P.S. New episodes will continue Mondays AND Fridays moving forward! Prepare to be doubly distracted... Learn more about your ad choices. Visit podcastchoices.com/adchoices",4562751,True,5fZFT33GxblyYf4mhuqZmw,en,Am I The Asshole?,2023-03-08,,,,,
"With Vervain Labs on lockdown, the Third Mates attempt a break-in. Hank re-acquaints himself with Creepy Shank, Fia channels Mirsolav the Mesmer, and Zirk reflects on his near-death experience. Support us at Patreon.com/Naddpod to get access to the after-show and a bunch of other Naddpod content!Music / Sound Effects Include:""Fireball Cast"" by LiamG_SFX at Freesound.org. ""A Wizard's Tournament"" by Emily Axford.""The Pact"" by Emily Axford.""Broken Heart Banshee"" by Emily Axford.""Fia"" by Emily Axford.""Bonkginya, Fia Bonkginya"" by Emily Axford.""Drained"" by Emily Axford.""A Memory"" by Emily Axford.""Unknown Tome"" by Emily Axford.""Gutless"" by Emily Axford.""Kingshammer"" by Emily Axford.""The Purge"" by Emily Axford.""Spooky Shafts"" by Emily Axford.""Cursed"" by Emily Axford.""Gunvar"" by Emily Axford.""All I Need is One Thread to Spin a Web"" by Emily Axford.""Montgomery Manor"" by Emily Axford.""A Fate Refused"" by Emily Axford.""The Purge"" by Emily Axford.""The Mighty Ducks 3"" by Emily Axford.See Privacy Policy at https://art19.com/privacy and California Privacy Notice at https://art19.com/privacy#do-not-sell-my-info.",6330801,True,26hSQe7e7QVAcy3UhNCwFI,en,Eldermourne - Ep. 28: Lockdown,2021-07-09,,,,,
"Well, that was gross...  DOOM: The Dark Ages: Stand and Fight. Available now at: beth.games/3WDZI4V  Download the Rocket Money app now, and tell them I sent you!  Learn more about your ad choices. Visit podcastchoices.com/adchoices",3620376,True,0bsKBz49oW3ED6x4R8Kd4p,en,A Disgusting Episode,2025-05-19,,,,,
"Is Mark's masochism, Bob's parental instinct, and Wade's Scottish accent enough to take down 100 gorillas? And we're only getting started...  DOOM: The Dark Ages: Stand and Fight. Available now at: beth.games/3WDZI4V  Visit Amazon.com/prime to get more out of whatever you’re into. Learn more about your ad choices. Visit podcastchoices.com/adchoices",3847703,False,1LvK81Kx1dmzWvYXDRBA3q,en,Don't Get Me Started,2025-05-23,,,,,
"The Third Mates attempt to quell a Horror uprising in West Precinct! Fia hatches an escape plan, Henry goes dad-mode on the Necrophone, and Zirk says goodbye. Support us at Patreon.com/Naddpod to get access to the after-show and a bunch of other Naddpod content!Music / Sound Effects Include:""Underwater"" by Scratchikken at Freesound.org. ""A Wizard's Tournament"" by Emily Axford.""Broken Heart Banshee"" by Emily Axford.""Bonkginya, Fia Bonkginya"" by Emily Axford.""Drained"" by Emily Axford.""Spooky Shafts"" by Emily Axford.""Gunvar"" by Emily Axford.""Montgomery Manor"" by Emily Axford.""A Fate Refused"" by Emily Axford.""Buzzer's Cutters"" by Emily Axford.""Demi-God"" by Emily Axford.""Hardwon Takes the Wheel"" by Emily Axford.""Eldermourne"" by Emily Axford.See Privacy Policy at https://art19.com/privacy and California Privacy Notice at https://art19.com/privacy#do-not-sell-my-info.",7637133,True,4PU1lzcoqpzjM8ixebDTfj,en,Eldermourne - Ep. 29: Sirenloch,2021-07-16,,,,,
"The Third Mates prepare for their trip to the lost city of Zelbuldar/Endoterra! Fia uses her haunted girl voice, Hank welcomes Shank back, and Zirk's mind gets a bit foggy. Support us at Patreon.com/Naddpod to get access to the after-show and a bunch of other Naddpod content!Music / Sound Effects Include:""Club chatter, London"" by mlteenie at Freesound.org.""A Wizard's Tournament"" by Emily Axford.""A Memory"" by Emily Axford.""Zelbuldar"" by Emily Axford.""Blackthorn Hall"" by Emily Axford.""Guardian's of the Grove"" by Emily Axford.""A Friend For Life"" by Emily Axford.""Batilda's Blade"" by Emily Axford.""Cursed"" by Emily Axford.""The Lonely Autumn"" by Emily Axford.""The Pact"" by Emily Axford.""A Fate Refused"" by Emily Axford.""Chute Groove"" by Emily Axford.""Memories"" by Emily Axford.""Left is Left, Right is Center"" by Emily Axford.""Pordemola"" by Emily Axford.""Montgomery Manor"" by Emily Axford.See Privacy Policy at https://art19.com/privacy and California Privacy Notice at https://art19.com/privacy#do-not-sell-my-info.",7014373,True,3DE1FWEx9pi7D0Vtd0uj96,en,Eldermourne - Ep. 30: Endoterra,2021-08-06,,,,,
"The Third Mates explore the mysterious city of Endoterra! Zirk dabbles in energy drinks, Fia finds a new familiar, and Ill Luck Henry strikes again. Support us at Patreon.com/Naddpod to get access to the after-show and a bunch of other Naddpod content!Music / Sound Effects Include:""Drum Cadences"" by Kiddpark at Freesound.org. ""Fanfare with Snare"" by Vitovsky1 at Freesound.org.""Crowd Cheering"" by Gregor Quendel at Freesound.org.""A Wizard's Tournament"" by Emily Axford.""Zelbuldar"" by Emily Axford.""Blackthorn Hall"" by Emily Axford.""A Friend For Life"" by Emily Axford.""Alone"" by Emily Axford.""The Petty Guard"" by Emily Axford.""Broken Heart Banshee"" by Emily Axford.""Demi-God"" by Emily Axford.""Buzzer's Cutters"" by Emily Axford.""Unknown Tome"" by Emily Axford.""The Purge"" by Emily Axford.See Privacy Policy at https://art19.com/privacy and California Privacy Notice at https://art19.com/privacy#do-not-sell-my-info.",6908943,True,2HgZZ9Uo2J4Rzi5xCErYTf,en,Eldermourne - Ep. 31: Disciples of the Scythe,2021-08-13,,,,,
"The Third Mates are split after Fia's daring save! Hank upgrades Spoony, Fia joins a mission to help an old friend, and Zirk does his best to not be murdered by his new commander. Support us at Patreon.com/Naddpod to get access to the after-show and a bunch of other Naddpod content!Music / Sound Effects Include:""Drum Cadences"" by Kiddpark at Freesound.org.""Forest Fire Inferno"" by Dynamicell at Freesound.org. ""Anvil"" by MrAuralization at Freesound.org.""A Wizard's Tournament"" by Emily Axford.""Zelbuldar 3"" by Emily Axford.""Irina"" by Emily Axford.""Bonkginya, Fia Bonkginya"" by Emily Axford. ""Honey Trap"" by Emily Axford. ""Goblin Dirigible"" by Emily Axford. ""Harenford"" by Emily Axford.""A Risky Gamble"" by Emily Axford. ""The Blacksmith's Hut"" by Emily Axford. ""Hospitable"" by Emily Axford. See Privacy Policy at https://art19.com/privacy and California Privacy Notice at https://art19.com/privacy#do-not-sell-my-info.",6417084,True,68TywgYlFle7HInjlx2RF3,en,Eldermourne - Ep. 32: People on the Inside,2021-08-27,,,,,
"Fia joins up with some new friends and prepares to sneak beyond the castle wall! A zombie crystal dwarf and skeleton greaser join the gang. Support us at Patreon.com/Naddpod to get access to the after-show and a bunch of other Naddpod content! Music / Sound Effects Include: ""Drum Cadences"" by Kiddpark at Freesound.org. ""A Wizard's Tournament"" by Emily Axford. ""Zelbuldar 3"" by Emily Axford. ""Bonkginya, Fia Bonkginya"" by Emily Axford. ""Goblin Dirigible"" by Emily Axford. ""Harenford"" by Emily Axford. ""A Risky Gamble"" by Emily Axford. ""The Prodigal Sister"" by Emily Axford. ""A Bastard's Fate"" by Emily Axford. ""Escape From Smuggler's Bounty"" by Emily Axford. ""Gunvar"" by Emily Axford.   See omnystudio.com/listener for privacy information.  See Privacy Policy at https://art19.com/privacy and California Privacy Notice at https://art19.com/privacy#do-not-sell-my-info.",6023288,True,3yAIwxOUX8T5H5730dMkLg,en,Eldermourne - Ep. 33: People on the Outside,2021-09-10,,,,,
"Billie, Zirk, and Henry confront the first Vault Keeper to begin the heist! Zirk licks a magical cloak, Billie has a lover's quarrel, and Hank bonds with a giant beetle cow. Support us at Patreon.com/Naddpod to get access to the after-show and a bunch of other Naddpod content! Music / Sound Effects Include: ""Forest Fire Inferno"" by Dynamicell at Freesound.org. ""Anvil"" by MrAuralization at Freesound.org. ""A Wizard's Tournament"" by Emily Axford. ""Zelbuldar 3"" by Emily Axford. ""Bonkginya, Fia Bonkginya"" by Emily Axford. ""Goblin Dirigible"" by Emily Axford. ""A Risky Gamble"" by Emily Axford. ""The Prodigal Sister"" by Emily Axford.   See omnystudio.com/listener for privacy information.  See Privacy Policy at https://art19.com/privacy and California Privacy Notice at https://art19.com/privacy#do-not-sell-my-info.",6748499,True,740W81TLxsvTMWFKn40A9w,en,Eldermourne - Ep. 34: Wyvern Knight,2021-09-17,,,,,
"Fia, Krissy, and Johnny climb a necromancer's tower and attempt to take out the second Vault Keeper! Krissy obsesses about chips, Johnny shares his hair magic, and Fia receives some disturbing news about Bukvar. Support us at Patreon.com/Naddpod to get access to the after-show and a bunch of other Naddpod content! Music / Sound Effects Include: ""A Wizard's Tournament"" by Emily Axford. ""Bonkginya, Fia Bonkginya"" by Emily Axford. ""Goblin Dirigible"" by Emily Axford. ""A Risky Gamble"" by Emily Axford. ""The Prodigal Sister"" by Emily Axford. ""Spooky Shafts"" by Emily Axford. ""Montgomery Manor"" by Emily Axford.  ""Alone"" by Emily Axford. See omnystudio.com/listener for privacy information.  See Privacy Policy at https://art19.com/privacy and California Privacy Notice at https://art19.com/privacy#do-not-sell-my-info.",7212146,True,2riPFy079Ai6KtWpDbe0Pt,en,Eldermourne - Ep. 35: Familiar,2021-09-24,,,,,
"The two parties converge at the vault and find out what lies beyond its doors! Hank rocks a dimensional fanny pack, Fia steals a spell book, and Zirk attempts to level with a fellow wiener. Support us at Patreon.com/Naddpod to get access to the after-show and a bunch of other Naddpod content! Music / Sound Effects Include: ""A Wizard's Tournament"" by Emily Axford. ""Bonkginya, Fia Bonkginya"" by Emily Axford. ""Spooky Shafts"" by Emily Axford. ""Unknown Tome"" by Emily Axford.  ""Winter Sprite"" by Emily Axford.  ""Soul Coins"" by Emily Axford. ""A Memory"" by Emily Axford. ""The Ruins of Cragwater"" by Emily Axford. ""Haunting Visages"" by Emily Axford. ""Gutless"" by Emily Axford. ""The Scales"" by Emily Axford. ""Oh, Melora!"" by Emily Axford.  See omnystudio.com/listener for privacy information.  See Privacy Policy at https://art19.com/privacy and California Privacy Notice at https://art19.com/privacy#do-not-sell-my-info.",6430484,True,71z8cgDMgNmsJd55SbgxZI,en,Eldermourne - Ep. 36: The Great Fairy Secret,2021-10-08,,,,,
"The Endo-Friendos confront the Lord Scythe while the Third Mates investigate the Spring Ring of Old Zelbuldar. Krissy sees red, Johnny gets his hair messed up, and Billie delivers a whomp!  Support us at Patreon.com/Naddpod to get access to the after-show and a bunch of other Naddpod content! Music / Sound Effects Include: ""A Wizard's Tournament"" by Emily Axford. ""Bonkginya, Fia Bonkginya"" by Emily Axford. ""Spooky Shafts"" by Emily Axford. ""Unknown Tome"" by Emily Axford.  ""The Purge"" by Emily Axford.  ""Haunting Visages"" by Emily Axford. ""The Bear Prince"" by Emily Axford. ""Hospitable"" by Emily Axford.   See omnystudio.com/listener for privacy information.  See Privacy Policy at https://art19.com/privacy and California Privacy Notice at https://art19.com/privacy#do-not-sell-my-info.",5940062,True,6h1JVvoonrpN5rp0WiXyAZ,en,Eldermourne - Ep. 37: The Lord Scythe,2021-10-15,,,,,
"The Third Mates do battle with the Green Tween 40-somethings! Fia faces her most hated foe yet, Zirk tries to avoid his new nickname, and Henry learns the truth about his curse.  Support us at Patreon.com/Naddpod to get access to the after-show and a bunch of other Naddpod content! Music / Sound Effects Include: ""A Wizard's Tournament"" by Emily Axford. ""Unknown Tome"" by Emily Axford.  ""The Purge"" by Emily Axford.  ""Haunting Visages"" by Emily Axford. ""Hospitable"" by Emily Axford. ""Oh, Melora!"" by Emily Axford. ""The Gunslinger's Girl"" by Emily Axford.  ""Winter Sprite"" by Emily Axford. ""Sir Reynard Wendell"" by Emily Axford.    See omnystudio.com/listener for privacy information.  See Privacy Policy at https://art19.com/privacy and California Privacy Notice at https://art19.com/privacy#do-not-sell-my-info.",6158497,True,5k5ZrFspavZilyJKSbQ0Od,en,Eldermourne - Ep. 38: Ill Luck Henry,2021-10-21,,,,,
"The Third Mates crash a duel! Zirk gets sunburned, Fia does a Fortnite dirge, and Hank embraces an old enemy.  Support us at Patreon.com/Naddpod to get access to the after-show and a bunch of other Naddpod content! Music / Sound Effects Include: ""A Wizard's Tournament"" by Emily Axford. ""Unknown Tome"" by Emily Axford.  ""The Purge"" by Emily Axford.  ""Haunting Visages"" by Emily Axford. ""The Witch's Hut"" by Emily Axford.  ""All I Need is One Thread to Spin a Web"" by Emily Axford.  ""A Fate Refused"" by Emily Axford. ""A Friend for Life"" by Emily Axford.      See omnystudio.com/listener for privacy information.  See Privacy Policy at https://art19.com/privacy and California Privacy Notice at https://art19.com/privacy#do-not-sell-my-info.",5839020,True,4TRpMfH5OF62CWhemhsOCn,en,Eldermourne - Ep. 39: Cain vs. Callista,2021-11-05,,,,,
"Our story begins on a cold, dark autumn eve as the stars in Selune's sky cast glittering lights on the restless wake of the Moonsea, like diamonds cast across a black veil. Our intrepid adventurers carry a precious cargo of Shadovar loyalists, plucked from captivity and scheduled execution by order of Lord Torin Nomerthal - the corrupt ruler of Hillsfar. After deftly infiltrating the walled city, the adventurers forged allegiances within the capital to locate and avoid detection by Torin's Red Plumes and the Red Wizards of Thay, who holed embassy within. Hello and welcome to Charisma Check! A Fifth Edition (5e) Dungeons & Dragons actual play epic story! Five theatre performers bring their rich characters, fully-voiced and ready to share their love of D&D and epic collaborative story telling with you, our amazing community! *If you enjoyed the episode and want to see how the story of Chyna, Merkesh, Tamasin, Fa'en and Ranquess unfolds, please consider leaving us a 5-star review on iTunes and we'll read it out on the show! Our game focuses on fast-paced, story-focused narrative, with just the right amount of gameplay to help you feel like you're 'in the game' and (hopefully) learn more about how to play Dungeons & Dragons. Follow us on Twitter at: @ShambazzleGames and let us know what you think! We have an amazing community of new and veteran Tabletop and RPG players and dungeon masters on our Twitch Channel - ShambazzleGames - so whether you've played D&D for years or are experiencing it for the first time, there's something here for you! Charisma Check is: Brad Dicks - The DM: @ShambazzleGames Stef Dicks - Chyna Bigly: @StefBigly Meg Flynn - Tamasin Forsythe: @MeggieSue13 Brandon Chambers - Ranquess: @Ranquess Twaine Ward - Fa'en Melliamne Jeff Jones - Merkesh Al'hadir: @JeffJamesJones Artwork provided by Meg Flynn Music for Charisma Check provided by the incredibly talented Brandon and Derek Fiechter.   Happy gaming!",4626834,True,6qJ0oWf01h9T3YsV8vJkTv,en,S01E01 - A Hero's Welcome - The Charisma Check Podcast,2017-12-08,,,,,
"Welcome to Charisma Check Podcast! We are a live-play RPG podcast, and our first campaign will center on Dungeons and Dragons 5th Edition and the new Acquisitions Incorporated handbook by Penny Arcade. Inside this first brief episode, get to know our setting and our player’s characters; hear a brief rundown of the island nation of Akkadia, and get acquainted with our oh-so-lovable voices. Check out our Patreon and our Instagram! Host and Dungeon Master: Peter Johnson Pip Hiltfray is portrayed by Carl Belue Lillith is portrayed by Chris Cash Hawthorne Flaxtop is portrayed by Nathan Wintermute Aizen Cruxis is portrayed by Jacob Frank",877064,True,0tyfmWY1eGtz3o53MTxBUf,en,"Charisma Check: Episode 0, Introduction",2019-07-26,,,,,
"The Third Mates have it out with Cain! Hank confronts his shadow daddy, Zirk plots his revenge, and Fia meets her match.  Support us at Patreon.com/Naddpod to get access to the after-show and a bunch of other Naddpod content! Music / Sound Effects Include: ""Fire"" by TheBoatman at Freesound.org. ""A Wizard's Tournament"" by Emily Axford. ""Unknown Tome"" by Emily Axford.  ""The Purge"" by Emily Axford.  ""Balnor the Brave"" by Emily Axford. ""Spare the Spritely"" by Emily Axford. ""Soul Coins"" by Emily Axford. ""The Lonely Autumn"" by Emily Axford. ""A Memory"" by Emily Axford. ""Hospitable"" by Emily Axford. ""Gunvar"" by Emily Axford. ""Gutless"" by Emily Axford. ""Kingshammer"" by Emily Axford. ""All I Need is One Thread to Spin a Web"" by Emily Axford.  ""A Fate Refused"" by Emily Axford. ""A Friend for Life"" by Emily Axford.  ""Irina"" by Emily Axford.  See omnystudio.com/listener for privacy information.  See Privacy Policy at https://art19.com/privacy and California Privacy Notice at https://art19.com/privacy#do-not-sell-my-info.",6406713,True,6fbuygLRqmxYNOawLcBlZa,en,Eldermourne - Ep. 40: The Girl with the Silver Hair,2021-11-13,,,,,
"After Heradecia hijacks the awakening ritual, the Third Mates face Irina! Hank seeks to right a wrong, Zirk attempts high stakes surgery, and Fia faces her worst fear.  Music / Sound Effects include: ""A Wizard's Tournament"" by Emily Axford.  ""The Baroness"" by Emily Axford.  ""Demi-God"" by Emily Axford.  ""A Fate Refused"" by Emily Axford.  ""All I Need is One Thread to Spin a Web"" by Emily Axford.  ""Hexblood Centurions"" by Emily Axford.  ""Into the Planar Pool"" by Emily Axford.  ""The Bronze Bastard"" by Emily Axford.  ""Into the Fire"" by Emily Axford.  ""Haunting Visages"" by Emily Axford.  ""A Memory"" by Emily Axford.  ""Balnor the Brave"" by Emily Axford.  ""Gunvar"" by Emily Axford.  ""Kingshammer"" by Emily Axford.  ""The Purge"" by Emily Axford.  ""Jolene the Green"" by Emily Axford.  ""Young Love"" by Emily Axford.  ""Writing on the Wall"" by Emily Axford.  ""Paradise"" by Emily Axford.  ""A Tale's End"" by Emily Axford.  ""A Friend for Life"" by Emily Axford.  ""Irina"" by Emily Axford.  See omnystudio.com/listener for privacy information.  See Privacy Policy at https://art19.com/privacy and California Privacy Notice at https://art19.com/privacy#do-not-sell-my-info.",13486445,True,53yLT1lkO0f8nHZJ9On9eG,en,Eldermourne - Ep. 41: Cerenysus,2021-11-21,,,,,
"Campaign 3 is coming to you February 2022! The 2 Crew reveals the setting, discusses the current progress of world-building, and talks about some possible player characters! Support us at Patreon.com/Naddpod to get access to the after-show and a bunch of other Naddpod content! See omnystudio.com/listener for privacy information.  See Privacy Policy at https://art19.com/privacy and California Privacy Notice at https://art19.com/privacy#do-not-sell-my-info.",4256287,True,5nIX8AjSytffBq1iBAewYb,en,Campaign 3 Announcement & Discussion,2021-12-30,,,,,
"With the recent release of “Escape the Pizzaplex,” we’ve all been trying to figure out what this story is trying to tell us. However, the details from this novel may be pointing to something much further back in the franchise's history.",1164031,False,57ggeobDYqTxIiW8KvPCFa,en,The Hidden Truth of Afton's Experiments Finally REVEALED,2025-07-17,,,,,
"Welcome back to Bahumia, everybody! The 2 Crew settles on their new characters (mostly) and we provide the set-up for Campaign 3, premiering February 2022.Support us at Patreon.com/Naddpod to get access to the after-show and a bunch of other Naddpod content!See Privacy Policy at https://art19.com/privacy and California Privacy Notice at https://art19.com/privacy#do-not-sell-my-info.",3862465,True,3xV3zF8fm8QWA1oqAsbHOd,en,C3 Ep. 0 - Welcome Back to Bahumia,2022-01-13,,,,,
"Welcome back to Bahumia, everyone! Join Sol, Callie, and Caldor -- three low rent Synthetic Knights -- as they try to prove themselves to the Mothership Corporation and the people of Ezry. Support us at Patreon.com/Naddpod to get access to the after-show and a bunch of other Naddpod content!Music / Sound Effects include:""Engine Room"" by Zimbot at Freesound.org.""Organ Ambience"" by InspectorJ at Freesound.org.""A Wizard's Tournament"" by Emily Axford.""Fantastic & Fuddling"" by Emily Axford.""Mothership"" by Emily Axford.""The Frog"" by Emily Axford.""Tarragon's Terrarium"" by Emily Axford.""Microbrews Cruise"" by Emily Axford.""The Frost Giant"" by Emily Axford.""Paetina"" by Emily Axford.""The Trade District"" by Emily Axford.""Alexandrite"" by Emily Axford.""Synth Night"" by Emily Axford.""Cable Car Ride"" by Emily Axford.""Hexbuds"" by Emily Axford.See Privacy Policy at https://art19.com/privacy and California Privacy Notice at https://art19.com/privacy#do-not-sell-my-info.",5623431,True,4aiMjYwo8k2fRcmBhPhjts,en,C3 Ep. 1: D-Class Knights (The Mothership Saga),2022-02-11,,,,,
"The Blue Crew attempts to retrace Beatrix's foot steps and uncovers more truths about Mothership. Callie channels a tight grandma, Sol reminisces about his youth, and Calder stands up for a friend. Support us at Patreon.com/Naddpod to get access to the after-show and a bunch of other Naddpod content!Music / Sound Effects include:""Organ Ambience"" by InspectorJ at Freesound.org.""A Wizard's Tournament"" by Emily Axford.""Mothership"" by Emily Axford.""Microbrews Cruise"" by Emily Axford.""Paetina"" by Emily Axford.""The Trade District"" by Emily Axford.""Implicated"" by Emily Axford. ""Synth Night"" by Emily Axford.""Cable Car Ride"" by Emily Axford.""Conspiracy in the Clouds"" by Emily Axford. ""Into the Fire"" by Emily Axford. ""Lucanus Aer'Tea"" by Emily Axford. ""Shadowfell Sneak"" by Emily Axford.""Spooky Shafts"" by Emily Axford.""Left is Left and Right is Center"" by Emily Axford. ""The Red Fen"" by Emily Axford.""The Valiant Ol' Cobb"" by Emily Axford. See Privacy Policy at https://art19.com/privacy and California Privacy Notice at https://art19.com/privacy#do-not-sell-my-info.",6148127,True,0tYcOjAegPozVHEJM0v8DJ,en,C3 Ep. 3: Missing Soldier (The Mothership Saga),2022-02-25,,,,,
"NOTE: The Seattle show is actually Friday (2/25)! The Blue Crew tries to capitalize on their successful mission! Caldor flips out on a waiter, Callie reveals a truth about her ex, and Sol shows off his shredded frog physique. Support us at Patreon.com/Naddpod to get access to the after-show and a bunch of other Naddpod content!Music / Sound Effects include:""Relaxing Music"" by Migfus20 at Freesound.org.""Club chatter, London"" by mlteenie at Freesound.org.""Engine Room"" by Zimbot at Freesound.org.""A Wizard's Tournament"" by Emily Axford.""Mothership"" by Emily Axford.""The Frog"" by Emily Axford.""Tarragon's Terrarium"" by Emily Axford.""Microbrews Cruise"" by Emily Axford.""Paetina"" by Emily Axford.""The Trade District"" by Emily Axford.""Alexandrite"" by Emily Axford.""Synth Night"" by Emily Axford.""Cable Car Ride"" by Emily Axford.""Shadowfell Sneak"" by Emily Axford.""Montgomery Manor"" by Emily Axford.""Haunting Visages"" by Emily Axford.See Privacy Policy at https://art19.com/privacy and California Privacy Notice at https://art19.com/privacy#do-not-sell-my-info.",6091598,True,1OO0FOSEfZHZ4DU5AkE1Xl,en,C3 Ep. 2: Symbol of Ezry (The Mothership Saga),2022-02-18,,,,,
"Duck Team battles the Juicy Rats and the Lightkeeper cultists! Calder has a green thumb, Sol goes toe to toe with a Rat Daddy, and Callie has some break-throughs with the duck. Support us at Patreon.com/Naddpod to get access to the after-show and a bunch of other Naddpod content!Music / Sound Effects include:""A Wizard's Tournament"" by Emily Axford.""Mothership"" by Emily Axford.""Mob Goblin"" by Emily Axford.""The Red Fen"" by Emily Axford. ""Spooky Shafts"" by Emily Axford.""Pordemola"" by Emily Axford.""A Memory"" by Emily Axford. ""Alexandrite"" by Emily Axford.""Left is Left and Right is Center"" by Emily Axford.""The Red Fen"" by Emily Axford.See Privacy Policy at https://art19.com/privacy and California Privacy Notice at https://art19.com/privacy#do-not-sell-my-info.",6595343,True,6fuHafrkSnyU9RuPsBg9bZ,en,C3 Ep. 4: A Frog in the Fog (The Mothership Saga),2022-03-11,,,,,
"In this special Billions Club Live concert film, Miley Cyrus takes the stage in Paris to perform her biggest songs on Spotify—each with over 1 billion streams—plus a never-before-played medley of fan favorites 'The Climb' and 'We Can’t Stop,' and select tracks from her new album, Something Beautiful. This intimate performance celebrates Miley’s evolution as an artist, her impact on pop culture, her Billions Club milestones, and the fans who helped her reach them. (00:00) Intro  (00:51) Flowers (04:31) Nothing Breaks Like a Heart (09:12) The Climb  (10:47) We Can't Stop  (13:29) Angels Like You  (14:58) Wrecking Ball  (19:31) End of the World  (24:19) More to Lose  (26:47) Easy Lover  Learn more about your ad choices. Visit podcastchoices.com/adchoices",1811600,False,07yBAoYFMezvtfjys48nIr,en,Billions Club Live with Miley Cyrus: A Concert Film,2025-07-23,,,,,
"The Blue Crew races to save Albin and Krugan from Mothership super soldiers! Calder turns psychic, Sol goes back to his roots, and Callie goes electric. Support us at Patreon.com/Naddpod to get access to the after-show and a bunch of other Naddpod content! Get tickets to our upcoming live shows at naddpod.com/live.Music/Sound Effects Include:""Violin Variation"" by Freqman at Freesound.org. ""A Wizard Tournament"" by Emily Axford.""Spooky Shafts"" by Emily Axford.""Gunvar"" by Emily Axford.""Gladeholm"" by Emily Axford.""Angels & Devils"" by Emily Axford.""The Mindflayer's Lair"" by Emily Axford.""Alone"" by Emily Axford.""The Vast Expanse"" by Emily Axford.""Into the Planar Pool"" by Emily Axford.See Privacy Policy at https://art19.com/privacy and California Privacy Notice at https://art19.com/privacy#do-not-sell-my-info.",5229635,True,31lgSup0tfgElGefyWrCgb,en,C3 Ep. 5: Psi Guys (The Mothership Saga),2022-03-18,,,,,
"Duck Team faces Grumpy Old Professor Lizer! Calder does a barrel roll, Callie embraces the storm, and Sol confronts his past. Support us at Patreon.com/Naddpod to get access to the after-show and a bunch of other Naddpod content! Get tickets to our upcoming live shows at naddpod.com/live.Music/Sound Effects Include:""Sunday Acid Jam"" by Georgeke at Freesound.org.""A Wizard Tournament"" by Emily Axford.""Mothership"" by Emily Axford.""The Mindflayer's Lair"" by Emily Axford.See Privacy Policy at https://art19.com/privacy and California Privacy Notice at https://art19.com/privacy#do-not-sell-my-info.",6277381,True,3oD7qG0wkdC2ikMtCWD2GS,en,C3 Ep. 6: The Man Wizard & His Bunny Bud (The Mothership Saga),2022-03-25,,,,,
"Dungeon Court is back in session! Join Supreme Crit Justices Murphy, Axford, and Tanner, as well the Saucy Bailiff Hurwitz, as we weigh in on your trials at the table. See Privacy Policy at https://art19.com/privacy and California Privacy Notice at https://art19.com/privacy#do-not-sell-my-info.",3843291,True,6yxXK36F3RgUTcy2iTkah1,en,"D&D Court: Pilfered Portents, Hidden Ents and The Great Food Truck Race",2022-04-01,,,,,
"Duck Team officially joins Mob Goblin and hatches a plan to take down Mothership! Calder feuds with Albin, Sol feuds with everyone else, and Callie reveals why she's on the run from her family. Support us at Patreon.com/Naddpod to get access to the after-show and a bunch of other Naddpod content! Get tickets to our upcoming live shows at naddpod.com/live.Music/Sound Effects Include:""A Wizard Tournament"" by Emily Axford.""Mothership"" by Emily Axford.""Zelbuldar"" by Emily Axford.""Sea Beast"" by Emily Axford. ""Blackthorn Hall"" by Emily Axford.""Crash Landing"" by Emily Axford.""Mothership"" by Emily Axford.""Mee Maw's Burden"" by Emily Axford.""Microbrews Cruise"" by Emily Axford.""Bonkginya, Fia Bonkginya"" by Emily Axford.""Soul Coins"" by Emily Axford.""The Frog"" by Emily Axford.""Spooky Shafts"" by Emily Axford.See Privacy Policy at https://art19.com/privacy and California Privacy Notice at https://art19.com/privacy#do-not-sell-my-info.",6388819,True,6SL12rMXXiuoCVssesvUXv,en,C3 Ep. 7: Ma Goblin's Mob Goblin (The Mothership Saga),2022-04-08,,,,,
"Duck Team attempts to successfully highjack an airship without alerting Go! Go! Team 'Tection. Calder conducts a musical, Callie says goodbye to a friend, and Sol meets a kindred spirit. Support us at Patreon.com/Naddpod to get access to the after-show and a bunch of other Naddpod content! Get tickets to our upcoming live shows at naddpod.com/live.Music/Sound Effects Include:""A Wizard Tournament"" by Emily Axford.""Zelbuldar"" by Emily Axford.""Bonkginya, Fia Bonkginya"" by Emily Axford.""Shadowfell Sneak"" by Emily Axford.""Spooky Shafts"" by Emily Axford.""The Ruins of Old Cragwater"" by Emily Axford.""The Gunslinger's Girl"" by Emily Axford.""Montgomery Manor"" by Emily Axford.""The Murderer's Mask"" by Emily Axford. ""Conspiracy in the Clouds"" by Emily Axford.See Privacy Policy at https://art19.com/privacy and California Privacy Notice at https://art19.com/privacy#do-not-sell-my-info.",5804695,True,74YESxuNwoN97t8atoarcO,en,C3 Ep. 8: Beneath the Surface (The Mothership Saga),2022-04-15,,,,,
"Duck Team battles Sister Rosaline and her allies! Calder owes Albin a favor, Callie makes friends in the sewer, and Sol returns to his old stomping grounds. Support us at Patreon.com/Naddpod to get access to the after-show and a bunch of other Naddpod content! Get tickets to our upcoming live shows at naddpod.com/live.Music/Sound Effects Include:""A Wizard Tournament"" by Emily Axford.""Mothership"" by Emily Axford.""Gutless"" by Emily Axford. ""Spooky Shafts"" by Emily Axford. See Privacy Policy at https://art19.com/privacy and California Privacy Notice at https://art19.com/privacy#do-not-sell-my-info.",5311399,True,0RnLrQ48KKEwJ9loZY7BrW,en,C3 Ep. 9: Lightkeepers (The Mothership Saga),2022-04-23,,,,,
"Duck Team springs into action against Mothership! Callie learns a secret about Foster, Calder gets his ear pierced, and Sol talks his way into some trouble. Support us at Patreon.com/Naddpod to get access to the after-show and a bunch of other Naddpod content! Get tickets to our upcoming live shows at naddpod.com/live.Music/Sound Effects Include:""Engine Room"" by Zimbot at Freesound.org.""A Wizard's Tournament"" by Emily Axford.""Mothership"" by Emily Axford.""Paetina"" by Emily Axford.""The Trade District"" by Emily Axford.""Alexandrite"" by Emily Axford.""Hexbuds"" by Emily Axford.""Bonkginya, Fia Bonkyginya"" by Emily Axford.""Zelbuldar"" by Emily Axford.""The Smithy's Hut"" by Emily Axford.""A Fairy Remembers"" by Emily Axford.""I Think I Lost My Glasses"" by Emily Axford.""A Glittering Reunion"" by Emily Axford.""The Game Plan"" by Emily Axford""On the Prow"" by Emily Axford.""Mothership Lobby"" by Emily Axford.See Privacy Policy at https://art19.com/privacy and California Privacy Notice at https://art19.com/privacy#do-not-sell-my-info.",7383013,True,7rAV1iNji8GTZeEe2Uw8ax,en,C3 Ep. 10: To the Airship! (The Mothership Saga),2022-05-06,,,,,
"Duck Team races to catch up to Beatrix amongst an army of security bots! Sol witnesses sexy office affairs, Calder discovers something close to home, and Callie learns about treachery amongst the Dragon Elves. Support us at Patreon.com/Naddpod to get access to the after-show and a bunch of other Naddpod content! Get tickets to our upcoming live shows at naddpod.com/live.Music/Sound Effects Include:""Engine Room"" by Zimbot at Freesound.org.""A Wizard's Tournament"" by Emily Axford.""Mothership"" by Emily Axford.""Paetina"" by Emily Axford.""Alexandrite"" by Emily Axford.""Bonkginya, Fia Bonkyginya"" by Emily Axford.""A Fairy Remembers"" by Emily Axford.""The Game Plan"" by Emily Axford""Mothership Lobby"" by Emily Axford.""Spooky Shafts"" by Emily Axford.""Into the Planar Rift"" by Emily Axford. ""Mee Maw's Burden"" by Emily Axford.See Privacy Policy at https://art19.com/privacy and California Privacy Notice at https://art19.com/privacy#do-not-sell-my-info.",5483859,True,0g1BjXQqIjDYb6sXBGlBDN,en,C3 Ep. 11: Beatrix (The Mothership Saga),2022-05-19,,,,,
"Duck Team and Beatrix battle Go! Go! Team Tection. Calder locks horns, Sol needs moisturizer, and Callie tries a hacking smite. Support us at Patreon.com/Naddpod to get access to the after-show and a bunch of other Naddpod content! Get tickets to our upcoming live shows at naddpod.com/live.Music/Sound Effects Include:""Engine Room"" by Zimbot at Freesound.org.""Scary Ambience"" by ashleyxxpiano at Freesound.org. ""A Wizard's Tournament"" by Emily Axford.""Mothership"" by Emily Axford.""Mothership Lobby"" by Emily Axford.""Hexbuds"" by Emily Axford. ""Gunvar"" by Emily Axford. ""The Valiant Ol' Cobb"" by Emily Axford. See Privacy Policy at https://art19.com/privacy and California Privacy Notice at https://art19.com/privacy#do-not-sell-my-info.",6119810,True,2KR5VPBGu7CaogwIKPM2hn,en,C3 Ep. 12: Go! Go! Team Tection (The Mothership Saga),2022-06-03,,,,,
"Duck Team confronts Paetina Glenbottle at Alexandrite's core! Calder argues with the facts, Callie pushes a grandma, and Sol receives an enticing offer. Support us at Patreon.com/Naddpod to get access to the after-show and a bunch of other Naddpod content! Get tickets to our upcoming live shows at naddpod.com/live.Music/Sound Effects Include:""Engine Room"" by Zimbot at Freesound.org.""A Wizard's Tournament"" by Emily Axford.""Mothership"" by Emily Axford.""Paetina Glenbottle"" by Emily Axford.""Into the Planar Pool"" by Emily Axford.""Alexandrite"" by Emily Axford.""A Fairy Remembers"" by Emily Axford.""The Valiant Ol' Cobb"" by Emily Axford.""Into the Fire"" by Emily Axford.""The Purge"" by Emily Axford.""Montgomery Manor"" by Emily Axford.""The Posse"" by Emily Axford.See Privacy Policy at https://art19.com/privacy and California Privacy Notice at https://art19.com/privacy#do-not-sell-my-info.",6897005,True,4YgSDIml0MbK0fawXlNIeR,en,C3 Ep. 13: Alexandrite (The Mothership Saga),2022-06-16,,,,,
"Duck Team deals with the literal fallout of the Mothership air yacht! Calder offends Albin, Sol questions his origins, and Callie sets out to right a wrong. Support us at Patreon.com/Naddpod to get access to the after-show and a bunch of other Naddpod content! Get tickets to our upcoming live shows at naddpod.com/live.Music/Sound Effects Include:""Underwater"" by Scratchikken at Freesound.org.""A Wizard's Tournament"" by Emily Axford.""Into the Planar Pool"" by Emily Axford.""A Fairy Remembers"" by Emily Axford.""Chaotic Ritual"" by Emily Axford.""A Memory"" by Emily Axford.""The Twinkling Lights of Galaderon"" by Emily Axford.""A Friend for Life"" by Emily Axford.""The Trade District"" by Emily Axford.""Synth Night"" by Emily Axford.""Cable Car Ride"" by Emily Axford.""Hardwon Takes the Wheel"" by Emily Axford.""Lucanus Aer'Tea"" by Emily Axford.""Gladeholm"" by Emily Axford.""The Frog"" by Emily Axford.""The Whisperwood"" by Emily Axford.""The Feywild"" by Emily Axford.""Wooded Wonder"" by Emily Axford.""Lilith Litrix"" by Emily Axford.See Privacy Policy at https://art19.com/privacy and California Privacy Notice at https://art19.com/privacy#do-not-sell-my-info.",6079634,True,7sIDBlGcmXrwcG23RZmgXM,en,C3 Ep. 14: Unfinished Business (The Mothership Saga),2022-06-30,,,,,
"Duck Team has a run-in with the denizens of the Living Wood! Callie gets a close shave, Sol busts out the big guns, and Calder is knighted. Support us at Patreon.com/Naddpod to get access to the after-show and a bunch of other Naddpod content! Get tickets to our upcoming live shows at naddpod.com/live.Music/Sound Effects Include:""Harp Heaven"" by X3nus.""A Wizard's Tournament"" by Emily Axford.""Into the Planar Pool"" by Emily Axford.""Wooded Wonder"" by Emily Axford.""Lilith Litrix"" by Emily Axford.""Henry Hogfish"" by Emily Axford. ""The Pact"" by Emily Axford. ""Rats!"" by Emily Axford. ""Bonkginya, Fia Bonkginya"" by Emily Axford. ""Secret Basement"" by Emily Axford. ""Jolene the Green"" by Emily Axford. ""The Valiant Ol' Cobb"" by Emily Axford. See Privacy Policy at https://art19.com/privacy and California Privacy Notice at https://art19.com/privacy#do-not-sell-my-info.",7585097,True,7vHNN6aRLTe279aGRSYIil,en,C3 Ep. 15: Princess Shiverblight (The Dragon Elf Chronicles),2022-07-15,,,,,
"Duck Team investigates the Shiverblight hoard! Calder fakes his death, Callie puts on the performance of a lifetime, and Sol sings a frog dirge. Support us at Patreon.com/Naddpod to get access to the after-show and a bunch of other Naddpod content! Get tickets to our upcoming live shows at naddpod.com/live.Music/Sound Effects Include:""Grenade"" by Ljudmann at Freesound.org. ""Orchestral Royal Theme Fanfare"" by humanoide9000 at Freesound.org.""A Wizard's Tournament"" by Emily Axford.""Tundra Trudge"" by Emily Axford.""Cursed"" by Emily Axford.""The Fairy"" by Emily Axford.""Water World"" by Emily Axford.""The Ruins of Cragwater"" by Emily Axford.""Gunvar"" by Emily Axford.""Young Love"" by Emily Axford.""Tarragon"" by Emily Axford.""A Fairy Remembers"" by Emily Axford.""Lilith Litrix"" by Emily Axford.""Rats!"" by Emily Axford.""Secret Basement"" by Emily Axford.""Crash Landing"" by Emily Axford.""Demigod"" by Emily Axford.""Heed the Mushroom's Call"" by Emily Axford.""Waltz of the Blue Top"" by Emily Axford.See Privacy Policy at https://art19.com/privacy and California Privacy Notice at https://art19.com/privacy#do-not-sell-my-info.",8059193,True,0u4KluFWRnfA5ndxhDRKQz,en,C3 Ep. 16: The Terrible Fate of Sir Calder (The Dragon Elf Chronicles),2022-07-29,,,,,
"Duck Team speaks to Queen Umberspore and follows up on a clue about the mysterious egg! Callie blooms, Sol shows off his rock-climbing skills, and Calder drunk dials his helm. Support us at Patreon.com/Naddpod to get access to the after-show and a bunch of other Naddpod content! Get tickets to our upcoming live shows at naddpod.com/live.Music/Sound Effects Include:""Harp Heaven"" by X3nus.""Club chatter, London"" by mlteenie at Freesound.org.""Sad Mandolin"" by Cottager at Freesound.org.""Forsaken"" by Emily Axford.""A Wizard's Tournament"" by Emily Axford.""The Baron's Estate"" by Emily Axford.""Left is Left and Right is Center"" by Emily Axford.""Bittersweet Sixteen"" by Emily Axford.""Soul Coins"" by Emily Axford.""The Pact"" by Emily Axford.""Spooky Shafts"" by Emily Axford.""The Red Fen"" by Emily Axford.""Tundra Trudge"" by Emily Axford.""Cursed"" by Emily Axford.""The Fairy"" by Emily Axford.""Tarragon"" by Emily Axford.""A Fairy Remembers"" by Emily Axford.""Secret Basement"" by Emily Axford.""Crash Landing"" by Emily Axford.""Heed the Mushroom's Call"" by Emily Axford.See Privacy Policy at https://art19.com/privacy and California Privacy Notice at https://art19.com/privacy#do-not-sell-my-info.",7403807,True,3HwpgXkVg9abViASbDcrmN,en,C3 Ep. 17: The Green Lord (The Dragon Elf Chronicles),2022-08-12,,,,,
"Duck Team seeks another ally in the fight against Glen! Calder takes a lead role, Sol gets upstaged, and Callie fights to resist old habits. Support us at Patreon.com/Naddpod to get access to the after-show and a bunch of other Naddpod content! Get tickets to our upcoming live shows at naddpod.com/live.Music/Sound Effects Include:""A Wizard's Tournament"" by Emily Axford.""Left is Left and Right is Center"" by Emily Axford.""Spooky Shafts"" by Emily Axford.""Tundra Trudge"" by Emily Axford.""The Fairy"" by Emily Axford.""Tarragon"" by Emily Axford.""Secret Basement"" by Emily Axford.""Court of the Boy King"" by Emily Axford.""The Valiant Ol' Cobb"" by Emily Axford.""Zelbuldar"" by Emily Axford.""Gunvar"" by Emily Axford.""Mindflayer's Lair"" by Emily Axford.""Into the Fire"" by Emily Axford.""Lilith Latrix"" by Emily Axford.See Privacy Policy at https://art19.com/privacy and California Privacy Notice at https://art19.com/privacy#do-not-sell-my-info.",6033580,True,0J4FWSJKiE5McG5ka0JfLN,en,C3 Ep. 18: Shroomrot (The Dragon Elf Chronicles),2022-08-26,,,,,
The curse of the monkey themed episodes continues to linger as Wade gives Mark and Bob some profound choices to make.   Shopping. Streaming. Savings. It’s on Prime. Visit Amazon.com/prime to get more out of whatever you’re into.  Get set up quick and connect to their fast speeds.  Learn more about your ad choices. Visit podcastchoices.com/adchoices,3652670,True,1AY0vApxkwUC94JK3RgqvL,en,Legend of The Monkey's Paw,2025-08-25,,,,,
Poki & Lily address the allegations and talk a lot on performative actions taken by public figures & men! Make sure to also submit your financial stories!!   ⁠⁠https://linktr.ee/sweetnsour_pod⁠⁠ follow us Pokimane:  ⁠⁠https://x.com/pokimanelol⁠⁠ LilyPichu:  ⁠⁠https://x.com/lilypichu⁠⁠   TikTok: ⁠⁠https://tiktok.com/@sweetnsour_pod⁠⁠ Instagram: ⁠⁠https://www.instagram.com/sweetnsourpodcast⁠⁠ Twitter: ⁠⁠https://x.com/sweetnsour_pod    Learn more about your ad choices. Visit megaphone.fm/adchoices,3819114,False,6PQvNw7cZJ8k9afg4E8TSC,en-US,My Dog Ragebaited the Internet | ep 50 | Sweet n' Sour,2025-08-23,,,,,
"A boy's mother is dying. So is his brother. But, for the first time he's presented with a chance to be a hero.   Stop putting off those doctors appointments and go to https://zocdoc.com/creepcast to find and instantly book a top-rated doctor today! Our listeners get Harry’s Trial Set for only $8 + a Free Gift at https://www.harrys.com/CREEPCAST #Harryspod #ad    Learn more about your ad choices. Visit megaphone.fm/adchoices",10027157,False,06zgS514dcpfr36ecFRlSW,en,The Dead Girl In My Yard | CreepCast,2025-08-24,,,,,
"Go to https://zocdoc.com/OOMPAVILLE find and instantly book a top-rated doctor todayA bit more on the topic of Antarctica. This is weeeeiird...Join Gump™ at https://gump.club to access uncensored videos, previous Too Late Show broadcasts, and more exclusive content!Buy my candy! Sour candies made in the US with new flavors coming out every week!🍬 *Candy* 👉 *http://link.sour.gg/sourboys*Produced By:Caleb PhelpsJon FriedmanWritten By:Caleb PhelpsSatchel Perry - https://youtube.com/@SkatchelEdited By:Tara (evil witch)----------------------------------------------------------------------Subscribe to these!• Sourboys Channel ► https://youtube.com/@sourboysgg• Too Late Show Live Channel ► https://youtube.com/@toolateshowlive• Side YT Channel ► https://youtube.com/@oompaytFollow these!• Insta ► https://instagram.com/oompavilleig/• Twitter ► http://twitter.com/oompaville----------------------------------------------------------------------For any business inquiries reach out here brands@sour.gg#oompaville",3115607,False,3C3EmlazuAoys4mWrIJN3A,en,You Just Shouldn't Go To Antarctica...,2025-08-22,,,,,
"The pressurized water isn't the only thing streaming tonight, as Mark has a live chat with his viewers and answers their questions.  Learn more about your ad choices. Visit podcastchoices.com/adchoices",3161516,True,78wcih5IS84xdjheBCAIPk,en,PowerWash Pals: Markiplier (Voices In My Head),2025-08-08,,,,,
"On this episode of That's What She Said, Brooke & Fuslie wrap up the season finale of the show dishing secrets about their roommates, Fuslie meeting Ed Sheeran, their love for Taylor Swift, and more!  ",4024981,False,3TVtWc5XJTvaHFlXJtgYL5,en-US,#24 - goodbye...,2023-12-07,,,,,
"Duck Team investigates the attack on Shroomrot's lair! Calder earns -2 to charisma, Callie finds closure in a strange place, and Sol is hit with a bombshell. Support us at Patreon.com/Naddpod to get access to the after-show and a bunch of other Naddpod content! Get tickets to our upcoming live shows at naddpod.com/live.Music/Sound Effects Include:""Epic Chorus Song"" by Frankum at Freesound.org.""Crackling Fire"" by sagetyrtle at Freesound.org.""A Wizard's Tournament"" by Emily Axford.""Soul Coins"" by Emily Axford.""Sumpin's a Mess Out West"" by Emily Axford.""The Posse"" by Emily Axford.""Langston""  by Emily Axford.""I Need to Know You're Taken Care Of""  by Emily Axford.""Deadeye""  by Emily Axford.""Moonshine's Stump""  by Emily Axford.""The Gunslinger's Girl""  by Emily Axford.""A Fairy Remembers""  by Emily Axford.""Left is Left and Right is Center"" by Emily Axford.""Spooky Shafts"" by Emily Axford.""The Fairy"" by Emily Axford.""Secret Basement"" by Emily Axford.""Gunvar"" by Emily Axford.""Lilith Latrix"" by Emily Axford.See Privacy Policy at https://art19.com/privacy and California Privacy Notice at https://art19.com/privacy#do-not-sell-my-info.",6521103,True,27IfjZTb6X0mIrADfbv8m4,en,C3 Ep. 19: Hunters of the Void (The Dragon Elf Chronicles),2022-09-09,,,,,
"Duck Team ventures through blue dragon territory! Sol busts out his Crick Elf impression, Calder becomes a schoolyard bully, and Callie embraces the track jacket. Support us at Patreon.com/Naddpod to get access to the after-show and a bunch of other Naddpod content! Get tickets to our upcoming live shows at naddpod.com/live.Music/Sound Effects Include:""Impact"" by Deganoth at Freesound.org.""A Wizard's Tournament"" by Emily Axford.""Soul Coins"" by Emily Axford.""A Fairy Remembers"" by Emily Axford.""Left is Left and Right is Center"" by Emily Axford.""Spooky Shafts"" by Emily Axford.""The Fairy"" by Emily Axford.""Secret Basement"" by Emily Axford.""Lilith Latrix"" by Emily Axford.""Alexandrite"" by Emily Axford.""Tundra Trudge"" by Emily Axford.""Cursed""  by Emily Axford.""Bonkginya, Fia Bonkginya"" by Emily Axford.""Montgomery Manor"" by Emily Axford.See Privacy Policy at https://art19.com/privacy and California Privacy Notice at https://art19.com/privacy#do-not-sell-my-info.",5729149,True,2RtFKkAJVYqgLiUCNFGTs8,en,C3 Ep. 20: The Sapphire Scale (The Dragon Elf Chronicles),2022-09-23,,,,,
"Duck Team sneaks into the dragon summit and witnesses Glen's weapon firsthand! Sol uses too much toilet paper, Calder hides from an old flame, and Callie faces her ex. Support us at Patreon.com/Naddpod to get access to the after-show and a bunch of other Naddpod content! Get tickets to our upcoming live shows at naddpod.com/live.Music/Sound Effects Include:""Electric Crackle Ticking"" by Headphaze at Freesound.org.""Drum Cadences"" by Kiddpark at Freesound.org.""Fanfare with Snare"" by Vitovsky1 at Freesound.org.""Crowd Cheering"" by Gregor Quendel at Freesound.org.""A Wizard's Tournament"" by Emily Axford.""A Fairy Remembers"" by Emily Axford.""Spooky Shafts"" by Emily Axford.""Lilith Latrix"" by Emily Axford.""Alexandrite"" by Emily Axford.""Demigod"" by Emily Axford.""Into the Fire"" by Emily Axford.""The Depths of the Dungeon"" by Emily Axford.""Forsaken"" by Emily Axford.""Ghost Dragon"" by Emily Axford.""The Purge"" by Emily Axford.""The Posse"" by Emily Axford.""The Golden Sword"" by Emily Axford.""Kingshammer"" by Emily Axford.""Hexblood Centurions"" by Emily Axford.See Privacy Policy at https://art19.com/privacy and California Privacy Notice at https://art19.com/privacy#do-not-sell-my-info.",5773453,True,79fxjg63818e8EQIfqxRN9,en,C3 Ep. 21: Glen (The Dragon Elf Chronicles),2022-10-07,,,,,
"Sol and Calder battle High Prince Cobalt while Callie goes toe to toe with Glen's dragon! Calder over-pledges himself, Sol makes an unfortunate friendship, and Callie bonds with a serpent. Support us at Patreon.com/Naddpod to get access to the after-show and a bunch of other Naddpod content! Get tickets to our upcoming live shows at naddpod.com/live.Music/Sound Effects Include:""Club chatter, London"" by mlteenie at Freesound.org.""Arkansas Traveler"" by ecfike at Freesound.org.""A Wizard's Tournament"" by Emily Axford.""A Fairy Remembers"" by Emily Axford.""Lilith Latrix"" by Emily Axford.""Into the Fire"" by Emily Axford.""Forsaken"" by Emily Axford.""The Purge"" by Emily Axford.""Oh, Melora!"" by Emily Axford.""Conspiracy in the Clouds"" by Emily Axford.""Langston"" by Emily Axford.See Privacy Policy at https://art19.com/privacy and California Privacy Notice at https://art19.com/privacy#do-not-sell-my-info.",5899755,True,5YO5N5tIhj3qPRN2yDDZaF,en,C3 Ep. 22: The Ol' Crick (The Dragon Elf Chronicles),2022-10-21,,,,,
"Duck Team returns the serpent to Oberron and discovers Foster's origin! Sol learns about his daddy-self, Calder meets some familiar bullies, and Callie resolves to clear her family's name. Support us at Patreon.com/Naddpod to get access to the after-show and a bunch of other Naddpod content! Get tickets to our upcoming live shows at naddpod.com/live.EXCLUSIVE NordVPN Deal ➼ https://nordvpn.com/naddpod Try it risk-free now with a 30-day money-back guarantee!Music/Sound Effects Include:""Cracking Oak Tree"" by klankbeeld at Freesound.org.""A Wizard's Tournament"" by Emily Axford.""A Fairy Remembers"" by Emily Axford.""Escape From Smuggler's Bounty"" by Emily Axford.""The Court of the Bear Prince"" by Emily Axford.""Fabric of Fate"" by Emily Axford.""Wooded Wonders"" by Emily Axford.""Fantastic & Fuddling"" by Emily Axford.""Frozen in Time"" by Emily Axford.""Puzzled"" by Emily Axford.""Mysterious, Yet Familiar"" by Emily Axford.""Queen Cirilla"" by Emily Axford.""The Nannerfly Effect"" by Emily Axford.""Mothership"" by Emily Axford.""Forsaken"" by Emily Axford.See Privacy Policy at https://art19.com/privacy and California Privacy Notice at https://art19.com/privacy#do-not-sell-my-info.",6641606,True,1ee9mcTnogoaQ6kTAx1Sw8,en,C3 Ep. 23: Foster Origins (The Dragon Elf Chronicles),2022-11-04,,,,,
"Duck Team faces the trial of the Serpent Queen! Callie does a little nose hair trimming, Sol reveals yet another alter ego, and Calder is forced to improvise. Support us at Patreon.com/Naddpod to get access to the after-show and a bunch of other Naddpod content! Get tickets to our upcoming live shows at naddpod.com/live.Music/Sound Effects Include:""Cracking Oak Tree"" by klankbeeld at Freesound.org.""Sunday Acid Jam"" by Georgeke at Freesound.org.""A Wizard's Tournament"" by Emily Axford.""Crash Landing"" by Emily Axford.""A Fairy Remembers"" by Emily Axford.""Haunting Visages"" by Emily Axford.""Queen Cirilla"" by Emily Axford.""All I Need is One Thread to Spin a Web"" by Emily Axford.""Hospitably Hostile"" by Emily Axford.""A Haven Away From Home"" by Emily Axford.""Forsaken"" by Emily Axford.See Privacy Policy at https://art19.com/privacy and California Privacy Notice at https://art19.com/privacy#do-not-sell-my-info.",6500284,True,1SXJAXMkwPoZLqLOwRkUQF,en,C3 Ep. 24: Serpent Knight (The Dragon Elf Chronicles),2022-11-18,,,,,
"Duck Team interrogates Glen, then hatches a plan to save the Crick! Sol goes from hot to cute, Calder finds a new favorite beverage, and Callie's done playing games. Support us at Patreon.com/Naddpod to get access to the after-show and a bunch of other Naddpod content! Get tickets to our upcoming live shows at naddpod.com/live.EXCLUSIVE NordVPN Deal ➼ https://nordvpn.com/naddpod Try it risk-free now with a 30-day money-back guarantee!Music/Sound Effects Include:""Electric Zap"" by bevibelddesign at Freesound.org.""Jacob's Ladder"" by Halleck at Freesound.org.""Electric Wooshes"" by Glaneur de sons at Freesound.org.""A Wizard's Tournament"" by Emily Axford.""All I Need is One Thread to Spin a Web"" by Emily Axford.""Hospitably Hostile"" by Emily Axford.""A Haven Away From Home"" by Emily Axford.""Left is Left, Right is Center"" by Emily Axford.""Bonkginya, Fia Bonkginya"" by Emily Axford.""Langston"" by Emily Axford.""Deadeye"" by Emily Axford.""Alexandrite"" by Emily Axford.""Tarragon's Terrarium"" by Emily Axford.""Lilith Latrix"" by Emily Axford.""Secret Basement"" by Emily Axford.""Montgomery Manor"" by Emily Axford.""Demigod"" by Emily Axford.""Beedra Weevil"" by Emily Axford.""Apotheosis"" by Emily Axford.""Spooky Shafts"" by Emily Axford.See Privacy Policy at https://art19.com/privacy and California Privacy Notice at https://art19.com/privacy#do-not-sell-my-info.",6214922,True,7gcldiMGxnme1jEUsD7nNz,en,C3 Ep. 25: A Shocking Strategy (The Dragon Elf Chronicles),2022-12-02,,,,,
"Welcome to Dungeon Court! Join Justices Murphy, Tanner, Axford and Honestly Kinda Sexy Bailiff Hurwitz as they convene to pass judgement on your trials at the table!Get tickets to our upcoming shows at Naddpod.com/Live!EXCLUSIVE NordVPN Deal ➼ https://nordvpn.com/naddpod Try it risk-free now with a 30-day money-back guarantee!CREDITS:Sound Mixing and Editing by Grace Harper ( IG: @chorlesborkley) and Trevor LyonDungeon Court Theme Song by Sam WeillerSee Privacy Policy at https://art19.com/privacy and California Privacy Notice at https://art19.com/privacy#do-not-sell-my-info.",3808000,True,6Bpvyvzmac79R3AzBF4D6I,en,"D&D Court: Helm Hammerhand, Skinny Holes, and Rolling for Dinner",2022-12-08,,,,,
"Duck Team searches for allies in the dungeons of the Dragon King's Castle! Callie gets a new life coach, Sol has a major break-through, and Calder tries to expose a scam artist. Support us at Patreon.com/Naddpod to get access to the after-show and a bunch of other Naddpod content! Get tickets to our upcoming live shows at naddpod.com/live.Music/Sound Effects Include:""Electric Zap"" by bevibelddesign at Freesound.org.""Engine Room"" by Zimbot at Freesound.org.""A Wizard's Tournament"" by Emily Axford.""Left is Left, Right is Center"" by Emily Axford.""Bonkginya, Fia Bonkginya"" by Emily Axford.""Deadeye"" by Emily Axford.""Lilith Latrix"" by Emily Axford.""Spooky Shafts"" by Emily Axford.""The Mindflayer's Lair"" by Emily Axford.""Heed the Mushroom's Call"" by Emily Axford.See Privacy Policy at https://art19.com/privacy and California Privacy Notice at https://art19.com/privacy#do-not-sell-my-info.",5655196,True,3yRjoZDJ3J7dV84ni0nxbM,en,C3 Ep. 26: Big Bev (The Dragon Elf Chronicles),2022-12-16,,,,,
"Duck Team gathers their allies and faces the Dragon King! Callie goes smite versus bite, Sol becomes a mushroom masseuse, and Calder comes face to face with Ultrus. Support us at Patreon.com/Naddpod to get access to the after-show and a bunch of other Naddpod content! Get tickets to our upcoming live shows at naddpod.com/live.Music/Sound Effects Include:""Harp Heaven"" by X3nus.""Orchestral Royal Theme Fanfare"" by humanoide9000 at Freesound.org.""Engine Room"" by Zimbot at Freesound.org.""Conspiracy in the Clouds"" by Emily Axford.""The Writing on the Wall"" by Emily Axford.""Demigod"" by Emily Axford.""A Wizard Tournament"" by Emily Axford.""Left is Left, Right is Center"" by Emily Axford.""Deadeye"" by Emily Axford.""Spooky Shafts"" by Emily Axford.""Gunvar"" by Emily Axford.""Tarragon"" by Emily Axford.""Seabeast"" by Emily Axford.""Soil Coins"" by Emily Axford.""Lust"" by Emily Axford.""A Haven Away From Home"" by Emily Axford.""I Need to Know You're Taken Care Of"" by Emily Axford.""The Valiant Ol' Cobb"" by Emily Axford.""Kingshammer"" by Emily Axford.""Mee Maw's Burden"" by Emily Axford.See Privacy Policy at https://art19.com/privacy and California Privacy Notice at https://art19.com/privacy#do-not-sell-my-info.",8723461,True,0aYfqSfQPE377J8hKptU4z,en,C3 Ep. 27: King of Dragons (The Dragon Elf Chronicles),2022-12-31,,,,,
"Duck Team recovers from their battle with the King and attempts to broker peace with the remaining High Princes. Calder discovers a new fear, Sol destroys everything he touches, and Callie plays matchmaker. Support us at Patreon.com/Naddpod to get access to the after-show and a bunch of other Naddpod content! Get tickets to our upcoming live shows at naddpod.com/live.Music/Sound Effects Include:""Harp Heaven"" by X3nus.""Orchestral Royal Theme Fanfare"" by humanoide9000 at Freesound.org.""Realistic Arrow"" by Brendan89 at Freesound.org.""Jolene the Green"" by Emily Axford.""Irina"" by Emily Axford.""The Boy King's Court"" by Emily Axford.""Escape From Smuggler's Bounty"" by Emily Axford.""Gladeholm"" by Emily Axford.""Vinril's Minerals"" by Emily Axford.""Nightcap"" by Emily Axford.""Solving Puzzles"" by Emily Axford.""The Glittering Lady"" by Emily Axford.""A Fairy Remembers"" by Emily Axford.""Conspiracy in the Clouds"" by Emily Axford.""A Wizard Tournament"" by Emily Axford.""Left is Left, Right is Center"" by Emily Axford.""Soul Coins"" by Emily Axford.""Qwiksus"" by Emily Axford. ""Lilith LaTrix"" by Emily Axford. ""Secret Basement"" by Emily Axford. See Privacy Policy at https://art19.com/privacy and California Privacy Notice at https://art19.com/privacy#do-not-sell-my-info.",7837701,True,2W0izI5mJVvHpFvMLokPup,en,C3 Ep. 28: Pulling Strings (The Dragon Elf Chronicles),2023-01-13,,,,,
"Duck Team joins Bumpy in a search for the missing Old Folks! Callie kicks down some doors, Sol gets slippery, and Calder has a bad dream. Support us at Patreon.com/Naddpod to get access to the after-show and a bunch of other Naddpod content! Get tickets to our upcoming live shows at naddpod.com/live.Music/Sound Effects Include:""A Wizard Tournament"" by Emily Axford.""Lilith LaTrix"" by Emily Axford.""The Baroness"" by Emily Axford.""Hospitably Hostile"" by Emily Axford.""The Pact"" by Emily Axford.""Balnor the Brave"" by Emily Axford.""A Memory"" by Emily Axford.""Langston"" by Emily Axford.""A Fate Refused"" by Emily Axford.""Unknown Tome"" by Emily Axford.""The Purge"" by Emily Axford.""Apotheosis"" by Emily Axford.""Winter Sprite"" by Emily Axford.""The Valiant Ol' Cobb"" by Emily Axford.""Mee Maw's Burden"" by Emily Axford.""Demi-God"" by Emily Axford.""Forsaken"" by Emily Axford.""The Gunslinger's Girl"" by Emily Axford.""Winter Sprite"" by Emily Axford.""The Prodigal Sister"" by Emily Axford.See Privacy Policy at https://art19.com/privacy and California Privacy Notice at https://art19.com/privacy#do-not-sell-my-info.",6593802,True,1x8ZV1PYi3zki2w0SYFDyd,en,C3 Ep. 29: Crown of Dreams (The Dragon Elf Chronicles),2023-02-03,,,,,
"Duck Team enlists a new ally to track Ultrus and save Calder! Callie goes ice cold, Sol joins the network, and Jake reveals his next character. Support us at Patreon.com/Naddpod to get access to the after-show and a bunch of other Naddpod content! Get tickets to our upcoming live shows at naddpod.com/live.Music/Sound Effects Include:""Cracking Oak Tree"" by klankbeeld at Freesound.org.""A Wizard Tournament"" by Emily Axford.""Deadeye"" by Emily Axford.""Hospitably Hostile"" by Emily Axford.""The Pact"" by Emily Axford.""Balnor the Brave"" by Emily Axford.""A Memory"" by Emily Axford.""Wooded Wonder"" by Emily Axford.""The Purge"" by Emily Axford.""Cable Car Ride"" by Emily Axford.""Zirk Vervain"" by Emily Axford.""Henry's House"" by Emily Axford.""Winter Sprite"" by Emily Axford.""Oh, Melora!"" by Emily Axford.""The Valiant Ol' Cobb"" by Emily Axford.""Forsaken"" by Emily Axford.""Greenshade"" by Emily Axford.""Tundra Trudge"" by Emily Axford.""Winter's Mantle"" by Emily Axford.See Privacy Policy at https://art19.com/privacy and California Privacy Notice at https://art19.com/privacy#do-not-sell-my-info.",6614674,True,5UAwzMC1NIHlZ1lB14EjE8,en,C3 Ep. 30: Old Man on the Edge of Town (Legends of Irondeep),2023-03-10,,,,,
"Welcome back to Trinyvale! And also... Bahumia?? To celebrate the 5th Anniversary of NaddPod, Dungeon Uncle Caldwell has unleashed the severely-overpowered Trinyvale Triplets on the Bullywugs and Barbarians of Moonstone Bay! What could go wrong? Onyx dons a cute disguise, Jens pulls aggro and Nyack finds a cool whistle as the Crossover Chaos begins!GET YOUR SOL BUFO PLUSHIE HERE! - https://www.makeship.com/products/sol-bufo-plush---CREDITSEditing and Production by Trevor Lyons (@LyonatLarge)Mixing and Sound Design - Daniel Ramos (@Schubirds on Twitter & @Dr.Schubird on IG)Trinyvale Intro and Outro by Emily AxfordLogo Design by Chelsea LeCompteSee Privacy Policy at https://art19.com/privacy and California Privacy Notice at https://art19.com/privacy#do-not-sell-my-info.",6508382,True,5Yegk3XleUtSn0V2YbLHgx,en,Trinyvale X Bahumia Mini-Arc - Ep.01: The Triplets Take Moonstone,2023-02-10,,,,,
"Duck Team faces the challenges of the Irondeep Mountains -- physical and otherwise! Callie conjures an abominable duck, Sol whips up some food poisoning, and Hardwon draws a line. Support us at Patreon.com/Naddpod to get access to the after-show and a bunch of other Naddpod content! Get tickets to our upcoming live shows at naddpod.com/live.Music/Sound Effects Include:""Window Glass"" by P.Jezisek.""A Wizard Tournament"" by Emily Axford.""Tundra Trudge"" by Emily Axford.""Snake Fight"" by Emily Axford.""Hospitable"" by Emily Axford.""Alone"" by Emily Axford.""Stallios"" by Emily Axford.""Shadowfell"" by Emily Axford.""Left is Left, Right is Center"" by Emily Axford.""Balnor the Brave"" by Emily Axford.""Illsed's Secret"" by Emily Axford.See Privacy Policy at https://art19.com/privacy and California Privacy Notice at https://art19.com/privacy#do-not-sell-my-info.",6261028,True,1CTwKlbWyWHCJe9X6XGhyx,en,C3 Ep. 31: Peaks and Valleys (Legends of Irondeep),2023-03-24,,,,,
"Duck Team is down another member after Callie is possessed by a strange clockwork leech! Sol struggles to keep the party together, Callie embraces Winter, and Hardwon reveals the truth about his past. Support us at Patreon.com/Naddpod to get access to the after-show and a bunch of other Naddpod content! Get tickets to our upcoming live shows at naddpod.com/live.Music/Sound Effects Include:""A Wizard Tournament"" by Emily Axford.""Tundra Trudge"" by Emily Axford.""Balnor the Brave"" by Emily Axford.""A Memory"" by Emily Axford.""Angels & Devils"" by Emily Axford.""Mee Maw's Burden"" by Emily Axford.""Melora's Boon"" by Emily Axford.""The Gunslinger's Girl"" by Emily Axford.""Soul Coins"" by Emily Axford.""Solving Puzzles"" by Emily Axford.""Forsaken"" by Emily Axford.See Privacy Policy at https://art19.com/privacy and California Privacy Notice at https://art19.com/privacy#do-not-sell-my-info.",5754253,True,2gfWumkqyuPGMbI02gKJ73,en,C3 Ep. 32: The Ones We Couldn't Save (Legends of Irondeep),2023-04-07,,,,,
"Duck Team investigates the source of the mind-controlling leeches! Sol advocates for piss technology, Hardwon defers to Caw Caw, and Callie sparks several resignations. Support us at Patreon.com/Naddpod to get access to the after-show and a bunch of other Naddpod content! Get tickets to our upcoming live shows at naddpod.com/live.Music/Sound Effects Include:""A Wizard Tournament"" by Emily Axford.""Tundra Trudge"" by Emily Axford.""Solving Puzzles"" by Emily Axford.""Spooky Shafts"" by Emily Axford.""Mothership"" by Emily Axford.""Mothership Lobby"" by Emily Axford.""Patina Glenbottle"" by Emily Axford.""Bonkginya, Fia Bonkginya"" by Emily Axford.See Privacy Policy at https://art19.com/privacy and California Privacy Notice at https://art19.com/privacy#do-not-sell-my-info.",5514893,True,5CadwbzhQgPLt4fwGKVwiB,en,C3 Ep. 33: Mounting Crows (Legends of Irondeep),2023-04-21,,,,,
"Duck Team races to Irondeep with Mothership in pursuit! Sol unleashes a full moon, Callie targets heavy machinery, and Hardwon doesn't recognize home. Support us at Patreon.com/Naddpod to get access to the after-show and a bunch of other Naddpod content! Get tickets to our upcoming live shows at naddpod.com/live.Music/Sound Effects Include:""Crackling Fire"" by sagetyrtle at Freesound.org.""Club chatter, London"" by mlteenie at Freesound.org.""A Wizard Tournament"" by Emily Axford.""Secret Basement"" by Emily Axford.""Lilith Latrix"" by Emily Axford.""Alexandrite"" by Emily Axford.""Goblin Dirigible"" by Emily Axford.""Kingshammer"" by Emily Axford.""Zelbuldar"" by Emily Axford.""The Night Cap"" by Emily Axford.""Microbrews Crews"" by Emily Axford.""Left is Left and Right is Center"" by Emily Axford.""Reynard"" by Emily Axford.""All I Need is One Thread to Spin a Web"" by Emily Axford.""Cable Car Ride"" by Emily Axford.""The Murderer's Mask"" by Emily Axford.See Privacy Policy at https://art19.com/privacy and California Privacy Notice at https://art19.com/privacy#do-not-sell-my-info.",7093211,True,5w5QDKXAd2K5P7qfcF8g9S,en,C3 Ep. 34: Mothership Bronze (Legends of Irondeep),2023-05-05,,,,,
"Duck Team goes undercover to investigate Mothership Bronze! Hardwon attempts to flirt, Callie gets a bachelorette party, and Sol has an identity crisis on the dance floor. Support us at Patreon.com/Naddpod to get access to the after-show and a bunch of other Naddpod content! Get tickets to our upcoming live shows at naddpod.com/live.Music/Sound Effects Include:""Monster Beats"" by Frankum at Freesound.org.""Techno Pop"" by Frankum at Freesound.org.""Love, TechnoHouse, & Peace"" by Frankum at Freesound.org.""Sunday Acid Jam"" by Georgeke at Freesound.org.""Crackling Fire"" by sagetyrtle at Freesound.org.""Club chatter, London"" by mlteenie at Freesound.org.""Large Crash"" by CGEffex at Freesound.org.""A Wizard Tournament"" by Emily Axford.""Bronzebeard Baddies"" by Emily Axford.""Detect Thoughts"" by Emily Axford.""The Down Below"" by Emily Axford.""Bonkginya, Fia Bonkginya"" by Emily Axford.""Hospitable"" by Emily Axford.""All I Need is One Thread to Spin a Web"" by Emily Axford.""Zelbuldar"" by Emily Axford.""Bear Prince"" by Emily Axford.See Privacy Policy at https://art19.com/privacy and California Privacy Notice at https://art19.com/privacy#do-not-sell-my-info.",6651872,True,3Gg9fvpmY9tRmMfPV3lHYP,en,C3 Ep. 35: Le Lantern (Legends of Irondeep),2023-05-19,,,,,
"Duck Team deals with the literal fallout of dropping a cable car out of the sky! Callie bonds with the local wildlife, Sol takes the fall, and Hardwon loses his beans. Support us at Patreon.com/Naddpod to get access to the after-show and a bunch of other Naddpod content! Get tickets to our upcoming live shows at naddpod.com/live.Music/Sound Effects Include:""A Wizard Tournament"" by Emily Axford.""Bronzebeard Baddies"" by Emily Axford.""All I Need is One Thread to Spin a Web"" by Emily Axford.""Bear Prince"" by Emily Axford.""Angels and Devils"" by Emily Axford. ""A Fairy Remembers"" by Emily Axford.""Microbrews Cruise"" by Emily Axford. ""Balnor the Brave"" by Emily Axford.""The Red Fen"" by Emily Axford.""The Ruins of Cragwater"" by Emily Axford.""Shadowfell"" by Emily Axford.See Privacy Policy at https://art19.com/privacy and California Privacy Notice at https://art19.com/privacy#do-not-sell-my-info.",6078223,True,3xhjShFyYmBpkwt9eJZE4q,en,C3 Ep. 36: The Down Below (Legends of Irondeep),2023-06-02,,,,,
"Duck Team pursues the serpent under the mountain and runs into some big trouble! Callie enjoys a strange cocktail, Sol plays some nu metal, and Hardwon dusts off his driving skills. Support us at Patreon.com/Naddpod to get access to the after-show and a bunch of other Naddpod content! Get tickets to our upcoming live shows at naddpod.com/live.Music/Sound Effects Include:""Alert Chime 1"" by FoolBoyMedia.""A Wizard Tournament"" by Emily Axford.""Left is Left and Right is Center"" by Emily Axford.""Balnor the Brave"" by Emily Axford.""The Ruins of Cragwater"" by Emily Axford.""Zelbuldar"" by Emily Axford.""Mothership"" by Emily Axford.""Jolene the Green"" by Emily Axford.""Implicated"" by Emily Axford.""Illsed's Secret"" by Emily Axford.""Snake Fight"" by Emily Axford.""The Posse"" by Emily Axford.See Privacy Policy at https://art19.com/privacy and California Privacy Notice at https://art19.com/privacy#do-not-sell-my-info.",5847902,True,1bJ5wSASlvZUNcuW1dpCLy,en,C3 Ep. 37: The Serpent's Trail (Legends of Irondeep),2023-06-16,,,,,
"Duck Team battles the Bronzebeard siblings to protect the serpent! Callie attempts to wrangle a mythical beast, Sol faces Swag, and Hardwon gets a new squire. Support us at Patreon.com/Naddpod to get access to the after-show and a bunch of other Naddpod content! Get tickets to our upcoming live shows at naddpod.com/live.Music/Sound Effects Include:""A Wizard Tournament"" by Emily Axford.""Mothership"" by Emily Axford.""Kingshammer"" by Emily Axford.""Into the Fire"" by Emily Axford.""The Purge"" by Emily Axford.""Bronzebeard Baddies"" by Emily Axford.""Tower in the Distance"" by Emily Axford.""The Down Below"" by Emily Axford.""Winter's Mantle"" by Emily Axford.""Unknown Tome"" by Emily Axford.See Privacy Policy at https://art19.com/privacy and California Privacy Notice at https://art19.com/privacy#do-not-sell-my-info.",5923552,True,5VsvRdZ6d0SCy60ET6ZROk,en,C3 Ep. 38: Burrowing Grounds (Legends of Irondeep),2023-06-30,,,,,
"Duck Team hitches a ride on the serpent's scales and battles for its fate! Hardwon tries a new delicacy, Sol bonds with Swag, and Callie faces her archenemy: Bean Rat. Support us at Patreon.com/Naddpod to get access to the after-show and a bunch of other Naddpod content! Get tickets to our upcoming live shows at naddpod.com/live.Music/Sound Effects Include:""A Wizard Tournament"" by Emily Axford.""Kingshammer"" by Emily Axford.""Melora's Boon"" by Emily Axford.""Bronzebeard Baddies"" by Emily Axford.""Hospitable"" by Emily Axford.""Gunslinger's Girl"" by Emily Axford.""Balnor the Brave"" by Emily Axford.""Bittersweet Sixteen"" by Emily Axford.""Hardwon Takes the Wheel"" by Emily Axford.""Twinkling Lights of Galaderon"" by Emily Axford.""Jolene the Green"" by Emily Axford.""Winter's Mantle"" by Emily Axford.""Tundra Trudge"" by Emily Axford.""Calling the Elementals"" by Emily Axford.""Winter Sprite"" by Emily Axford.See Privacy Policy at https://art19.com/privacy and California Privacy Notice at https://art19.com/privacy#do-not-sell-my-info.",6229812,True,43vvtCY04RPIl2lTiTMEsg,en,C3 Ep. 39: Hang On! (Legends of Irondeep),2023-07-14,,,,,
"Dungeon Court is back in session, and so is the PATRONLY BAILIFF HURWITZ! Join Justices Murphy, Tanner and Axford as they convene to welcome Jim back from Paternity and then pass judgement on your trials at the table!Get Tickets to upcoming live shows here! - Naddpod.com/LiveCREDITS:Sound Mixing and Editing by Trevor LyonDungeon Court Theme Song by Sam WeillerSee Privacy Policy at https://art19.com/privacy and California Privacy Notice at https://art19.com/privacy#do-not-sell-my-info.",4134608,True,4QUOfWt1xXrvR93CJcVIvX,en,"D&D Court: Alignment Issues, Strict Spell Components and a Bad Case of Trap Amnesia",2023-07-07,,,,,
"Duck Team enters the fire giant kingdom to search for Calder and Jaina! Hardwon takes a hard stance on bullying, Sol loses out on an alter-ego, and Callie befriends yet another goblin. Support us at Patreon.com/Naddpod to get access to the after-show and a bunch of other Naddpod content! Get tickets to our upcoming live shows at naddpod.com/live.Music/Sound Effects Include:""Engine Room"" by Zimbot at Freesound.org.""Fanfare with Snare"" by Vitovsky1 at Freesound.org.""Crowd Cheering"" by Gregor Quendel at Freesound.org.""A Wizard Tournament"" by Emily Axford.""Forsaken"" by Emily Axford.""Implicated"" by Emily Axford.""Malscurial"" by Emily Axford.""Winch"" by Emily Axford.""Lucanus Aer'Tea"" by Emily Axford.""Mothership"" by Emily Axford.""Reynard"" by Emily Axford.""Spooky Shafts"" by Emily Axford.""Winter Sprite"" by Emily Axford.""Demigod"" by Emily Axford.See Privacy Policy at https://art19.com/privacy and California Privacy Notice at https://art19.com/privacy#do-not-sell-my-info.",5847823,True,3xhpGZyYgYkwfuJc0I6jvA,en,C3 Ep. 40: Iron and Fire (Legends of Irondeep),2023-07-28,,,,,
"The Jolly Jousters enter a tournament of giants! Callie develops a crush, Sol becomes the world's worst boxing coach, and Hardwon reaches out to an old ally. Support us at Patreon.com/Naddpod to get access to the after-show and a bunch of other Naddpod content! Get tickets to our upcoming live shows at naddpod.com/live.Music/Sound Effects Include:""Hard Punch"" by Miksmusic at Freesound.org.""Chainsaw Cut"" by DrinkingWindGames at Freesound.org.""Engine Room"" by Zimbot at Freesound.org.""Crowd Cheering"" by Gregor Quendel at Freesound.org.""A Wizard Tournament"" by Emily Axford.""Malscurial"" by Emily Axford.""Winch"" by Emily Axford.""Lucanus Aer'Tea"" by Emily Axford.""Reynard"" by Emily Axford.""The Twinkling Lights of Galaderon"" by Emily Axford.""The Prodigal Sister"" by Emily Axford.""A Fairy Remembers"" by Emily Axford.""On the Prow"" by Emily Axford.""Solving Puzzles"" by Emily Axford.""Healing Worm"" by Emily Axford.See Privacy Policy at https://art19.com/privacy and California Privacy Notice at https://art19.com/privacy#do-not-sell-my-info.",6110902,True,4TLIJkaiIb0CPNz93NrRAS,en,C3 Ep. 41: Giant King's Contest (Legends of Irondeep),2023-08-11,,,,,
"Dracoda Academy: any spell-caster worth their salt sets their eyes on its gates. Arcane casters from across the nation (and perhaps further) try their luck at becoming one of the many legends that graduate from this University. Such an institution is bound to attract a diverse array of interested parties, and our heroes are no exception. Nix, Vai, Reeza and Willow take their first steps into the school of their dreams, but will it be everything they’ve ever hoped for? Or will the secrets that slumber beneath the school’s mask reveal a waking nightmare?  CONTENT WARNINGS  While “For the Gods” can be quite light-hearted, its overarching themes are geared towards older audiences. This story will contain themes, allusions and depictions of:   Sudden Loud Noises   Violence & Threats of Violence    Violence against Children    Torture    Blood & Body Horror    Deception    Trauma    Mental Illness    Physical, Verbal & Emotional Abuse    Religious Trauma and Zealotry    Gaslighting    Medical Trauma    Prejudice & Fantasy Racism   “For the Gods” is a fiction, and none of the persons, places or events in the story are real or factual. All cast members are over the age of 21, and all main characters are over the age of 19.  Viewer discretion is advised.   THE CAST AND CREW  Dez is Vai Elderwick Nara is Reeza Lyarmark  Bin is Nix Rattleskorn  Jay is Willow Tavashire  Foster is Everyone Else! Setting and Story by Foster Thumbnail Art by Jay   LINKS  Want to see us live? Check out our Twitch! https://twitch.tv/theatreoftheunaligned Want to catch our livestream VODs? Check out our YouTube! https://youtube.com/channel/UCr69YQf6M8yeiYEeGjZ711Q Want to see our reels? Check out our Instagram and TikTok! https://instagram.com/theatreoftheunaligned/ https://tiktok.com/@theatreoftheunaligned  Thank you for supporting Theatre of the Unaligned!",13309309,False,5mDS1dQIV0MUZIY5BNUkgR,en,EP 1: First Day of School,2024-02-11,,,,,
"Duck Team faces a slew of hedge knights in a multi-level melee! Hardwon teams up with Kenna, Callie goes jetskiing, and Sol loses the crowd. Support us at Patreon.com/Naddpod to get access to the after-show and a bunch of other Naddpod content! Get tickets to our upcoming live shows at naddpod.com/live.Music/Sound Effects Include:""Crowd Cheering"" by Gregor Quendel at Freesound.org.""Sea Waves"" by janrou at Freesound.org.""A Wizard Tournament"" by Emily Axford.""Malscurial"" by Emily Axford.""Starspawn"" by Emily Axford.""Gunvar"" by Emily Axford.""A Fate Refused"" by Emily Axford.See Privacy Policy at https://art19.com/privacy and California Privacy Notice at https://art19.com/privacy#do-not-sell-my-info.",6532963,True,41zUqjAoRYuRGlpanHVbjG,en,C3 Ep. 42: Elimination Chamber (Legends of Irondeep),2023-08-25,,,,,
"Duck Team tries to survive a dinner party with King Ecktar and his mysterious new allies! Callie starts court gossip, Sol chugs free wine, and Hardwon gets some new jewelry. Support us at Patreon.com/Naddpod to get access to the after-show and a bunch of other Naddpod content! Get tickets to our upcoming live shows at naddpod.com/live.Music/Sound Effects Include:""Glass Smashing"" by InspectorJ at Freesound.org.""A Wizard Tournament"" by Emily Axford.""Implicated"" by Emily Axford. ""Angels and Devils"" by Emily Axford.""The Baron's Estate"" by Emily Axford. ""Forsaken"" by Emily Axford. ""A Memory"" by Emily Axford. ""Shadowfell"" by Emily Axford. ""Left is Left, Right is Center"" by Emily Axford. ""Spooky Shafts"" by Emily Axford. ""Bonkginya, Fia Bonkginya"" by Emily Axford. ""Illsed"" by Emily Axford.""The Montgomerys"" by Emily Axford. ""Malscurial"" by Emily Axford.See Privacy Policy at https://art19.com/privacy and California Privacy Notice at https://art19.com/privacy#do-not-sell-my-info.",5645818,True,3p4qLyFugXR2ywJ0xP4U2j,en,C3 Ep. 43: Blood and Wine (Legends of Irondeep),2023-09-08,,,,,
"Duck Team investigates the origin of the cursed pendant, then faces King Ecktar in a Trial by Steel! Sol catches up with a buddy, Hardwon gets a second chance, and Callie confuses the haters. Support us at Patreon.com/Naddpod to get access to the after-show and a bunch of other Naddpod content! Get tickets to our upcoming live shows at naddpod.com/live.Music/Sound Effects Include:""Engine Room"" by Zimbot at Freesound.org.""Fanfare with Snare"" by Vitovsky1 at Freesound.org.""Crowd Cheering"" by Gregor Quendel at Freesound.org.""A Wizard Tournament"" by Emily Axford.""Forsaken"" by Emily Axford.""Malscurial"" by Emily Axford.""Winch"" by Emily Axford.""Lucanus Aer'Tea"" by Emily Axford.""Synth Night"" by Emily Axford.""Demigod"" by Emily Axford.""Mothership"" by Emily Axford. See Privacy Policy at https://art19.com/privacy and California Privacy Notice at https://art19.com/privacy#do-not-sell-my-info.",6232816,True,4HeTBx8LK3bFKcDhKVBtub,en,C3 Ep.44: Trial by Steel (Legends of Irondeep),2023-09-22,,,,,
"Duck Team faces Ultrus while Calder attempts a demiplanar jailbreak! Sol provides too good of a distraction, Callie gets stage fright, and Hardwon calls for help.  Support us at Patreon.com/Naddpod to get access to the after-show and a bunch of other Naddpod content! Get tickets to our upcoming live shows at naddpod.com/live.Get tickets to Caldwell and Jake's Spooky D&D Livestream here! - https://www.moment.co/danddMusic / Sound Effects Include: “A Wizard’s Tournament” by Emily Axford.“Kingshammer” by Emily Axford.“Forsaken” by Emily Axford.“The Purge” by Emily Axford. “Demigod” by Emily Axford. “The Valiant Ol’ Cobb” by Emily Axford.“Into the Fire” by Emily Axford“Angels and Devils” by Emily Axford. ""Ghost Dragon"" by Emily Axford.""Shock at the Dock"" by Emily Axford.See Privacy Policy at https://art19.com/privacy and California Privacy Notice at https://art19.com/privacy#do-not-sell-my-info.",6947448,True,2KQQWMEuMcmxecErz7x9JP,en,C3 Ep.45: Lord Ultrus (Legends of Irondeep),2023-10-06,,,,,
"Duck Team celebrates their victory but faces a tough crowd! Callie befriends a giant rat, Calder steals Sol's style, and Hardwon moves on. Support us at Patreon.com/Naddpod to get access to the after-show and a bunch of other Naddpod content! Get tickets to our upcoming live shows at naddpod.com/live.Get tickets to Caldwell and Jake's Spooky D&D Livestream here! - https://www.moment.co/danddMusic / Sound Effects Include: ""Engine Room"" by Zimbot at Freesound.org.""Fanfare with Snare"" by Vitovsky1 at Freesound.org.""Crowd Cheering"" by Gregor Quendel at Freesound.org.“A Wizard’s Tournament” by Emily Axford.""A Friend for Life"" by Emily Axford. ""The Fairy"" by Emily Axford. ""Lilith Latrix"" by Emily Axford.""Malscurial"" by Emily Axford. ""Winch"" by Emily Axford.""Hospitable"" by Emily Axford.""Implicated"" by Emily Axford.""Winter Sprite"" by Emily Axford.""Hardwon Takes the Wheel"" by Emily Axford.""The Twinkling Lights of Galaderon"" by Emily Axford.""Shadowfell"" by Emily Axford.""Zelbuldar"" by Emily Axford.""Secret Basement"" by Emily Axford.""Spooky Shafts"" by Emily Axford.""Water World"" by Emily Axford.""Tarragon's Terrarium"" by Emily Axford.""A Fairy Remembers"" by Emily Axford. See Privacy Policy at https://art19.com/privacy and California Privacy Notice at https://art19.com/privacy#do-not-sell-my-info.",6506187,True,12VETD88wsiRw47IS6gPnG,en,"C3 Ep. 46: Goodbye, Goodbye (Legends of Irondeep)",2023-10-20,,,,,
"Duck Team boards their shoddy sub and heads for the undersea city of Tsunare! Calder teaches scuba lessons, Callie becomes a pirate captain, and Sol uses his tongue condom. Support us at Patreon.com/Naddpod to get access to the after-show and a bunch of other Naddpod content! Get tickets to our upcoming live shows at naddpod.com/live.Music / Sound Effects Include: ""Club chatter, London"" by mlteenie at Freesound.org.“A Wizard’s Tournament” by Emily Axford.""The Wild Down Below"" by Emily Axford.""Puzzle Beats"" by Emily Axford.""Corrupted"" by Emily Axford.""Tsunare"" by Emily Axford.""The Sea Elves"" by Emily Axford.""Ursia"" by Emily Axford.""The Inkling Syndicate"" by Emily Axford.""Winter Sprite"" by Emily Axford.""The Gambling District"" by Emily Axford.See Privacy Policy at https://art19.com/privacy and California Privacy Notice at https://art19.com/privacy#do-not-sell-my-info.",6981929,True,3NDXSQGyB5EPfkiV2iQTiL,en,C3 Ep. 47: Bad Vibes (The Undersea Interlude),2023-11-03,,,,,
"Duck Team goes toe to toe with a psychic goon squad! Callie embodies a businesswoman, Sol goes caroling, and Calder faces his worst fear. Support us at Patreon.com/Naddpod to get access to the after-show and a bunch of other Naddpod content! Get tickets to our upcoming live shows at naddpod.com/live.Music / Sound Effects Include: ""Club chatter, London"" by mlteenie at Freesound.org.""Glass Break"" by YleArkisto at Freesound.org.“A Wizard’s Tournament” by Emily Axford.""Corrupted"" by Emily Axford.""The Purge"" by Emily Axford. ""Two for Tea"" by Emily Axford.""The Wild Down Below"" by Emily Axford.""Spooky Shafts"" by Emily Axford.""Bonkginya, Fia Bonkginya"" by Emily Axford.""Ol' Guppy"" by Emily Axford.""The Inkling Syndicate"" by Emily Axford.""The Gambling District"" by Emily Axford.See Privacy Policy at https://art19.com/privacy and California Privacy Notice at https://art19.com/privacy#do-not-sell-my-info.",6605923,True,40EMMNCQKYq02bXLuav4kL,en,C3 Ep. 48: Inkling Syndicate (The Undersea Interlude),2023-11-16,,,,,
"The team ventures into the Dead Pines to seek out the missing children of Ilmater's Hope. On the first step of their journey, they will discover something far more sinister... Dark Dice is an Actual Play podcast created using the 5th edition rules of Dungeons and Dragons. Dialogue with NPC's has been replaced with a full voice cast and immersive sound effects create an added layer of immersion. This is our first season: Domain of the Nameless God!  ###Content Warning###  Sounds of vomiting (Time Stamp 21:40-21:53) Full list of CWs at the bottom of show notes for every episode!  Story by Travis Vengroff (The Game Master) Writing Assistance by K.A. Statz Produced, Co-Edited, and with Sound Design by Travis Vengroff Co-Edited by Neil Martin Transcription and Production Assistance by Hem Cleveland Mixed by Brandon Strader   Cast: Narrator / Game Master – Travis Vengroff Iaus Innskeep – David Ault Sister Tsavorite Cavernsfall – Kaitlin Statz Soren Arkwright – Peter Lewis Father Sindri Westpike – Eyþór Viðarsson Flygia of Zarketh – Kessi Riliniki Rowena Granitepike – Hem Cleveland Merchant Spirit – Graham Rowat   Music: Music Director - Travis Vengroff “Domain of the Nameless God” – Written and Performed by Steven Melin, with Hurdy Gurdy by Enzo Puzzovio ""A Plot Most Sinister"" – Written and Performed by Josh Barron “The Old Ritual"" – Written and Performed by Brandon Boone  “Danse Silencieuse"" – Arranged and Performed by Travis Vengroff with Cello by Sam Boase-Miller and stock media provided by avinograd/ Pond5, Written and Performed by Andrey Vinogradov ""A Burden Shared"" - Written by Steven Melin, performed by Kyle Paxton ""The Darklands"" & ""The Allshadow"" - Written by Brandon Boone, Orchestrated by Christopher Siu & Catherine Nguyen, Budapest Strings Recorded by Musiversal, featuring the Budapest Scoring Choir Dark Dice art by Allen Morris with lettering by Kessi Riliniki   Special Thanks to: Our Patreon supporters! | Tovusound | Hem Cleveland | Greg Tito | Carol Vengroff  This is a Fool and Scholar Production. For early episodes and bonus content join us at: https://www.patreon.com/FoolandScholar Check out our Merch: www.DarkDice.com Free Transcripts are also available: https://www.patreon.com/posts/dark-dice-22460850   Content Warnings: Sounds of Vomiting (Time Stamp 21:40-21:53) Death, Disembowelment, Murder, Already Dead Animals Learn more about your ad choices. Visit megaphone.fm/adchoices",2841750,False,2bUe0bNBWLYsHal1QLoX9U,en,Season 1 | Ep. 1 | The Silent One,2018-11-01,,,,,
"Get 40% off your first Hungryroot box PLUS get a free item of your choice in every box for life with code OOMPA at http://bit.ly/45VB5EVEverything we know right now about Jeffrey Epstein, but more this time...If you or someone you know needs help, contact RAINN at 1-800-656-HOPE or visit https://rainn.org/To support survivors and fight abuse, visit https://rainn.org/get-involvedJoin Gump™ at https://gump.club to access uncensored videos, previous Too Late Show broadcasts, and more exclusive content!Buy my candy! Sour candies made in the US with new flavors coming out every week!🍬 *Candy* 👉 *http://link.sour.gg/sourboys*Produced By:Caleb PhelpsJon FriedmanWritten By:Caleb PhelpsSatchel Perry - https://youtube.com/@SkatchelEdited By:Tara (evil witch)----------------------------------------------------------------------Subscribe to these!• Sourboys Channel ► https://youtube.com/@sourboysgg• Too Late Show Live Channel ► https://youtube.com/@toolateshowlive• Side YT Channel ► https://youtube.com/@oompaytFollow these!• Insta ► https://instagram.com/oompavilleig/• Twitter ► http://twitter.com/oompaville----------------------------------------------------------------------For any business inquiries reach out here brands@sour.gg#oompaville",4492364,False,4Wr4PGDhu63ZQ1X6Q8oxxT,en,They Keep Lying About The Files,2025-09-24,,,,,
"The Internet is DEAD…or at least, the internet we know today could be dead VERY soon...",1297536,False,2i9CXqf11YARA7HgyRNYgn,en,The Internet is DEAD…,2025-09-25,,,,,
"A walk of atonement is in order for the long list of people that Mark, Bob, and Wade have deemed the most shameful.   Learn more at uber.com/onourway  Get set up quick and connect to their fast speeds. Learn more about your ad choices. Visit podcastchoices.com/adchoices",3538032,True,3IdB3vq2WA76QObyqJrksy,en,"Shame, Shame, Shame",2025-09-26,,,,,
"Duck Team meets an unlikely ally and embarks on a strange mission! Callie gets swole, Sol gets sneaky, and Calder becomes a tiny king. Support us at Patreon.com/Naddpod to get access to the after-show and a bunch of other Naddpod content! Get tickets to our upcoming live shows at naddpod.com/live.Music / Sound Effects Include: “A Wizard’s Tournament” by Emily Axford.""Corrupted"" by Emily Axford.""A Humble Shopkeeper"" by Emily Axford.""The Smithy's Hut"" by Emily Axford.""Bear King's Court"" by Emily Axford.""The Mindflayer's Lair"" by Emily Axford.""Sea Beast"" by Emily Axford.""Two for Tea"" by Emily Axford.""Spooky Shafts"" by Emily Axford.""Unknown Tome"" by Emily Axford.""The Inkling Syndicate"" by Emily Axford.""The Gambling District"" by Emily Axford.See Privacy Policy at https://art19.com/privacy and California Privacy Notice at https://art19.com/privacy#do-not-sell-my-info.",6124460,True,69npsofFFjCtwe7CLhwilv,en,C3 Ep. 49: Toybox (The Undersea Interlude),2023-12-01,,,,,
"Gromdall summons the power of the sea to attack the party! Callie denies the enemy's advances, Calder starts hissing, and Sol stays slippery. Support us at Patreon.com/Naddpod to get access to the after-show and a bunch of other Naddpod content! Get tickets to our upcoming live shows at naddpod.com/live.Music / Sound Effects Include: “A Wizard’s Tournament” by Emily Axford.""Escape From Smuggler's Bounty"" by Emily Axford.""Corrupted"" by Emily Axford.""The Gambling District"" by Emily Axford.""Haunting Visages"" by Emily Axford.""Irina"" by Emily Axford.""Soul Coins"" by Emily Axford.""Unknown Tome"" by Emily Axford.""A Fate Refused"" by Emily Axford.""Sea Beast"" by Emily Axford.""A Memory"" by Emily Axford.""A Fairy Remembers"" by Emily Axford.See Privacy Policy at https://art19.com/privacy and California Privacy Notice at https://art19.com/privacy#do-not-sell-my-info.",5891004,True,77g6FOv3hLySsUkGS8UNuL,en,C3 Ep. 50: Beast Master (The Undersea Interlude),2023-12-15,,,,,
"Here begins Acq. Inc.: Akkadia! Our players meet one another for the first time, and head to the Acq. Inc. liaison. Who is this mysterious man? Check out our Patreon and our Instagram! Host and Dungeon Master: Peter Johnson Pip Hiltfray is portrayed by Carl Belue Lillith is portrayed by Chris Cash Hawthorne Flaxtop is portrayed by Nathan Wintermute Aizen Cruxis is portrayed by Jacob Frank",2534698,True,5ZysOS5mYZUbcq3vom75Qi,en,"Charisma Check: Episode 1, The Meeting",2019-08-28,,,,,
"Dungeon Docent Emily is joined by a family of Private Investigators - Frankie, Penny, and Mavid Vantasmo - as they look into the threatening letters of a dancer at the Jolly Jamboureen. Support us at Patreon.com/Naddpod to get access to the after-show and a bunch of other Naddpod content! Get tickets to our upcoming live shows at naddpod.com/live.Music / Sound Effects Include: ""Twilight Sanctorum"" by Emily Axford""Fia Boginya"" by Emily Axford""Frankie Vantasmo"" by Emily Axford""Bonkginya, Fia Bonkginya"" by Emily Axford""Speak with Animals"" by Emily Axford""Genevieve"" by Emily Axford""A Knock at the Door"" by Emily Axford""Cursed"" by Emily Axford""What Cha Call 'Em Blues"" by Small Jazz Band""Selfless"" by Emily Axford""Too Many Eyes"" by Emily Axford""The Purge"" by Emily Axford""Angels and Devils"" by Emily Axford""Demi-God"" by Emily Axford""In the Dark of Dusk"" by Emily Axford""When Eyes of Blue are Foolin' You"" by Howard Lanin""Bloody Mural"" by Emily Axford""The Pact"" by Emily Axford""Haunting Visages"" by Emily AxfordSee Privacy Policy at https://art19.com/privacy and California Privacy Notice at https://art19.com/privacy#do-not-sell-my-info.",5620323,True,6cvxbDuRACJjWUZ4tyNCLF,en,Twilight Sanctorum - Ep. 1: The Family Business,2023-12-19,,,,,
"What REALLY is Minecraft’s Suspicious Stew? In the game, it’s a mystery food that gives you one of several status conditions depending on the ingredients you put in. But…have you ever wondered what it would taste like in real life? Well in today’s episode, we’re going to find out with our special guests ‪SortedFood‬!",1828970,False,3lVxxcbk2uPvYq33LzAg2N,en,What is Minecraft's Suspicious Stew?,2025-10-02,,,,,
"Blau and Chatterbox talk about scripted and unscripted roleplay and their differences. We also dive into the Chattercups Purgatory appearance, grinding, whitelists, and much more!For more GTA 5 RP, NoPixel, roleplay, red dead role play, subscribe to the Roleplay Podcast!Blau's streaming setup and peripherals: https://amzn.to/463KcSaThe Roleplay Podcast is pod about all things role play, from GTA 5 RP (NP 3.0, NoPixel 4.0, D10) to Red Dead Redemption (Wild RP), to broader topics such as roleplaying games (Hogwarts Legacy, Minecraft, etc.) or ERP.#roleplaypodcast #blau #chatterbox",7590016,True,6WwlMZ92wZx3JzIzVzmgvd,en,Is NoPixel V the future of RP? | Roleplay Podcast,2025-10-01,,,,,
"Private detectives Frankie, Penny, and Mavid Vantasmo face off with repo ghouls! Frankie (Murph) defies the odds, Penny (Caldwell) confronts the past, and Mavid (Jake) pledges himself to a necklace. Support us at Patreon.com/Naddpod to get access to the after-show and a bunch of other Naddpod content! Get tickets to our upcoming live shows at naddpod.com/live.Music / Sound Effects Include: ""Genevieve"" by Emily Axford""Twilight Sanctorum"" by Emily Axford""Shock at the Dock"" by Emily Axford""Snake Fight"" by Emily Axford""A Fate Refused"" by Emily Axford""Sea Beast"" by Emily Axford""Unknown Tome"" by Emily Axford""Acid Rain"" by Emily Axford""The Red Fen"" by Emily Axford""Frankie Vantasmo"" by Emily Axford""Cursed"" by Emily Axford""The Shard"" by Emily Axford""Left is Left and Right is Center""""In the Dark of Dusk"" by Emily Axford""The Widow"" by Emily Axford""Hospitable"" by Emily Axford""A Knock at the Door"" by Emily Axford""Too Many Eyes"" by Emily Axford""A Miracle Child"" by Emily Axford""Fia"" by Emily Axford""Bloody Mural"" by Emily Axford""The Purge"" by Emily Axford""Demi-God"" by Emily Axford""Angels and Devils"" by Emily Axford""Ghost Dragon"" by Emily Axford""Eternal Return"" by Emily AxfordSee Privacy Policy at https://art19.com/privacy and California Privacy Notice at https://art19.com/privacy#do-not-sell-my-info.",7036708,True,3Ol0W89lN8h2AmYPLdVkXs,en,Twilight Sanctorum - Ep. 2: Ghoul-Marked,2023-12-21,,,,,
"Private Investigators Frankie, Penny, and Mavid Vantasmo probe deeper into the mysterious affairs of dancer Genevieve Sapphire. The boys explore Genevieve's relationship to Living in Harmony, meet a new threat in town, and continue to eat things they shouldn't.Music:""A Knock at the Door"" by Emily Axford""A Wizard's Tournament"" by Emily Axford""Twilight Sanctorum"" by Emily Axford""The Shard"" by Emily Axford""Speak with Animals"" by Emily Axford""The Gambling District"" by Emily Axford""Too Many Eyes"" by Emily Axford""In the Dark of Dusk"" by Emily Axford""Frankie Vantasmo"" by Emily Axford""All I Need is One Thread to Spin a Web"" by Emily Axford""Dopplegangers"" by Emily Axford""Bloody Mural"" by Emily Axford""Eyes of Akarot"" by Emily Axford""Bonkginya, Fia Bonkginya"" by Emily Axford""Buzzer's Cutters"" by Emily Axford""Genevieve"" by Emily Axford""Gunvar"" by Emily Axford""Left is Right and Right is Center"" by Emily AxfordSee Privacy Policy at https://art19.com/privacy and California Privacy Notice at https://art19.com/privacy#do-not-sell-my-info.",5763866,True,2ub8ibh0NNFpq8fufiDD4s,en,Twilight Sanctorum - Ep 3: Living in Harmony,2023-12-27,,,,,
"Private Investigators Frankie, Penny, and Mavid Vantasmo attend a masquerade! Frankie is haunted by a memory, Penny makes a connection with a puppet, and Mavid takes a bath. Support us at Patreon.com/Naddpod to get access to the after-show and a bunch of other Naddpod content! Get tickets to our upcoming live shows at naddpod.com/live.Music / Sound Effects Include: ""Club chatter, London"" by mlteenie at Freesound.org.""A Knock at the Door"" by Emily Axford""Twilight Sanctorum"" by Emily Axford""The Client"" by Emily Axford""Doppelganger"" by Emily Axford""The Shard"" by Emily Axford""The Smithy's Hut"" by Emily Axford""Friend for Life"" by Emily Axford""Dolores the Puppet"" by Emily Axford""Frankie Vantasmo"" by Emily Axford""Eternal Return: Frankie's Reprise"" by Emily Axford""The Scale - Piano Reprise"" by Emily Axford""The Gambling District"" by Emily Axford""Bonkginya, Fia Bonkginya"" by Emily Axford""Too Many Eyes"" by Emily Axford""Shostakovich Second Waltz on Guitar"" by hermanruzh on freesound.org""Left is Left and Right is Center"" by Emily Axford""Zirk Vervain"" by Emily Axford""In the Dark of Dusk"" by Emily Axford""Cured by the Light"" by Emily Axford""Angels and Devils"" by Emily Axford""Sea Beast"" by Emily Axford""Crash Landing"" by Emily Axford""Cruel Crescendo"" by Emily Axford""Demi-God"" by Emily Axford""Acid Rain"" by Emily Axford""The Scale"" by Emily Axford""The Prodigal Sister"" by Emily Axford""The Twinkling Lights of Galaderon"" by Emily Axford""The Forest"" by Emily Axford""The Pact"" by Emily Axford""Gunvar"" by Emily Axford""Haunting Visages"" by Emily Axford""Bittersweet Sixteen"" by Emily AxfordSee Privacy Policy at https://art19.com/privacy and California Privacy Notice at https://art19.com/privacy#do-not-sell-my-info.",8461975,True,7Km0dcIAPE2S4hmCPlnEl8,en,Twilight Sanctorum - Ep. 4: Masquerade,2023-12-30,,,,,
"Duck Team says goodbye to their allies in Tsunare and takes off to the Frigid North! Callie gets attached to a new friend, Calder shares his family history, and Sol experiences cold for the first time. Support us at Patreon.com/Naddpod to get access to the after-show and a bunch of other Naddpod content! Get tickets to our upcoming live shows at naddpod.com/live.Music / Sound Effects Include: “A Wizard’s Tournament” by Emily Axford.""Corrupted"" by Emily Axford.""The Gambling District"" by Emily Axford.""Puzzle Beats"" by Emily Axford.""Tsunare"" by Emily Axford.""The Sea Elves"" by Emily Axford.""Ursea"" by Emily Axford.""The Inkling Syndicate"" by Emily Axford.""The Wild Down Under"" by Emily Axford. ""A Hospitable Farewell"" by Emily Axford.""Bear Prince"" by Emily Axford. ""Crash Landing"" by Emily Axford. ""Bittersweet Sixteen"" by Emily Axford.""Winter's Mantle"" by Emily Axford. ""Moonshine's House"" by Emily Axford. See Privacy Policy at https://art19.com/privacy and California Privacy Notice at https://art19.com/privacy#do-not-sell-my-info.",6506240,True,1rogAPqML5fMZWv3AkSMaY,en,C3 Ep. 51: First Hearth (The Ice Knife Saga),2024-01-12,,,,,
"Duck Team is confronted by an avatar of Alexandrite! Calder meets some polar orcs, Sol becomes unpredictable, and Callie unlocks a new fear. Support us at Patreon.com/Naddpod to get access to the after-show and a bunch of other Naddpod content! Get tickets to our upcoming live shows at naddpod.com/live.Music / Sound Effects Include: “A Wizard’s Tournament” by Emily Axford.""Shock at the Dock"" by Emily Axford. ""Corrupted"" by Emily Axford.""Bloody Mural"" by Emily Axford. ""The Frozen Fist"" by Emily Axford. ""Mothership Lobby"" by Emily Axford. ""The Widow"" by Emily Axford. ""Calder Kilde"" by Emily Axford.""Left is Left and Right is Center"" by Emily Axford. ""A Memory"" by Emily Axford.""Tundra Trudge"" by Emily Axford. ""Crash Landing"" by Emily Axford.""Tarragon's Terrarium"" by Emily Axford. ""Into the Planar Pool"" by Emily Axford. See Privacy Policy at https://art19.com/privacy and California Privacy Notice at https://art19.com/privacy#do-not-sell-my-info.",5972715,True,77VAHg3MQrPoHQpj1hg4uB,en,C3 Ep. 52: Avatar of Alexandrite (The Ice Knife Saga),2024-01-26,,,,,
"Duck Team ventures into the tundra to find Calder's village! Callie recalls an ex-lover, Calder gets picked on, and Sol has a bad dream. Support us at Patreon.com/Naddpod to get access to the after-show and a bunch of other Naddpod content! Get tickets to our upcoming live shows at naddpod.com/live.Music / Sound Effects Include: “A Wizard’s Tournament” by Emily Axford.""The Prodigal Sister"" by Emily Axford.""The Purge"" by Emily Axford.""The Hexblood Centurion"" by Emily Axford.""The Bronze Bastard"" by Emily Axford.""The University"" by Emily Axford.""Bittersweet Sixteen"" by Emily Axford.""The Smithy's Hut"" by Emily Axford.""Moonshine's Stump"" by Emily Axford.""The Fairy"" by Emily Axford.""Corrupted"" by Emily Axford.""Calder Kilde"" by Emily Axford.""Left is Left and Right is Center"" by Emily Axford.""A Memory"" by Emily Axford.""Tundra Trudge"" by Emily Axford.""Tarragon's Terrarium"" by Emily Axford.""The Lonely Autumn"" by Emily Axford.""Angels & Devils"" by Emily Axford.""A Fate Refused"" by Emily Axford.See Privacy Policy at https://art19.com/privacy and California Privacy Notice at https://art19.com/privacy#do-not-sell-my-info.",5197008,True,38kHIZXHXiwL9F4okCsDi9,en,C3 Ep. 53: Warm Welcome (The Ice Knife Saga),2024-02-09,,,,,
"Duck Team investigates Alexandrite's infiltration of the Ice Knife! Callie gets news from the Feywild, Sol bonds with Kenna, and Calder stands up to his big brother. Support us at Patreon.com/Naddpod to get access to the after-show and a bunch of other Naddpod content! Get tickets to our upcoming live shows at naddpod.com/live.Music / Sound Effects Include: “A Wizard’s Tournament” by Emily Axford.""The Purge"" by Emily Axford.""Bittersweet Sixteen"" by Emily Axford.""The Smithy's Hut"" by Emily Axford.""Corrupted"" by Emily Axford.""Left is Left and Right is Center"" by Emily Axford.""A Memory"" by Emily Axford.""Tundra Trudge"" by Emily Axford.""Tarragon's Terrarium"" by Emily Axford.""The Lonely Autumn"" by Emily Axford.""Balnor the Brave"" by Emily Axford. ""Escape From Smuggler's Bounty"" by Emily Axford. ""Shock at the Dock"" by Emily Axford.""Mee Maw's Burden"" by Emily Axford. ""Irina"" by Emily Axford.""Oh, Melora!"" by Emily Axford. ""The Gunslinger's Girl"" by Emily Axford. See Privacy Policy at https://art19.com/privacy and California Privacy Notice at https://art19.com/privacy#do-not-sell-my-info.",6595526,True,79YHpMcXESg4uitofb7rFT,en,C3 Ep. 54: The Family Secret (The Ice Knife Saga),2024-02-23,,,,,
"Poki and Lily address the elephant in the room, recent france trip, the future of the podcast, and how crazy AI is getting.   Listen to Poki & Lily yap some more: https://patreon.com/sweetnsour  ✨follow us✨ Pokimane:  https://x.com/pokimanelol LilyPichu:  https://x.com/lilypichu  Socials and bonus content: Subreddit: https://www.reddit.com/r/sweetnsourpod/ TikTok: https://tiktok.com/@sweetnsour_pod Instagram: https://www.instagram.com/sweetnsourpodcast Twitter: https://x.com/sweetnsour_pod Learn more about your ad choices. Visit megaphone.fm/adchoices",4702635,False,3U96rEyR79FbzbrF0iIo7u,en-US,we're taking a break  | ep 57 | Sweet n' Sour,2025-10-18,,,,,
Streamers' Halloween Costumes Were Insane | Ayyrabs-----------------------------------------------------------------------------------------------------------Patreon: https://www.patreon.com/AyyrabsFrogan's Socials TWT: https://twitter.com/fr0gan IG: https://www.instagram.com/fr0gan/ YT: https://www.youtube.com/c/froganTIKTOK: https://www.tiktok.com/@fr0ganTWITCH: https://twitch.tv/froganRaff's Socials TWT: https://twitter.com/raffoulticketIG: https://instagram.com/raffoulticketYT: https://www.youtube.com/@UCvB0vdu_euyYjEAKoScKXiA TIKTOK: https://tiktok.com/@raffoulticketTWITCH: https://twitch.tv/raffoulticket#ayyrabs #podcast #streamer,4695980,True,1BN17ZPDspwdAjSrLgnhMv,en,Streamer Halloween Costumes Need to Be Stopped | Ayyrabs,2025-11-07,,,,,
"Siberia is a scary place... I FINALLY MADE A GAME! Download and play Legend Of Zalk at https://apps.apple.com/us/app/legend-of-zalk/id6745826740JOIN THE GUMP CLUB! at https://gump.club to access uncensored videos, exclusive content, access to a secret Discord server, and much much more!!BUY MY CANDY! Sour candy made in the US with new flavors coming out every month!🍬 *Candy* 👉 *http://link.sour.gg/sourboys*Produced By:Caleb PhelpsJon FriedmanWritten By:Caleb PhelpsSatchel Perry - https://youtube.com/@SkatchelThumbnail By:Trey - @TreyTrimble on InstaEdited By:Tara - dm me if you look like hugh dancy please on titwtiier pleese @buttritoh----------------------------------------------------------------------Subscribe to these!• Side YT Channel ► https://youtube.com/@oompayt• Sourboys Channel ► https://youtube.com/@sourboysgg• Too Late Show Live Channel ► https://youtube.com/@toolateshowliveFollow these!• Insta ► https://instagram.com/oompavilleig/• Twitter ► http://twitter.com/oompaville----------------------------------------------------------------------For any business inquiries reach out here brands@sour.gg#oompaville",2849622,False,5L45yZqjSdLpIQvo5u25S1,en,This Isn’t Dyatlov Pass… It’s Something Far Worse,2025-11-13,,,,,
"Check out Zocdoc and stop putting off those doctors appointments. Go to https://zocdoc.com/OOMPAVILLE to find and instantly book a top-rated doctor today.If you or someone you know needs help, contact RAINN at 1-800-656-HOPE or visit https://rainn.org/To support survivors and fight abuse, visit https://rainn.org/get-involvedI FINALLY MADE A GAME! Download and play Legend Of Zalk at https://apps.apple.com/us/app/legend-of-zalk/id6745826740JOIN THE GUMP CLUB! at https://gump.club to access uncensored videos, exclusive content, access to a secret Discord server, and much much more!!BUY MY CANDY! Sour candy made in the US with new flavors coming out every month!🍬 *Candy* 👉 *http://link.sour.gg/sourboys*Produced By:Caleb PhelpsJon FriedmanWritten By:Caleb PhelpsSatchel Perry - https://youtube.com/@SkatchelThumbnail By:Trey - @TreyTrimble on InstaEdited By:Tara - follow me on twitter please @buttritoh----------------------------------------------------------------------Subscribe to these!• Side YT Channel ► https://youtube.com/@oompayt• Sourboys Channel ► https://youtube.com/@sourboysgg• Too Late Show Live Channel ► https://youtube.com/@toolateshowliveFollow these!• Insta ► https://instagram.com/oompavilleig/• Twitter ► http://twitter.com/oompaville----------------------------------------------------------------------For any business inquiries reach out here brands@sour.gg#oompaville",3095034,False,4c7YGhhdZBDRDS6MhHc7nI,en,"The Files Are Out: 1,500 Times His Name Appears",2025-11-19,,,,,
"A simple chicken-tater-funding contract goes horribly wrong when our heroes paraglide straight into hell. Dodging revenge plots, subteranean fish stomachs, and a devil with very specific terms, they just might make it to the altar… if they survive.This is Fiasco! — our first video podcast and a GM-less free-for-all. Join us as we plan a wedding, face sworn enemies, and fully embrace chaos.Watch the video on YouTube or wherever you watch video podcasts. We are:Brennan Lee Mulligan as Barck Harmblinb (and also the Devil)Lou Wilson as Leaf Harmblinb (and also Dave)Erika Ishii as Frances McDormandAabria Iyengar as Purell Fitzgerald With sound design from Marty ScanlonEdited by Zach DelauneCo-produced by Laservision ProductionsFiasco is brought to you by Bully Pulpit Games. We are playing the Dragon Slayers playset written by Logan Bonner SPECIAL THANKS TO: Shannon, Melanie Bowman, and Amanda Freberg Transcript of this episode coming soon!",2461461,True,6U9d02rileBQDVDaNP5F5Z,en,Fiasco! (Part One),2025-11-11,,,,,
"Two Hot Takes host, Morgan, is joined by guest co-hosts Justin, Michaela, Lauren, and... DAD!! We are embracing the chaos of the holidays and diving into a few fiascos that need some opinions. From a woman whose husband wants his whole family to stay in their 1 bedroom apartment to someone whose boyfriend lied about something MAJOR. Going to need your takes on these!!   Partners: Disaronno: Disaronno.com to learn more!   NEW MERCH:  ⁠⁠⁠⁠⁠⁠⁠⁠⁠⁠⁠⁠⁠⁠⁠⁠⁠⁠⁠⁠⁠⁠⁠⁠⁠⁠⁠⁠⁠⁠⁠⁠https://shop.twohottakes.com⁠⁠⁠⁠⁠⁠⁠⁠⁠⁠⁠⁠⁠⁠⁠⁠⁠⁠⁠⁠⁠⁠⁠⁠⁠⁠⁠⁠⁠⁠⁠⁠   Bonus Content on Patreon including FREE stories: ⁠⁠⁠⁠⁠⁠⁠⁠⁠⁠⁠⁠⁠⁠⁠⁠⁠⁠⁠⁠⁠⁠⁠⁠⁠⁠⁠⁠⁠⁠⁠https://www.patreon.com/TwoHotTakes ⁠⁠⁠⁠⁠⁠⁠⁠⁠⁠⁠⁠⁠⁠⁠⁠⁠⁠⁠⁠⁠⁠⁠⁠⁠⁠⁠⁠⁠⁠⁠ MERCH HERE ! ⁠⁠⁠⁠⁠⁠⁠⁠⁠⁠⁠⁠⁠⁠⁠⁠⁠⁠⁠⁠⁠⁠⁠⁠⁠⁠⁠⁠⁠⁠⁠https://shop.twohottakes.com⁠⁠⁠⁠⁠⁠⁠⁠⁠⁠⁠⁠⁠⁠⁠⁠⁠⁠⁠⁠⁠⁠⁠⁠⁠⁠⁠⁠⁠⁠⁠  Send us a letter? Our PO Box!! Two Hot Takes. 5042 Wilshire BLVD. #470. Los Angeles, CA 90036  WRITE IN TO US!!! ⁠⁠⁠⁠⁠⁠⁠⁠⁠⁠⁠⁠⁠⁠⁠⁠⁠⁠⁠⁠⁠⁠⁠⁠⁠⁠⁠⁠⁠⁠⁠https://reddit.app.link/twohottakes ⁠⁠⁠⁠⁠⁠⁠⁠⁠⁠⁠⁠⁠⁠⁠⁠⁠⁠⁠⁠⁠⁠⁠⁠⁠⁠⁠⁠⁠⁠⁠ Full length Video episodes available on YouTube: ⁠⁠⁠⁠⁠⁠⁠⁠⁠⁠⁠⁠⁠⁠⁠⁠⁠⁠⁠⁠⁠⁠⁠⁠⁠⁠⁠⁠⁠⁠⁠https://www.youtube.com/c/TwoHotTakes⁠⁠⁠⁠⁠⁠⁠⁠⁠⁠⁠⁠⁠⁠⁠⁠⁠⁠⁠⁠⁠⁠⁠⁠⁠⁠⁠⁠⁠⁠⁠   Index: 00:00 -- Start  Learn more about your ad choices. Visit podcastchoices.com/adchoices",9519360,False,1icrPDUxzxIROGEEkBwWO0,en,248: Festive Fiascos.. ,2025-12-25,,,,,
"The cephalopod confab returns as the guys expound upon what childhood games they'd like to see in their own version of Squid Game.  Reserve your ticket now at ironlung.com. Only in theaters January 30, 2026.   Order now at ⁠pandaexpress.com⁠ or a store near you.  Learn more at uber.com/onourway Learn more about your ad choices. Visit podcastchoices.com/adchoices",2368404,True,38kHgQG2aydTf2uyFSeXhD,en,Squid Game (Even Too-er),2025-12-19,,,,,
"It’s not the most captivating livestream. Ash Trevino is on the phone with her boyfriend and we, the viewers, are forced to just listen to their seemingly mundane conversations. Out of nowhere, the 36 year old mom of two starts getting angry. She starts screaming - “He’s innocent. I don’t care what y’all say. He is innocent and y’all are going to see that. My comments are saying RIP to those who lost their lives...” Ash Trevino starts cackling. What is so funny? Is she laughing at the 2 teenage girls her new boyfriend killed? Or is she laughing at all the other victims her other boyfriends in prison have killed? Welcome to the world of Ash Trevino. Dubbed the “inmate hopper” and the “worst mom on TikTok.” The internet is collectively trying to get her accounts closed and are mass reporting her to Child Protective Services.   Full show notes at rottenmangopodcast.com Hosted by Simplecast, an AdsWizz company. See pcm.adswizz.com for information about our collection and use of personal data for advertising.",7902066,False,5tYwsuwKepcUN4BaxZIQMZ,en,Worst TikTok Mom Loves To Date Killers In Prison & Makes Daughters Call Them “Daddy”,2025-02-13,,,,,
"Todd Graves is one of my favorite living entrepreneurs. He's a great example of Charlie Munger's maxim: Find a simple idea and take it seriously. Todd wanted to create a quick service restaurant that only focused on quality chicken finger meals and nothing else. Everyone told him that couldn't possibly work. The college paper that described the idea that would turn into Raising Canes got the lowest grade in the class. Banks wouldn't loan him any money —but nothing could stop Todd from living out his ""chicken finger dream."" He worked 95 hour weeks as a boilermaker, risked his life on a commercial fishing boat off the coast of Alaska, and scrounged up startup money from his bookie and a guy named Wild Bill. Todd made every mistake in the book, over leveraged himself, almost lost everything and yet he refused to give up or sell out. Today he has over 800 locations, 50,000 employees, and owns 90% of a business that's worth at least $10 billion. Todd's maxim is ""Do one thing and do it better than anyone else."" Sources: Trading Secrets: Raising Cane’s founder Todd Graves reveals his path to building the wildly popular restaurantTheo Von: Raising Cane’s Founder Todd Graves----Ramp gives you everything you need to control spend, watch your costs, and optimize your financial operations —all on a single platform. Make history's greatest entrepreneurs proud by going to Ramp and learning how they can help your business control your costs and save more. ----Founders Notes gives you the ability to tap into the collective knowledge of history's greatest entrepreneurs on demand. Use it to supplement the decisions you make in your work.  Get access to Founders Notes here. ----Join my free email newsletter to get my top 10 highlights from every book ----Founders Notes gives you the ability to tap into the collective knowledge of history's greatest entrepreneurs on demand. Use it to supplement the decisions you make in your work.  Get access to Founders Notes here. ----“I have listened to every episode released and look forward to every episode that comes out. The only criticism I would have is that after each podcast I usually want to buy the book because I am interested so my poor wallet suffers. ” — GarethBe like Gareth. Buy a book: All the books featured on Founders Podcast",4087222,False,3yYOXaRLtp0WQ7Xo886z8u,en-US,#383 Todd Graves and his $10 Billion Chicken Finger Dream,2025-03-17,,,,,
"He was brilliant, brutal, and disturbingly self-aware. This deep dive explores the twisted mind of Ed Kemper — the Co-Ed Killer who murdered, confessed, and shocked the world.  Learn more about your ad choices. Visit podcastchoices.com/adchoices",2899946,True,6kr0tjGNunM5oOtONq7Jvb,en,Ep. 44 | The GRUESOME Serial Killer That Outsmarted Everyone | Ed Kemper,2025-04-16,,,,,
long live bryan mayhem  Learn more about your ad choices. Visit megaphone.fm/adchoices,4428458,False,2eDmZA0jn5ZV6QMyagFwe8,en,How Many Days Can I Double $1?,2025-05-03,,,,,
"Blockbuster drugs. Rising profits. Strong sales. And yet, Novo Nordisk, the Danish company behind the GLP-1 drugs Ozempic and Wegovy, made a surprising move last week: It pushed out its CEO. WSJ's Peter Loftus charts the rise of Ozempic and the fall of CEO Lars Jorgensen. Jessica Mendoza hosts.   Further Listening:  Trillion Dollar Shot  Why WeightWatchers Wants in on Drugs Like Ozempic    Sign up for WSJ’s free What’s News newsletter.   Learn more about your ad choices. Visit megaphone.fm/adchoices",1017417,False,5pZZUVZN5869wrOqCxRYri,en,Ozempic Is a Hit. So Why Is the Drugmaker’s CEO Out?,2025-05-21,,,,,
"Even the GOAT Tom Brady can’t throw a perfect spiral.▀▀▀You'll find our full back catalogue of hundreds of videos on ⁠⁠⁠⁠⁠⁠⁠⁠⁠⁠⁠⁠⁠⁠⁠⁠⁠⁠⁠⁠⁠⁠⁠⁠⁠YouTube⁠⁠⁠⁠⁠⁠⁠⁠⁠⁠⁠⁠⁠⁠⁠⁠⁠⁠⁠⁠⁠⁠⁠⁠⁠⁠ . For early access videos, bonus content, and to support the channel, join us on ⁠⁠⁠⁠⁠⁠⁠⁠⁠⁠⁠⁠⁠⁠⁠⁠⁠⁠⁠⁠⁠⁠⁠⁠⁠⁠Patreon. ⁠⁠⁠⁠▀▀▀0:00 How Tom Brady Throws a Football2:41 Why do you spin a football to throw it?5:16 How does rifling affect a projectile? 8:41 The Turnover Paradox10:50 How fast can Tom Brady throw?12:32 Analysing Brady’s Throw14:48 Gyroscopic Procession17:58 It’s impossible to throw straight20:41 Outdoor vs Dome Stadiums22:45 Why Tom Brady is the GOAT",1530709,False,7r7ifkzirciuihlqc8QAEh,en,What Everyone Gets Wrong About Football (ft. Tom Brady),2025-06-01,,,,,
"Watch Travis Scott's live performance film from Barcelona, featuring two unreleased tracks and other hits: “Kick Out,” “4X4,” “BUTTERFLY EFFECT,” “HIGHEST IN THE ROOM,” “FE!N,” “SICKO MODE,” “Antidote,” “goosebumps,” and “DUMB.”  (00:00) Intro (00:21) Kick Out   (02:08) 4X4   (03:34) BUTTERFLY EFFECT   (06:38) HIGHEST IN THE ROOM   (07:04) FE!N   (08:43) SICKO MODE   (11:13) Antidote   (11:44) goosebumps   (14:36) DUMB   Learn more about your ad choices. Visit podcastchoices.com/adchoices",1086791,True,22CWUH592tMew06G5RXKxd,en,Spotify Presents: Travis Scott Live from Barcelona,2025-06-05,,,,,
"A story of desperate men, bad decisions, terrible timing, and unexpected faces in the dark. Additional narration by Charlotte Kulak.  Music: “Om Bath” by Yotam Agam and “When the Tide Breaks Free” by James Forest. All rights reserved.  Patreon members listen ad-free: https://www.patreon.com/sorennarnia  Learn more about your ad choices. Visit megaphone.fm/adchoices",2757056,False,1T3UGiASW6wsa6Y0DxRpLT,en,snatchers,2025-06-09,,,,,
The storybook bromance between President Donald Trump and Elon Musk seems to have come to an end. WSJ’s Rebecca Ballhaus unpacks what happened and what the stakes are for the two powerful men. Jessica Mendoza hosts.   Further Listening: - Tesla Has a Problem: Elon Musk  - Elon Musk’s Secret Conversations With Vladimir Putin  - Inside USAID as Elon Musk and DOGE Ripped it Apart   Sign up for WSJ’s free What’s News newsletter .   Learn more about your ad choices. Visit megaphone.fm/adchoices,1064333,False,4re3bwi6H50OdS3jvWpzbN,en,Are Trump and Musk Done for Good?,2025-06-09,,,,,
"Dr. Marty Makary has criticized the Food and Drug Administration for being ""captured"" by Big Food and Big Pharma. Now, the surgeon and former professor is in charge. In an interview with host Jessica Mendoza, the new FDA head talks about food dyes, AI, vaccines and the big changes he has in store for an agency that regulates one-fifth of consumer spending.  Further Listening:      Why Coke Isn't Getting Rid of High-Fructose Corn Syrup     MAHA Influencers Go to Washington   Sign up for WSJ’s free What’s News newsletter.  Learn more about your ad choices. Visit megaphone.fm/adchoices",1132138,False,215AOWhNfXY6wfxXb2xNXL,en,The FDA Boss on the Agency’s MAHA Makeover,2025-08-05,,,,,
"Food and Drug Administration Commissioner Dr. Marty Makary discusses the recent decision to approve updated Covid-19 vaccines for a smaller population. In an interview with host Ryan Knutson, Makary also discusses his thoughts on restoring confidence in public health policy and explains the agency's new crackdown on pharmaceutical ads and an upcoming report that says that taking Tylenol during pregnancy could be linked to autism, among others.  Further Listening:  - The FDA Boss on the Agency’s MAHA Makeover - Breakfast Battle: The Cereal Industry vs MAHA  Sign up for WSJ’s free What’s News newsletter. Learn more about your ad choices. Visit megaphone.fm/adchoices",1350528,False,6MagZYmn2H7w2Y5dxOs3F2,en,The FDA Commissioner on Vaccines and Public Trust,2025-09-09,,,,,
Whats up guys!! We're back chillin for a hilarious solo ep!! Call a homie.. roll one.. It's Tuesday!! UNRESTRICTED : https://www.dopeasusualpodcast.com/unrestrictedDISCOUNT CODES : https://www.dopeasusualpodcast.com/sponsors,9137961,True,3lZEiQGhwPewYHgHtCqYcc,en-US,Devious Activities!,2025-09-22,,,,,
"En este episodio especial de Creativo, Roberto Mtz viaja a Seattle para explorar la ciudad desde sus raíces culturales hasta sus paisajes naturales. A lo largo del capítulo, comparte su experiencia en el icónico Pike Place Market, la visita al primer Starbucks, un recorrido en ferry hacia West Seattle, la historia de la Smith Tower y la exposición del artista Ai Weiwei. Además, documenta su paso por Mount Rainier, barrios como Ballard y University Village, y reflexiona sobre la música, la tecnología y la vida cotidiana en una de las ciudades más diversas de Estados Unidos.Suscríbete a Martes Creativo en el banner de: https://robertomtz.com/SPOTIFY: https://open.spotify.com/show/5Wik1DfA7kLiqRP9wNwFap?si=cfc6de7d36ec4cdbIG: http://instagram.com/robertomtztvTW: https://twitter.com/robertomtzTVFB: http://www.facebook.com/robertomtzTVConviértete en miembro de este canal para disfrutar de ventajas:https://www.youtube.com/channel/UCuyJTl3mDfdolxll5EIHejQ/joinCONTACTO/CONFERENCIAS: roberto@robertomtz.com",2310442,False,37KaWdo4lbBZUZQIHJWLNP,es-MX,"584. SEATTLE: EL SECRETO MEJOR GUARDADO DEL OESTE | Roadtrips, Arte, Comida y Aventuras",2025-09-29,,,,,
"In this special Spotify Anniversary film, global icon Shakira revisits the groundbreaking albums Pies Descalzos and Oral Fixation (Fijación Oral), reimagining her most beloved hits through powerful performances and personal storytelling. Joined by special guests, Ed Sheeran, fellow hometown artist Beéle, a 14-piece string ensemble, and accompanied by her band as well as Luis Fernando Ochoa, longtime collaborator and co-producer of Pies Descalzos, she brings new life to the classics that defined her career and inspired generations.  (00:00) Intro (00:21) Pies Descalzos (03:25) Interlude 1 (03:32) Antologia (07:21) Interlude 2/Interview (08:08) La Pared (11:06) Interlude 3 (11:12) Dia De Enero (14:05) Interlude 4/Chat with Ed (16:02) Hips Don't Lie (19:39) End Credits Learn more about your ad choices. Visit podcastchoices.com/adchoices",1237461,False,3BBFQdEM9sr8syTAbRxDvc,en,Shakira - Spotify Anniversary | Oral Fixation (20th) and Pies Descalzos (30th) LIVE,2025-10-22,,,,,
"Two Hot Takes host, Morgan, is joined by guest co-host Lauren! After our Bruh theme it was clear the people are ill... or are they? Are we ill and off base or is something really amiss here? Going to need your help to decide on these ones. From an OP whose girlfriend has some bad shower habits to a OP whose husband mocks her for trying on too many pants .. buckle up because things get a little feisty this episode.   Partners: Olly: https://www.olly.com Promo code: THT30 for 30% off!  Statefarm: https://www.statefarm.com or use the award winning app to get help from one of their local agents.  NEW MERCH:  ⁠⁠⁠⁠⁠⁠⁠⁠⁠⁠⁠⁠⁠⁠⁠⁠⁠⁠⁠⁠⁠⁠⁠⁠⁠⁠⁠⁠https://shop.twohottakes.com⁠⁠⁠⁠⁠⁠⁠⁠⁠⁠⁠⁠⁠⁠⁠⁠⁠⁠⁠⁠⁠⁠⁠⁠⁠⁠⁠⁠   Bonus Content on Patreon including FREE stories: ⁠⁠⁠⁠⁠⁠⁠⁠⁠⁠⁠⁠⁠⁠⁠⁠⁠⁠⁠⁠⁠⁠⁠⁠⁠⁠⁠https://www.patreon.com/TwoHotTakes ⁠⁠⁠⁠⁠⁠⁠⁠⁠⁠⁠⁠⁠⁠⁠⁠⁠⁠⁠⁠⁠⁠⁠⁠⁠⁠⁠ MERCH HERE ! ⁠⁠⁠⁠⁠⁠⁠⁠⁠⁠⁠⁠⁠⁠⁠⁠⁠⁠⁠⁠⁠⁠⁠⁠⁠⁠⁠https://shop.twohottakes.com⁠⁠⁠⁠⁠⁠⁠⁠⁠⁠⁠⁠⁠⁠⁠⁠⁠⁠⁠⁠⁠⁠⁠⁠⁠⁠⁠  Send us a letter? Our PO Box!! Two Hot Takes. 5042 Wilshire BLVD. #470. Los Angeles, CA 90036  WRITE IN TO US!!! ⁠⁠⁠⁠⁠⁠⁠⁠⁠⁠⁠⁠⁠⁠⁠⁠⁠⁠⁠⁠⁠⁠⁠⁠⁠⁠⁠https://reddit.app.link/twohottakes ⁠⁠⁠⁠⁠⁠⁠⁠⁠⁠⁠⁠⁠⁠⁠⁠⁠⁠⁠⁠⁠⁠⁠⁠⁠⁠⁠ Full length Video episodes available on YouTube: ⁠⁠⁠⁠⁠⁠⁠⁠⁠⁠⁠⁠⁠⁠⁠⁠⁠⁠⁠⁠⁠⁠⁠⁠⁠⁠⁠https://www.youtube.com/c/TwoHotTakes⁠⁠⁠⁠⁠⁠⁠⁠⁠⁠⁠⁠⁠⁠⁠⁠⁠⁠⁠⁠⁠⁠⁠⁠⁠⁠⁠   Index: 00:00 -- Start  Learn more about your ad choices. Visit podcastchoices.com/adchoices",7064192,False,6dUw2je7NVXWwWqhwImUdF,en,243: The People Are Ill..?,2025-11-20,,,,,
"Theo Von is a comic and host of the podcast ""This Past Weekend with Theo Von.""www.theovon.comhttps://www.youtube.com/theovon  Perplexity: Download the app or ask Perplexity anything at https://pplx.ai/rogan.  Visible. Live in the know. Join today at https://www.visible.com  Visit https://blinds.com. 40% off your purchase with code ROGAN40 Learn more about your ad choices. Visit podcastchoices.com/adchoices",10491540,True,0oERIV1pscwyPzkDgzGaNa,en,#2413 - Theo Von,2025-11-18,,,,,
"Our ""Lyrical Masters"" mixtape series continues with a line by line dissection of ""Introvert"" by Little Simz from her 2021 album Sometimes I Might Be Introvert.﻿Follow @dissectpodcast on Instagram, TikTok, and Twitter.Host/Writer/EP: Cole CuchnaProducer: Justin SaylesAudio Editing: Kevin PoolerTheme Music: Birocratic Learn more about your ad choices. Visit podcastchoices.com/adchoices",2346631,False,0REXKJ2q5HpGMkH1VoiDCV,en,"MX1E5 - ""Introvert"" by Little Simz",2023-05-02,,,,,
"Our ""Lyrical Masters"" mixtape series concludes with a line-by-line dissection of ""Walkin"" by Denzel Curry from Melt My Eyez, See Your Future.Follow @dissectpodcast on Instagram, TikTok, and Twitter.Host/Writer/EP: Cole CuchnaAudio Editing: Kevin PoolerTheme Music: Birocratic Learn more about your ad choices. Visit podcastchoices.com/adchoices",3015575,False,0FFo4Z2zk87AWGBnwAIKar,en,"MX1E9 - ""Walkin"" by Denzel Curry",2023-05-30,,,,,
"The Ringer's Sean Fennessey and Chris Ryan join Cole to draft their favorite Radiohead songs. Each of them must choose one song from every studio album, plus one wild card pick from the band's b-sides for a total of 10 songs each.Shop Dissect Season 11 Merch.Follow @dissectpodcast on Instagram, TikTok, and Twitter.Host/EP: Cole CuchnaAudio Editing: Kevin PoolerTheme Music: Birocratic Learn more about your ad choices. Visit podcastchoices.com/adchoices",4807262,False,6tAat3qxkYrYcpvLpW8m9A,en,Radiohead Song Draft,2023-12-14,,,,,
"As anti-ICE protests in Los Angeles grow and, in some instances, turn violent, President Donald Trump has deployed the California National Guard — the first time in 60 years a president has activated a state’s National Guard domestically without the consent of that state’s governor. California Gov. Gavin Newsom says Trump is irresponsibly ratcheting up the pressure in a volatile situation, while top White House aides liken the demonstrations to an “insurrection” and Defense Secretary Pete Hegseth threatens to send in the Marines. Where do things head from here? Playbook chief correspondent Dasha Burns joins author Jack Blanchard to talk through the latest. Plus, the reconciliation bill rolls ahead in Washington and the brittle peace between Trump and Elon Musk is holding — for now.",974341,False,0D7nyQVJKn4Axe3scKpCHh,en,"June 9, 2025: Fire and ICE",2025-06-09,,,,,
"We’re talking about our first diet MLM and IT’S A REAL DOOZY!Support us:Hear bonus episodes on PatreonWatch Aubrey's documentaryBuy Aubrey's bookListen to Mike's other podcastGet Maintenance Phase T-shirts, stickers and moreLinks!Herbalife: Weighty Profits and Government Probes Herbalife Exec's Death Prompts Bizarre FalloutAutopsy on Herbalife founder finds death caused by accidental overdose The Uncertain Start of a Remarkable LifeNobel Prize Winner Didn't Disclose Herbalife Contract Latinos crucial to Herbalife's financial healthLatino Group Demands Herbalife ProbeThe Big Short War The Siege of HerbalifeAfter Big Bet, Hedge Fund Pulls the Levers of PowerHerbalife Will Restructure and Pay $200 Million to Settle FTC Charges An inside look at the $200 million FTC settlement U.S. says Herbalife to pay $123.1 million to resolve China bribery case Herbalife announces new CEO to lead the L.A. nutrition companyClips!Mark Hughes' origin storySenate committee hearing Celebrity endorsementFormer Herbalife Distributors Speak OutThanks to Doctor Dreamchip for our lovely theme song!Support the show",3416659,False,6YopCJZJdxsxNoHyuZMowz,en,Herbalife,2025-07-10,,,,,
"“Am I in trouble?” “Am I secretly bad?” These are questions Meg Josephson, a therapist and author, grew up asking herself. She was constantly trying to anticipate other people’s needs, worried that she was letting other people down. And it wasn’t until she found herself standing in the aisle of a Bed Bath & Beyond, trying to remember her favorite color, that she realized her desire to please everyone was eroding her sense of self.On this episode of Modern Love, Josephson talks about how that realization led her to confront her tumultuous childhood, and what it took to stop “people pleasing.” She reads the Modern Love essay “My Three Years as a Beloved Daughter” by Erin Brown, about a woman who found a type of love in her best friend’s parents that she had never experienced before, and what that taught her about her own parents.Josephson’s book, “Are You Mad At Me?,” is available Aug. 5, 2025.Read more about Meg Josephson, and how to break the habit of people pleasing, in this article by Jancee Dunn.Here’s how to submit a Modern Love essay to The New York Times.Here’s how to submit a Tiny Love Story. Subscribe today at nytimes.com/podcasts or on Apple Podcasts and Spotify. You can also subscribe via your favorite podcast app here https://www.nytimes.com/activate-access/audio?source=podcatcher. For more podcasts and narrated articles, download The New York Times app at nytimes.com/app.",2637035,False,6LSvh5XVzbJumMI5G4LslX,en,How to Stop Asking 'Are You Mad at Me?',2025-07-30,,,,,
"Diallo and LUXXURY go from the window to the wall with the King of Crunk himself, Lil Jon, to unpack his 2000s club classic, “Get Low.” The superproducer shares how punk shaped his sound, why his DJ instincts are his secret sauce in the studio, and for the first time ever, reveals an early version of “Get Low”… featuring a vocoder?! Join the guys for a deep dive into the sound that redefined Southern hip-hop and lit up dance floors around the world.  Cancel your unwanted subscriptions and reach your financial goals faster with Rocket Money.  Go to RocketMoney.com/onesong today.   Songs Discussed:  “Get Low” - Lil Jon & the Eastside Boyz “Goodies” - Ciara ft. Petey Pablo “Turn Down For What” - DJ Snake & Lil Jon “Yeah!” - Usher ft. Lil Jon & Ludacris “Shots” - LMFAO ft. Lil Jon “Tell Me When To Go” - E-40 ft. Keak da Sneak “Freek-A-Leek” - Petey Pablo “Who U Wit” - Lil Jon & the Eastside Boyz ft. Playa Poncho “Ice Cream Paint Job” - Dorrough “Tour (Dynamik Duo Remix)” - Capleton “Whatz Up, Whatz Up” - Playa Poncho feat. L.A. Sno “When Will I See You Smile Again?” - Ricky Bell “My Boo” - Ghost Town DJ’s “Freak It” - Lathun “On Broadway” - George Benson “Re-Ignition” - Bad Brains “Blitzkrieg Bop” - The Ramones “Institutionalized” - Suicidal Tendencies “Rock Lobster” - the B-52’s “Party Up (Up In Here)” - DMX “Planet Rock” - Afrika Bambaataa & the Soulsonic Force “Southernplayalisticadillacmuzik” - Outkast “Moments In Love” - Art of Noise Learn more about your ad choices. Visit megaphone.fm/adchoices",4314111,False,4XVsrQJGIwQXkg6nmzHcON,en,"Lil Jon's ""Get Low"" with Lil Jon",2025-07-30,,,,,
"In this very first episode we delve into the details of a crime that took place at a lesbian wedding in 2018. Join the brides, Helen and Karen, and ‘Detective’ Lauren Kilby as the trio explore possible motives and show you what tricks they have up their sleeves to crack this case.  Hosted on Acast. See acast.com/privacy for more information.",916976,True,0MVMXSmoCN0VgOJQjFoTE7,en,S1 E1 Who shat on the floor at my wedding? 'A crime was committed',2020-11-30,,,,,
"[video available on spotify] there’s nothing i love more than going into my closet and putting together an outfit that i’ve never worn before. but when i don’t have a lot of time, i rely on outfit formulas. today i’m going to share my go-to outfit formulas. Find trending summer looks at Walmart.  Members save up to 20% on hotels at hotels.com  Learn more about your ad choices. Visit podcastchoices.com/adchoices",2763262,False,42xyUbMNGdcTkGaSp5HdjR,en,my go-to outfit formulas,2025-08-10,,,,,
"Malevolent follows Arkham Investigator Arthur Lester as he unravels the mysterious circumstances that have befallen him. This first part, comprised of 5 chapters, showcases the beginning of Arthur's journey and a glimpse at what lies ahead. Malevolent heavily features the horrors of Lovecraft's Mythos.  If you enjoyed this story, become a Patreon supporter to receive all Chapters as they are completed as well as the choices that you, the listener, get to make.  Find out more here: https://www.patreon.com/TheINVICTUSStream Hosted on Acast. See acast.com/privacy for more information.",2882089,False,6p6Q05K4aRFCGbt4uXBc1n,en,"Part 1 ""The Dark World""",2020-07-27,,,,,
"Today I'm joined by Vanessa Hill, a behavioral scientist, educator, and creator behind the popular YouTube channel Brain Craft. With a background in sleep research and science communication, Vanessa has helped millions better understand the psychology behind rest habits and decision making.Today she's sharing her three rules for better sleep, and I can say firsthand that these rules have really helped me improve my own sleep since doing the interview. Chapters00:00 Intro00:54 Rule 1: Don't obsess over how long you sleep04:50 Rule 2: Technology can be (kind of) helpful10:38 Rule 3: Give yourself a breakSupport my podcast: https://patreon.com/mattdavellaGet three emails in your inbox: https://www.mattdavella.com/threerules",1006100,False,1MbG0tcFp99BoPY2dlYrHF,en,Vanessa Hill shares 3 rules for better sleep,2025-05-12,,,,,
"""I think it's so sad how nobody has personal style anymore ... except for me!"" For more content subscribe to Voicenotes on Substack - https://voicenoteswithjordantheresa.substack.com Learn more about your ad choices. Visit megaphone.fm/adchoices",3557013,False,6YOvBBdxkoR8O2JM7vlo7k,en,How personal style discourse ate itself ,2025-08-11,,,,,
"Despite being decades into a career that can only be described as iconic, Harrison Ford is still experiencing firsts – like his first Emmy nomination for his role in Apple TV+’s ""Shrinking."" He spoke with Rachel about staying busy at 83, why he doesn't fear death, and why Jay Leno called him mid-interview to talk about a toilet seat.To listen sponsor-free and support the show, sign up for Wild Card+ at plus.npr.org/wildcard Learn more about sponsor message choices: podcastchoices.com/adchoicesNPR Privacy Policy",2185493,True,7zH7dTnqsaCfOqM1uAqpsy,en,Harrison Ford knows how weird his life is,2025-08-21,,,,,
"We are witnessing the death of the male popstar...We went from YEARS of The Beatles, Michael Jackson, Usher, NSYNC, Backstreet Boys, Justin Timberlake, Justin Bieber, One Direction, Harry Styles... and then just none.After the rise of Harry Styles, we have yet to see a single male rise to the upper echolon of pop music in nearly a DECADEHowever, in 2025 it FINALLY feels like we have some contenders. Sombr, Role Model, Conan Gray, and Troye Sivan have all started to have some of their biggest songs to date.So what changed? And what does a male artist need to break through in 2025?FOLLOW SAM  ⁨@Popsamcam⁩ 0:00 -Intro5:00 - What is a Male ""Popstar""?11:39 - What makes a successful Male Artist?18:07 - The 3 things that Make or Break a New Artist20:57 - What are the Pop Boys missing?27:55 - Sombr29:58 - How can Pop Boys evolve?31:54 - The Men closest to getting it36:26 - Omar Apollo38:13 - Conan Gray40:57 - The Pop Boys Not Doing it For Me#musicindustry #sombr #rolemodel #harrystyles #musicmarketing ",2846825,False,1OhTUBXOhF4EhmJ1lDicOR,en,The Death of the Male Popstar (ft PopSamCam),2025-08-11,,,,,
"How one comedian's offhand advice launched a decent TV episode, a mediocre book and a terrible movie.Where to find us: Our PatreonOur merch!Peter's newsletterPeter's other podcast, 5-4Mike's other podcast, Maintenance PhaseSources:Susan Faludi's ""Backlash""For Women Who Count on Men to Be JerksBridget Jones’s LegacySingle Women in Popular CultureA Decade of Advice for Women and Men in the Best-Selling Self-Help LiteratureThe gendered nature of self-helpSingle Women in Popular Culture Thanks to Mindseye for our theme song!",3609652,False,4FVBdAm1j761aJ8dxHNWeh,en,He's Just Not That Into You,2025-07-31,,,,,
"What do John Hinckley Jr. and a jazz age tuberculosis patient have in common? Legal correspondent ​​Mackenzie Joy Brennan takes Sarah through some of the strange cases that helped make—and break—the insanity defense in America. Our story includes a woman who carried her (alleged) victims’ bodies around in a suitcase, and the attempted assassination of Ronald Reagan—carried out with the intention of impressing a young Jodie Foster.More Mackenzie Joy Brennan:http://www.mkzjoybrennan.comMore You're Wrong About:Bonus Episodes on PatreonBuy cute merchYWA on InstagramSarah's other show, You Are GoodSupport the show",4840098,False,0pUwQAz2sQGHOjIok7UawH,en,The Insanity Defense with Mackenzie Joy Brennan,2025-08-19,,,,,
"Why are you, as a man, afraid of sunflowers.Support us:Hear bonus episodes on PatreonWatch Aubrey's documentaryBuy Aubrey's bookListen to Mike's other podcastGet Maintenance Phase T-shirts, stickers and moreLinks!The O6-O3 ratio: A critical appraisalSeed Oils: Are They Actually Toxic?No need to avoid healthy omega-6 fatsOmega-6 Fatty Acids and Risk for Cardiovascular DiseaseDo Seed Oils Make You Sick?Seed oils: Are they healthy or harmful?ToxGuide: HexaneDietary linoleic acid intake and blood inflammatory markersEffect of dietary alpha-linolenic acid on blood inflammatory markersChanges in consumption of omega-3 and omega-6 fatty acidsThe Skinny on FatsDietary oleic acid drives obesogenic adipogenesisHow Seed Oils May Be Affecting Your Body Fat and HealthStanford nutrition expert breaks down effects of seed oilsThe Newest Bitcoin Diet Trend Is Hating ‘Seed Oils’Omega-6 Fatty Acids and Coronary Artery DiseaseThe Great Con-olaThanks to Doctor Dreamchip for our lovely theme song!Support the show",4724454,False,4lg9X9F9Y9zvyZe1zeji1s,en,Seed Oils,2025-08-26,,,,,
"Having a friend’s location is a luxury that should not be taken for granted.   Subscribe to our ⁠YouTube channel⁠ to watch full video episodes.   Petty Criminals! Do you have a crime that should be heard in the Petty Crimes Court? Submit it to our team by emailing us at ⁠pettycrimespodcast@gmail.com⁠!   And keep up with us on ⁠Instagram⁠ and ⁠TikTok⁠ for crime evidence, events, BTS and other general petty bullsh*t…See Privacy Policy at https://art19.com/privacy and California Privacy Notice at https://art19.com/privacy#do-not-sell-my-info.",2709681,False,06uc11Uyk5SUIZghlZjY1w,en,Find My Friendship,2025-09-02,,,,,
"Diagnosed with anxiety at 14, fainting spells in high school, and rotisserie chickens at sleepovers (it’ll make sense). In today’s GRWM I'm opening up about what anxiety looks like for me. Medication, therapy, and the support system that got me through it. Plus, I answer some WWADs and share 3 things that actually help me to quiet the voice in your head. Love you!! If you want to learn even more about my anxiety journey, check out one my earliest Hot Mess episodes: https://www.youtube.com/watch?v=oCIVRPZ7kZ0   Learn more about your ad choices. Visit megaphone.fm/adchoices",1245888,False,02A7YdFwQBpeUrrIuI9cJO,en,Living with Anxiety (My Story + Tips),2025-08-27,,,,,
"Today, we’re bringing you an episode of Try Hard,a new podcast hosted and produced by one of our very own dowager queens of gossip, Alex Sujong Laughlin.This episode is the second episode of the season, and it features a familiar face, Erika Casupanan, the winner of the 41st season of Survivor, and a guest from the fifth season of Normal Gossip. Erika spent her life being the person she thought she ""should"" be. It turns out that doing her own thing doesn't rock the world the way she thinks it will. It's actually pretty cool.Check out Erika's podcast, Happy to See Me.Episode transcript here.Send me voice memos about the things YOU'RE trying at podcasts@defector.com, or you can message me or tag me on Instagram @alexlaughs.Try Hard is hosted and produced by Alex Sujong Laughlin. Editorial and production support from Audrey Mardavich, Tom Ley, and Jae Towle Vieira. Justin Ellis is Defector's projects editor. Mixing by Samantha Gattsek. Our show art is by Lille Allen and our theme song is ""Photo Booth"" by Avery Friedman.Try Hard is a proud member of Radiotopia.  Learn about your ad choices: dovetail.prx.org/ad-choices",2369033,False,3Kn2tIEong4ykZuhqFkylk,en,Bonus Episode: Try Hard with Erika Casupanan,2025-09-17,,,,,
"Two Hot Takes host, Morgan, is joined by guest co-host Angela Giarratana!! These stories had me freaking out, so beyond thankful we had Angela here to share in my level of shock and horror! From an OP that's in love(?) with her father in law to a OP who's best friends confessed feelings the night before his wedding.. curious to see if you freak out as much as we did!   Angela's Socials and Podcast:  https://www.instagram.com/angelagiovanagiarratana/?hl=en https://www.youtube.com/channel/UCry_pllgLAt-Rev5XJUBBlw https://www.instagram.com/aoaoaoapod/ https://www.tiktok.com/@angelagiarratanameatball?lang=en  NEW MERCH:  ⁠⁠⁠⁠⁠⁠⁠⁠⁠⁠⁠⁠⁠⁠https://shop.twohottakes.com⁠⁠⁠⁠⁠⁠⁠⁠⁠⁠⁠⁠⁠⁠   Partners: State Farm: http:// Statefarm.com or use the award winning app to get help from a local agent!  Skims: http://Skims.com/tht  Bonus Content on Patreon including FREE stories/eps : ⁠⁠⁠⁠⁠⁠⁠⁠⁠⁠⁠⁠⁠https://www.patreon.com/TwoHotTakes ⁠⁠⁠⁠⁠⁠⁠⁠⁠⁠⁠⁠⁠ MERCH HERE ! ⁠⁠⁠⁠⁠⁠⁠⁠⁠⁠⁠⁠⁠https://shop.twohottakes.com⁠⁠⁠⁠⁠⁠⁠⁠⁠⁠⁠⁠⁠  Send us a letter? Our PO Box!! Two Hot Takes. 5042 Wilshire BLVD. #470. Los Angeles, CA 90036  WRITE IN TO US!!! ⁠⁠⁠⁠⁠⁠⁠⁠⁠⁠⁠⁠⁠https://reddit.app.link/twohottakes ⁠⁠⁠⁠⁠⁠⁠⁠⁠⁠⁠⁠⁠ Full length Video episodes available on YouTube: ⁠⁠⁠⁠⁠⁠⁠⁠⁠⁠⁠⁠⁠https://www.youtube.com/c/TwoHotTakes⁠⁠⁠⁠⁠⁠⁠⁠⁠⁠⁠⁠⁠   Index: 00:00 -- Start  4:56 — Story 1  13:22 — Story 2  36:25 — Story 3  43:22 — Story 4  56:45 — Story 5  1:20:39 — Story 6  1:33:23 — Story 7  Learn more about your ad choices. Visit podcastchoices.com/adchoices",6394987,False,4pS1TIr8mukHL6Zzmo9Tcd,en,229: Freaking Out.. Ft. Angela Giarratana,2025-08-14,,,,,
"One blogger bravely pushes back against Starbucks, Subway and basic scientific facts.Support us:Hear bonus episodes on PatreonWatch Aubrey's documentaryBuy Aubrey's bookListen to Mike's other podcastGet Maintenance Phase T-shirts, stickers and moreLinks!Taking On the Food Industry, One Blog Post at a TimeHow the ‘Food Babe’ Went From Obama Ally to Trump CrusaderActivist or Capitalist? How the 'Food Babe' Makes MoneyLatest Food Scare: What Is The 'Yoga Mat' Chemical - And Why Is It In Your Food? Almost 500 Foods Contain The 'Yoga Mat' Compound. Should We Care? Are You Eating This Ingredient Banned All Over the World?The ""Food Babe"" Blogger is Full of Shit Are Microwaves Safe? Global Food Security Index 2022 Differences between EU and US nutrition labels go far beyond ounces and gramsIs Food Really Better in Europe?Vani Hari: How She Grew Her Food Blog Into An EmpireFood blogger asks Kraft to stop using dye in mac and cheeseMeet the food blogger influencing RFK Jr.Food Babe blogger Vani Hari taking heat over health science Thanks to Doctor Dreamchip for our lovely theme song!Support the show",3178266,False,3Cj1BCVYyrzjS4oArO5tNK,en,The Food Babe,2025-09-25,,,,,
"I think you got to take the L on that one…  Tell Me What's Wrong at ⁠ passthatpuss.com  Follow Megan & Stream Her “Am I Okay?” Live Album Out Now! https://www.meganmoroney.com/am-i-ok/  Follow Me! Instagram | @passthatpuss TikTok | @octopusslover8  Listen to ""THERAPUSS"" Spotify: ⁠⁠⁠⁠https://open.spotify.com/show/1BHDdC0OVuHqZ706FobfOF ⁠⁠Apple Podcasts: ⁠⁠⁠⁠https://podcasts.apple.com/us/podcast/therapuss-with-jake-shane/id1723626781⁠⁠ Amazon Podcasts: ⁠⁠⁠⁠https://music.amazon.com/podcasts/93117357-1f23-46e1-8f26-88f5182a68b8/therapuss-with-jake-shane⁠⁠ YouTube: ⁠https://www.youtube.com/@octopusslover8 Learn more about your ad choices. Visit megaphone.fm/adchoices",4845589,True,6fri6izw5SyNXyiCxtlVvs,en,Session 99: Megan Moroney,2025-10-10,,,,,
"Dr. Naomi opens the podcast with an admission that she got a little sucked into social media recently after her daughter’s school had a student-led event that sparked some debate in the local community. Feeling abandoned, a new mom needs help crafting a text to an old bestie because she isn’t making the same effort as her other pals. Seeking a Betchicist, a future bride is left distressed after trying to plan her bachelorette via text and Jordana brings her group planning skills to the table. A social media addicted listener is in need of an Intention because she knows her desire for Instagram likes is bordering on unhealthy. One listener is left triggered after an employee she recently hired suddenly quit on her while another Betch feels the same way about her brother taking all the family names for his kids.   www.youtube.com/@OversharingPod Learn more about your ad choices. Visit megaphone.fm/adchoices",4525056,True,7lHrhE4NQHhVwYuSHnEEnk,en,Why Am I So Obsessed With Social Media Validation?,2025-10-07,,,,,
"We’re popping our podcast cherries! It’s our first episode, and Sophia and Kelsey are joined by Paige Gallagher to read anonymous stories from Isabella*. We’re talking about men who wash their face with Dawn dish soap, pegging the Marines, a few unconventional marriage arrangements, and dating someone who looks exactly like you. (*Not her real name. Definitely her real stories.) Today's show includes ... 00:23: Welcome to None of My Business! 10:29: Our guest: Paige Gallagher 11:59: Our story: “Isabella” 15:00: First things first: “I’ve actually never had an orgasm” 24:14: Peg the Marines 34:53: Worst first date: “Why aren’t you kissing me?” 38:52: The one who got away: The two-year situationship 47:04: Cheat sheet: The cousin story 54:32: Best I ever had: “I don't consider myself a size queen, but …”  If you have business you’d like to submit, reach out to us at noneofmybusinesspodcast@gmail.com.  None of My Business Instagram: instagram.com/noneofmybusiness.pod None of My Business TikTok: tiktok.com/@noneofmybusiness.pod Paige Instagram: instagram.com/paigeagallagher Paige TikTok: tiktok.com/@pgally  Hosts: Sophia Benoit and Kelsey June Jensen Guest: Paige Gallagher Supervising Producer: Justin Sayles Additional Production: Sasha Ashall, Julianna Ress, and Austin Gayle Video Editing and Production: Kayla Talley Social: Sasha Ashall and Austin Gayle Art Direction: David Shoemaker and Aleya Zenieris Motion Design: Skull Closet Studio Additional Motion Design Support: Chris Calleton Learn more about your ad choices. Visit podcastchoices.com/adchoices",4215786,False,6D62Le6D5nSVs2r7gtBspr,en,"“Former Gifted Kids"" With Paige Gallagher",2025-10-13,,,,,
"This week, we are joined by journalist Abby Martin to discuss how Israel's crimes long predate Netanyahu, the way the media hides Israeli society's view of Palestinians, and why Americans should should be paying attention to what happens abroad.For more content, subscribe to our Youtube and Patreon!Watch “Views from AmandaLand” Wed 10a EST at Youtube.com/AmandaSealesTV!Listen to the podcast streaming on all podcast platforms.Keep up with my releases and appearances!Subscribe to my newsletter for free at AmandaSeales.comThis is a Smart Funny & Black Production",2905440,False,1d2fFC40ZvwahS2X1jgijX,en,Side Effects of Israel (with Abby Martin),2025-10-15,,,,,
"a podcast about girls, tv, and girls on tv with amelia ritthaler and evan lazarus! new episodes every tuesday! ummmm we got second on the call sheet for hbo’s girls in the studio with us (!!) for a very special episode: in defense of marnie michaels with allison williams. allison’s here talking all things girls — the audition process, the 2010s perception of her, and the full-on marniessance happening right now. we obviously get into stronger, panic in central park, beach house, and yes… booth jonathan comes up (how could he not?). allison spills about her no-nudity clause, and we try to figure out why marnie has somehow become the icon of our time now that we’ve all had a little space from the show.  Make sure to see Allison Williams in Regretting You in theaters now!! Upgrade your wardrobe and save on @trueclassic at ⁠⁠trueclassic.com/GIRLS⁠⁠! #trueclassicpod #sponsored #ad Learn more about your ad choices. Visit megaphone.fm/adchoices",4884864,False,0Jg5vnnT69IY3JcDCoMff6,en,Allison Williams talks Marnie Michaels,2025-10-24,,,,,
"i literally have worn those pjs every single night since i bought them... i think this means that the orange shorts are retired for good... :,)  podcast, search ""anything goes with emma chamberlain"" anywhere you stream podcasts watch video episodes on spotify and youtube youtube:    / @anythinggoeswithemma   spotify: https://open.spotify.com/show/5VzFvh1... instagram:   / anythinggoes    chamberlain coffee, cafe at westfield century city mall in los angeles website: https://www.chamberlaincoffee.com  instagram:   / chamberlaincoffee   youtube:    / @chamberlaincoffee    credits, filmed by emma chamberlain  edited by emma chamberlain Learn more about your ad choices. Visit podcastchoices.com/adchoices",1826944,False,18DfjNbttn8moheYDOPcYk,en, Putting effort into my appearance for a week to see how it makes me feel,2025-07-16,,,,,
"It’s All-Stars week! In what some have already called the crossover episode of the century, Brittany Broski and Caleb Hearon join Drew to claim their title as the Comment Section’s first returning guests. The trio talk about their high school proms gone wrong, bodyguarding, being mother-pilled, Caleb setting up a fortune teller booth at a house party, Drew’s driving incident, a cameo from Caleb’s mom to confirm lore about his childhood, and so much more. Drew: https://linktr.ee/drewafualoBrittany: IG / TikTokCaleb: IG / TikTokFor sponsorships/partnerships, email contact@pastyourbedtime.com. Learn more about your ad choices. Visit podcastchoices.com/adchoices",5300501,False,2Z6VvCctUuEirKTVE5pgrz,en,COMMENT SECTION: ALL STARS Ft. Brittany Broski and Caleb Hearon ,2024-04-24,,,,,
"Being an ADHDer or autistic can make building and maintaining  friendships feel like navigating an invisible maze. Let's explore some  common barriers and practical solutions for making friends as a  neurodivergent adult.  Download our free workbook, Managing Sensory Overwhelm for  Neurodivergent Adults:  https://neurodiverging.thrivecart.com/sensory-overwhelm-workbook/  Transcript, show notes, and more:  https://www.neurodiverging.com/the-neurodivergent-guide-to-making-and-keeping-friends-in-2025/  Questions, comments, ideas? Email us at contact@neurodiverging.com. Learn more about your ad choices. Visit megaphone.fm/adchoices",861911,False,6uYmiU6HlmpCzcPvJfzmcc,en-US,How to Make (And Keep) Friends as a Neurodivergent Adult,2025-10-30,,,,,
"Once widely banned, raw milk consumption is on the rise and states are repealing their bans. No one’s happier about that than the far right. How did we get here?NOTE: In the retelling of Pasteur’s early pasteurization, Aubrey misspoke! The culprit wasn’t lactic yeast, it was lactic acid bacteria. Sorry for the slip up!Support us:Hear bonus episodes on PatreonWatch Aubrey's documentaryBuy Aubrey's bookListen to Mike's other podcastGet Maintenance Phase T-shirts, stickers and moreLinks!Milk!: A 10,000 Year Food FracasU.S. Consumer surveyThe Effects of Pasteurization on VitaminsLingering Heat over Pasteurized MilkHow pasteurization improves safetySwill-Milk and Infant MortalityAlta Dena (Court case 1, Court case 2, Alta Dena's raw milk history)A Raw Milk Magnate Has Spent Years Fighting Public Health AgenciesShould This Milk Be Legal?The Amish farmer who ignited outrage over raw milkWhy Are People Promoting Raw Milk? The Quest for Raw MilkSome Raw Truths About Raw MilkRight Wing Commentators Are Pushing MisinformationHow Raw Milk Went From Hippie to MAGA Here's why raw milk drinkers need to be concerned about bird fluInfluencers promote raw milk Thanks to Doctor Dreamchip for our lovely theme song!Support the show",3943810,False,6qSuJoHpldxFbIAmwOkIfU,en,Raw Milk,2025-11-13,,,,,
"a meditation on choosing yourself so deeply that you welcome every bit of smoke—the blessings, the lessons, and the fire that comes with going all in.thank you to the beautiful members of the community who called in today. it's always so good hearing your voice. we love you so much.as always, if you feel inclined to join in on the conversation, we're just one call away at (573) 654-5189. endless gratitude to our sponsors: Cozy Earth » Black Friday has come early at Cozy Earth! Right now, you can stack my code FTHH on top of their sitewide sale — giving you up to 40% off in savings. These deals won’t last, so start your holiday shopping today at https://cozyearth.com.Fabletics » Fabletics already has amazing deals, but right now they're running their biggest sale of the year on top of that. 80% OFF EVERYTHING. Head to https://www.fabletics.com/fthh and sign up as a VIP to get 80% off everything. Huel » Huel makes healthy eating simple. They also just launched into Target stores nationwide! Try both products today with FIFTEEN PERCENT off your purchase for New Customers with our exclusive code FTHH at https://huel.com/fthhCBDistillery » Save 25% off your entire purchase when you use code FTHH at https://www.thecbdistillery.com🦋connect with ri:⁠⁠⁠⁠⁠⁠⁠⁠⁠⁠⁠⁠⁠⁠⁠⁠⁠⁠⁠⁠⁠⁠⁠⁠⁠⁠⁠⁠⁠⁠⁠⁠⁠⁠⁠⁠⁠⁠⁠⁠⁠⁠⁠⁠⁠⁠⁠⁠⁠⁠⁠⁠⁠⁠⁠⁠⁠⁠⁠YouTube⁠⁠⁠⁠⁠⁠⁠⁠⁠⁠⁠⁠⁠⁠⁠⁠⁠⁠⁠⁠⁠⁠⁠⁠⁠⁠⁠⁠⁠⁠⁠⁠⁠⁠⁠⁠⁠⁠⁠⁠⁠⁠⁠⁠⁠⁠⁠⁠⁠⁠⁠⁠⁠⁠⁠⁠⁠⁠⁠ | ⁠⁠⁠⁠⁠⁠⁠⁠⁠⁠⁠⁠⁠⁠⁠⁠⁠⁠⁠⁠⁠⁠⁠⁠⁠⁠⁠⁠⁠⁠⁠⁠⁠⁠⁠⁠⁠⁠⁠⁠⁠⁠⁠⁠⁠⁠⁠⁠⁠⁠⁠⁠⁠⁠⁠⁠⁠⁠⁠Instagram⁠⁠⁠⁠⁠⁠⁠⁠⁠⁠⁠⁠⁠⁠⁠⁠⁠⁠⁠⁠⁠⁠⁠⁠⁠⁠⁠⁠⁠⁠⁠⁠⁠⁠⁠⁠⁠⁠⁠⁠⁠⁠⁠⁠⁠⁠⁠⁠⁠⁠⁠⁠⁠⁠⁠⁠⁠⁠⁠ | ⁠⁠⁠⁠⁠⁠⁠⁠⁠⁠⁠⁠⁠⁠⁠⁠⁠⁠⁠⁠⁠⁠⁠⁠⁠⁠⁠⁠⁠⁠⁠⁠⁠⁠⁠⁠⁠⁠⁠⁠⁠⁠⁠⁠⁠⁠⁠⁠⁠⁠⁠⁠⁠⁠⁠⁠⁠⁠⁠Tiktok⁠⁠⁠⁠⁠⁠⁠⁠⁠⁠⁠⁠⁠⁠⁠⁠⁠⁠⁠⁠⁠⁠⁠⁠⁠⁠⁠⁠⁠⁠⁠⁠⁠⁠⁠⁠⁠⁠⁠⁠⁠⁠⁠⁠⁠⁠⁠⁠⁠⁠⁠⁠⁠⁠⁠⁠⁠⁠⁠connect with sunset tim:⁠⁠⁠⁠⁠⁠⁠⁠⁠⁠⁠⁠⁠⁠⁠⁠⁠⁠⁠⁠⁠⁠⁠⁠⁠⁠⁠⁠⁠⁠⁠⁠⁠⁠⁠⁠⁠⁠⁠⁠⁠⁠⁠⁠⁠⁠⁠⁠⁠⁠⁠⁠⁠⁠⁠⁠⁠⁠⁠Music⁠⁠⁠⁠⁠⁠⁠⁠⁠⁠⁠⁠⁠⁠⁠⁠⁠⁠⁠⁠⁠⁠⁠⁠⁠⁠⁠⁠⁠⁠⁠⁠⁠⁠⁠⁠⁠⁠⁠⁠⁠⁠⁠⁠⁠⁠⁠⁠⁠⁠⁠⁠⁠⁠⁠⁠⁠⁠⁠ | ⁠⁠⁠⁠⁠⁠⁠⁠⁠⁠⁠⁠⁠⁠⁠⁠⁠⁠⁠⁠⁠⁠⁠⁠⁠⁠⁠⁠⁠⁠⁠⁠⁠⁠⁠⁠⁠⁠⁠⁠⁠⁠⁠⁠⁠⁠⁠⁠⁠⁠⁠⁠⁠⁠⁠⁠⁠⁠⁠Instagram⁠⁠⁠⁠⁠⁠⁠⁠⁠⁠⁠⁠⁠⁠⁠⁠⁠⁠⁠⁠⁠⁠⁠⁠⁠⁠⁠⁠⁠⁠⁠⁠⁠⁠⁠⁠⁠⁠⁠⁠⁠⁠⁠⁠⁠⁠⁠⁠⁠⁠⁠⁠⁠⁠⁠⁠⁠⁠⁠connect with FTHH:⁠⁠⁠⁠⁠⁠⁠⁠⁠⁠⁠⁠⁠⁠⁠⁠⁠⁠⁠⁠⁠⁠⁠⁠⁠⁠⁠⁠⁠⁠⁠⁠⁠⁠⁠⁠⁠⁠⁠⁠⁠⁠⁠⁠⁠⁠⁠⁠⁠⁠⁠⁠⁠⁠⁠⁠⁠⁠⁠YouTube⁠⁠⁠⁠⁠⁠⁠⁠⁠⁠⁠⁠⁠⁠⁠⁠⁠⁠⁠⁠⁠⁠⁠⁠⁠⁠⁠⁠⁠⁠⁠⁠⁠⁠⁠⁠⁠⁠⁠⁠⁠⁠⁠⁠⁠⁠⁠⁠⁠⁠⁠⁠⁠⁠⁠⁠⁠⁠⁠ | ⁠⁠⁠⁠⁠⁠⁠⁠⁠⁠⁠⁠⁠⁠⁠⁠⁠⁠⁠⁠⁠⁠⁠⁠⁠⁠⁠⁠⁠⁠⁠⁠⁠⁠⁠⁠⁠⁠⁠⁠⁠⁠⁠⁠⁠⁠⁠⁠⁠⁠⁠⁠⁠⁠⁠⁠⁠⁠⁠Instagram⁠⁠⁠⁠⁠⁠⁠⁠⁠⁠⁠⁠⁠⁠⁠⁠⁠⁠⁠⁠⁠⁠⁠⁠⁠⁠⁠⁠⁠⁠⁠⁠⁠⁠⁠⁠⁠⁠⁠⁠⁠⁠⁠⁠⁠⁠⁠⁠⁠⁠⁠⁠⁠⁠⁠⁠⁠⁠⁠ | ⁠⁠⁠⁠⁠⁠⁠⁠⁠⁠⁠⁠⁠⁠⁠⁠⁠⁠⁠⁠⁠⁠⁠⁠⁠⁠⁠⁠⁠⁠⁠⁠⁠⁠⁠⁠⁠⁠⁠⁠⁠⁠⁠⁠⁠⁠⁠⁠⁠⁠⁠⁠⁠⁠⁠⁠⁠⁠⁠TikTok⁠⁠⁠⁠⁠⁠⁠⁠⁠⁠⁠⁠⁠⁠⁠⁠⁠⁠⁠⁠⁠⁠⁠⁠⁠⁠⁠⁠⁠⁠⁠⁠⁠⁠⁠⁠⁠⁠⁠⁠⁠⁠⁠⁠⁠⁠⁠⁠⁠⁠⁠⁠⁠⁠⁠⁠⁠⁠⁠ | ⁠⁠⁠⁠⁠⁠⁠⁠⁠⁠⁠⁠⁠⁠⁠⁠⁠⁠⁠⁠⁠⁠⁠⁠⁠⁠⁠⁠⁠⁠⁠⁠⁠⁠⁠⁠⁠⁠⁠⁠⁠⁠⁠⁠⁠⁠⁠⁠⁠⁠⁠⁠⁠⁠⁠⁠⁠⁠⁠FTHH Website⁠⁠⁠⁠⁠⁠⁠⁠⁠⁠⁠⁠⁠⁠⁠⁠⁠⁠⁠⁠⁠⁠⁠⁠⁠⁠⁠⁠⁠⁠⁠⁠⁠⁠⁠⁠⁠⁠⁠⁠⁠⁠⁠⁠⁠⁠⁠⁠⁠⁠⁠⁠⁠⁠⁠⁠⁠⁠⁠all sounds provided by Musicbed » https://fm.pxf.io/riturnerif you are a brand that is interested in partnering with us, please email contact@forthehealthyhoes.com",2927806,True,5eOn9WdN13WfpFurZcpRaX,en-US,praying for all the smoke,2025-11-18,,,,,
"  Tell Me What's Wrong at ⁠ passthatpuss.com  Follow Hilary and Pre-Save “mature” out 11/6! https://www.hilaryduff.com/  Follow Me! Instagram | @passthatpuss TikTok | @octopusslover8  Listen to ""THERAPUSS"" Spotify: ⁠⁠⁠⁠https://open.spotify.com/show/1BHDdC0OVuHqZ706FobfOF ⁠⁠Apple Podcasts: ⁠⁠⁠⁠https://podcasts.apple.com/us/podcast/therapuss-with-jake-shane/id1723626781⁠⁠ Amazon Podcasts: ⁠⁠⁠⁠https://music.amazon.com/podcasts/93117357-1f23-46e1-8f26-88f5182a68b8/therapuss-with-jake-shane⁠⁠ YouTube: ⁠https://www.youtube.com/@octopusslover8 Learn more about your ad choices. Visit megaphone.fm/adchoices",5235051,True,5sgnHKnVyRYU58THlAbSBz,en,Session 105: Hilary Duff,2025-11-06,,,,,
"December 12th is the night that everyone has been waiting for. The invitation is cryptic - it takes some guests weeks to figure out what it reads. “Sdaeh tsilaer & sesserd gnol eit kcalb?” The secret is this - you have to reflect it into the mirror to figure out what it says. “Black tie, long dresses & surrealist heads.” Welcome to the Rothschild's (one of the wealthiest and most powerful families) newest secret party. Everyone walks in donning a giant bejeweled mask of animals that you would normally hunt. Stags. Deer. Birds in cages. The staff in the massive mansion are dressed as cats, perched on the stairs, meowing at the passing guests. There’s no way they’re not hunting people afterwards right? That’s always been the conspiracy. Rich people hunting the poor for sport. But what if it is true? What if it happened in South Korea and became the inspiration of the Netflix show - Squid Game? Hosted by Simplecast, an AdsWizz company. See pcm.adswizz.com for information about our collection and use of personal data for advertising.",4145502,False,1yTrBSGX7bhUax66PgtvlM,en,Man Survives Real Life “Squid Game” That Killed 551 People - Funded By Rich Australian Family,2025-01-15,,,,,
"Dissect's first VIDEO season is an 18-episode analysis of Kendrick Lamar's Mr. Morale & The Big Steppers. After revisiting Kendrick's years-long public hiatus leading up to its 2022 release, today's episode dissects the album's opening track ""United In Grief"" - a song that sets up every major theme explored on the album. New episodes every Tuesday.Shop limited Dissect S13 Merch. Follow Dissect on Instagram, Twitter, or TikTok.Host/Writer/EP: Cole CuchnaVideo/Audio Production: Kevin PoolerAdditional Production: Justin SaylesTheme Music: Birocratic Learn more about your ad choices. Visit podcastchoices.com/adchoices",3215936,False,1xAPxpbwlH6808QpFfUU8i,en,S13E1 - Kendrick Lamar: Mr. Morale & The Big Steppers [VIDEO],2025-02-04,,,,,
"Tom Segura is a comedian, podcaster, and actor.These days, making sense of the world is harder than ever. From billionaires reshaping governments to debates over whether modern car chassis can support the average obese person. There’s no shortage of absurdities. Luckily, Tom has plenty to say about them.Expect to learn why Gen Z is more likely to skip the gym and use Ozempic instead, if Tom can and will reset his Instagram algorithm, why Gen Z is more likely to drink less and smoke more, why the younger generation is sexless than most, Tom’s thoughts on Elon’s current rampage through government bureaucracy, Tom’s recent obsession with True Crime documentaries, why being competent is a curse and much more…Sponsors:Get a 20% discount on the best supplements from Momentous at https://livemomentous.com/modernwisdomGet a 20% discount on Nomatic’s amazing luggage at https://nomatic.com/modernwisdomGet the best bloodwork analysis in America at https://functionhealth.com/modernwisdomGet 5 Free Travel Packs, Free Liquid Vitamin D, and more from AG1 at https://drinkag1.com/modernwisdomSee discounts for all the products I use and recommend: https://chriswillx.com/dealsExtra Stuff:Get my free reading list of 100 books to read before you die: https://chriswillx.com/booksTry my productivity energy drink Neutonic: https://neutonic.com/modernwisdomEpisodes You Might Enjoy:#577 - David Goggins - This Is How To Master Your Life: https://tinyurl.com/43hv6y59#712 - Dr Jordan Peterson - How To Destroy Your Negative Beliefs: https://tinyurl.com/2rtz7avf#700 - Dr Andrew Huberman - The Secret Tools To Hack Your Brain: https://tinyurl.com/3ccn5vkp-Get In Touch:Instagram: https://www.instagram.com/chriswillxTwitter: https://www.twitter.com/chriswillxYouTube: https://www.youtube.com/modernwisdompodcastEmail: https://chriswillx.com/contact- Learn more about your ad choices. Visit megaphone.fm/adchoices",7959082,True,0N3MIHZRhSDfvj81TL8OCc,en,#901 - Tom Segura - Why Does The Modern World Make No Sense?,2025-02-10,,,,,
"It starts with a swipe. Download Tinder today!https://tinder.com/Learn more about & Donate to the Support of California Here:Direct Relief ► https://www.directrelief.orgLos Angeles Regional Food Bank ► http://www.lafoodbank.org/fireLos Angeles Fire Department Foundation ► http://supportlafd.orgCalifornia Fire Foundation ► http://www.cafirefoundation.orgAltadena Children's Book Drive ► https://vromansbookstore.com/childrens-books-altadena-book-driveAltadena Girls & Boys ► https://www.pledge.to/altadena-girlshttps://www.instagram.com/altadenaboys/?hl=enTell Me What's Wrong at ⁠passthatpuss.comFollow Me!Instagram | @passthatpussTikTok | @octopusslover8Follow Tate & Stream “So Close To What” OUT 2/21!https://www.tatemcrae.com/@tatemcraeListen to ""THERAPUSS""Spotify: ⁠⁠⁠⁠https://open.spotify.com/show/1BHDdC0OVuHqZ706FobfOF⁠⁠Apple Podcasts: ⁠⁠⁠⁠https://podcasts.apple.com/us/podcast/therapuss-with-jake-shane/id1723626781⁠⁠Amazon Podcasts: ⁠⁠⁠⁠https://music.amazon.com/podcasts/93117357-1f23-46e1-8f26-88f5182a68b8/therapuss-with-jake-shane⁠⁠YouTube: ⁠https://www.youtube.com/@octopusslover8 Learn more about your ad choices. Visit megaphone.fm/adchoices",4154217,True,0xDIPyvFoE0MjRtvgt6qHc,en,Session 58: Tate McRae Returns,2025-02-20,,,,,
"[video available on spotify] hello and welcome back to advice session, a series here on anything goes where you send in your current dilemmas or anything that you want advice on, and i give you my unprofessional advice. and today's topic is sex. which means if you're one of my family members, turn this off. Learn more about your ad choices. Visit podcastchoices.com/adchoices",2794089,False,5iiPh0mlXKHxmDu0s9ytTt,en,"faking orgasms, advice session [video]",2025-03-02,,,,,
"Hear Sim and Sonya, two millennial investors, break down the biggest myths about investing in the stock market so that you can feel more informed and empowered towards your financial future! In our pilot episode, we break down things in a simple, jargon-free way. Watch the episode on Youtube hereFor more Friends That Invest:Stock Market Tea newsletter: build financial freedom in under 5 minutes a week. Join 115,000+ investors in training.InstagramTikTokTwitterFacebook Hosted on Acast. See acast.com/privacy for more information.",1403141,False,497SYWN4xXeGTN6yZSfZyb,en,Debunking the Biggest Myths about Investing in the Stock Market!,2020-08-25,,,,,
"What is the stock market and what on earth is this intimating place called wall-st? Sim and Sonya, two millennial investors are hear to break down the all-confusing world of the stock market and help explain how to make money through investing, why people invest, where to invest and what you can invest in! Watch the episode on Youtube hereFor more Friends That Invest:Stock Market Tea newsletter: build financial freedom in under 5 minutes a week. Join 115,000+ investors in training.InstagramTikTokTwitterFacebook Hosted on Acast. See acast.com/privacy for more information.",1275402,False,2FqzjxcniaiXr1ExMiTR6t,en,Part 1: What’s the Stock Market and How to Get Started,2020-09-02,,,,,
Sign Ellen's petition here: https://www.change.org/p/justice-for-ellen-rae-greenberg-justiceforellenSuicide Prevention Lifeline USA: 1-800-273-8255Suicide Prevention Lifeline UK: 166 123Suicide Prefentiok Lifeline AU: 13 11 14https://www.mind.org.uk/information-support/guides-to-support-and-services/seeking-help-for-a-mental-health-problem/mental-health-helplines/Find me on:⁠⁠⁠⁠⁠YouTube⁠⁠⁠⁠⁠⁠⁠⁠⁠⁠Instagram⁠⁠⁠⁠⁠⁠⁠⁠⁠⁠TikTok⁠⁠,2898451,False,00hT3xBXqveGMXDdS0Zrsq,en-AU,The Shocking Case of Ellen Greenberg,2025-03-03,,,,,
NBA eastern conference tier list! #nba Check out the show on spotify: https://open.spotify.com/show/37fd5HY44DbHQXQHt1069c?si=d2e73d1bfe3240b2Apple Podcasts: https://podcasts.apple.com/us/podcast/project-94/id1790442697P94 tiktok: https://www.tiktok.com/@project94ftP94 instagram: https://www.instagram.com/project94ft/Isaac's twitter: https://x.com/byisaacgJack's twitter: https://x.com/JoestarJokic0:00- Intro3:18- Cavs10:33- Celtics17:32- Wizards22:40- Raptors27:10- Bulls30:15- Hawks30:40- Heat33:18- Knicks43:10- Nets46:25- Hornets49:18- Bucks59:10- Pacers1:03:55- Magic1:13:10- Pistons1:16:45- 76ers,4784213,False,2cBFXgAsbVqxVbZwxhHPLF,en,We Put Every NBA Team In The East In A Tier List,2025-03-11,,,,,
"This week, Sim dives into the five smartest investments every woman should make to build long-term wealth and financial security. From investing in yourself and negotiating a higher salary to owning real estate, growing your stock portfolio, and leveraging networking for career success, these are the game-changing moves that can set you up for life. Sim shares real numbers, expected returns, and practical steps you can take today—so you can stop stressing about money and start thriving!Watch the episode on Youtube hereFor more Friends That Invest:Stock Market Tea newsletter: build financial freedom in under 5 minutes a week. Join 115,000+ investors in training.InstagramTikTokTwitterFacebook Hosted on Acast. See acast.com/privacy for more information.",1248078,False,0p0bQfa01PmjWNiq340ZKG,en,5 Investments Every Woman Should Make (For a Soft Life),2025-03-03,,,,,
"View the Show Notes Page for This EpisodeBecome a Member to Receive Exclusive ContentSign Up to Receive Peter’s Weekly NewsletterView our full terms of useSanjay Mehta is a radiation oncologist with over 25 years of experience, and is currently the president of Century Cancer Centers in Houston, Texas (drsanjaymehta.com). In this episode, Sanjay explores the rapidly evolving field of radiation oncology, addressing common misconceptions about radiation exposure. He delves into radiation’s critical role in modern oncology, examining recent advancements that precisely target tumors while minimizing damage to surrounding healthy tissues and reducing side effects, with specific insights into breast, prostate, and brain cancers. Sanjay discusses fascinating international practices involving low-dose radiation therapy for inflammatory conditions such as arthritis, tendonitis, and sports injuries, highlighting its effectiveness and potential for wider adoption in the United States. Wrapping up on a lighter note, Peter and Sanjay discuss their mutual passion for cars and reveal how this shared interest first brought them together.We discuss:0:00:00 - Intro0:01:34 - How radiation oncology became a distinct, rapidly evolving medical specialty0:04:47 - Defining radiation, ionizing vs. non-ionizing, and common misconceptions about radiation exposure0:08:48 - How radiation doses are measured, real-world examples of radiation exposure, and safety practices0:14:28 - Radiation doses from common medical imaging tests, and why benefits of routine imaging outweigh risks0:25:10 - Therapeutic radiation oncology: the evolution of breast cancer treatment toward less invasive surgery combined with targeted radiation0:29:11 - Modern radiation oncology treatments for breast cancer—minimizing risks and maximizing patient comfort and outcomes0:42:47 - How advances in radiation dosing, technology, and treatment precision have significantly reduced side effects0:48:01 - How breast implants affect radiation treatment0:51:55 - Radiation therapy for prostate cancer: advancements in precision, effectiveness, and patient selection criteria0:59:56 - Radiation therapy options for inoperable prostate cancer or those seeking alternatives to surgery, and a remarkable patient case study1:11:42 - How patients can effectively evaluate and select a high-quality radiation oncologist1:14:44 - Radiation therapy for brain cancer: the shift toward precise, targeted techniques that minimize cognitive side effects, and remaining challenges1:25:33 - The origins of radiophobia and how it influenced perceptions of radiation use in medicine1:31:49 - Treating chronic inflammatory conditions such as tendinitis, arthritis, and more with very low-dose radiation1:38:57 - Using low-dose radiation to treat spine injuries, scar tissue, fibrosis, keloids, and more1:45:11 - The current barriers preventing widespread adoption of low-dose radiation therapy for inflammatory conditions1:50:49 - The durability and versatility of low-dose radiation therapy in treating chronic inflammatory and arthritic conditions1:55:15 - Sanjay’s talent as a drummer1:58:15 - Peter and Sanjay’s shared passion for cars and racingConnect With Peter on Twitter, Instagram, Facebook and YouTube",8877333,False,53GJlX8qyTvryPG3kILb7V,en-US,"#343 – The evolving role of radiation: advancements in cancer treatment, emerging low-dose treatments for arthritis, tendonitis, and injuries, and addressing misconceptions | Sanjay Mehta, M.D.",2025-04-07,,,,,
"Today we are going to be talking about the Hollywood Ripper, a depraved serial killer that targeted young women across California and Illinois between 1993 and 2008.Find me on:⁠⁠⁠YouTube⁠⁠⁠⁠⁠⁠Instagram⁠⁠⁠⁠⁠⁠TikTok⁠⁠Contact for business enquiries: contact@bfiori.com",3532414,False,2QQyugwBVSsQ0g66MSJATn,en-AU,THE CASE OF THE HOLLYWOOD RIPPER,2025-04-23,,,,,
"A strange visitor from beyond our solar system zoomed past Earth in 2017, leaving scientists puzzled. Join us in this Supercut as we unravel the mystery of 'Oumuamua, our first confirmed interstellar visitor. We'll examine the perplexing data that defied scientific expectations, explore theories about its unusual characteristics, and reveal why this brief encounter revolutionized astronomy and captivated the scientific community for years to come.Discover our full back catalogue of hundreds of videos on YouTube: https://www.youtube.com/@astrumspaceFor early access videos, bonus content, and to support the channel, join us on Patreon: https://astrumspace.info/4ayJJuZ",1872618,False,7qpJX44fGu3oyVVVIZsKXd,en,Everything We Know About 'Oumuamua,2025-04-29,,,,,
"Cameron Hanes is a bowhunter, ultramarathon runner, podcaster, and an author. How should we deal with suffering? Most people do everything they can to avoid it, but a rare few seek it out. What if pain isn't just something to survive, but something that deepens our gratitude for the moments that truly matter? Expect to learn what drives Cam to do what he does and what being “undeniable” means to him, what the biggest lesson most people learn when they first go hunting is, the hardest thing Cam has ever done physically, if hard work beats genetics and pedigree, how Cam raised his sons and and what he would do differently, how the average people can train themselves to deal better with suffering, how Cam would feel if he felt truly worth of his acheivements, and much more… Sponsors: See discounts for all the products I use and recommend: https://chriswillx.com/deals Get 5 Free Travel Packs, Free Liquid Vitamin D, and more from AG1 at https://ag1.info/modernwisdom Get 35% off your first subscription on the best supplements from Momentous at https://livemomentous.com/modernwisdom Get a Free Sample Pack of all LMNT Flavours with your first purchase at https://drinklmnt.com/modernwisdom Get the best bloodwork analysis in America at https://functionhealth.com/modernwisdom Extra Stuff: Get my free reading list of 100 books to read before you die: https://chriswillx.com/books Try my productivity energy drink Neutonic: https://neutonic.com/modernwisdom Episodes You Might Enjoy: #577 - David Goggins - This Is How To Master Your Life: https://tinyurl.com/43hv6y59 #712 - Dr Jordan Peterson - How To Destroy Your Negative Beliefs: https://tinyurl.com/2rtz7avf #700 - Dr Andrew Huberman - The Secret Tools To Hack Your Brain: https://tinyurl.com/3ccn5vkp - Get In Touch: Instagram: https://www.instagram.com/chriswillx Twitter: https://www.twitter.com/chriswillx YouTube: https://www.youtube.com/modernwisdompodcast Email: https://chriswillx.com/contact - Learn more about your ad choices. Visit megaphone.fm/adchoices",6876288,True,5qxPvpy8SNdmvI3MnOWrYD,en,#940 - Cameron Hanes - The Harsh Price Of Extreme Performance,2025-05-12,,,,,
"In this episode, we’re talking about how to make life-changing decisions that are right for you, in a world where we’re faced with endless choice, people pleasing & thousands of opinions.As always, I’m being joined by an expert. Adrienne Adhami is a wellness coach who has written an entire book on the subject of making decisions that matter. So if you’re unsure about the future, you struggle to have tough conversations, don’t know where your gut instinct is, this episode is one to listen to! +MY LINKS: https://gracebeverley.komi.io/+ADRIENNE ADHAMI Decisions That Matter: https://www.amazon.co.uk/Decisions-That-Matter-Endless-Choice/dp/1529925495 Instagram: https://www.instagram.com/adrienne_ldn/?hl=en Website: https://adrienneadhami.com/ +RETROGRADE, SHREDDY, TALA and THE PRODUCTIVITY METHOD are my own businesses, therefore any mention of them - whilst not being a sponsorship - is monetarily endorsed. As usual, sponsorships do not change my opinions nor my honesty, but I will always disclaim to make sure motives are clear 😊 Hosted on Acast. See acast.com/privacy for more information.",3334138,True,1UzDva2ofKH6bb9EawyYt8,en,How To Design Your Life One Powerful Decision at a Time with Adrienne Adhami,2025-07-07,,,,,
"Whitney is ticked-off by Lyme Disease, Adrenal Fatigue, Burnout, Meditation, the Hampton’s, and the Elite while she domesticates a fly... Tickets for The Big Baby Tour https://www.whitneycummings.com  SHOP: https://whitneycummings.com/index.html#store  Thank you to our sponsors!  🔹 goPure – Neck Cream Visibly smooth, firm, and hydrate your neck and jawline with goPure’s Tighten & Lift Neck Cream. Get 25% off your order at goPureBeauty.com/WHITNEY — use code WHITNEY at checkout. Clean, dermatologist-tested, cruelty-free, and made without artificial fragrance. This podcast is sponsored by goPure.  🔹 Home Chef – Meal Kits Fresh ingredients and simple recipes delivered to your door. Get 50% off your first box + free dessert for life at HomeChef.com/WHITNEY. Must be an active subscriber to continue receiving free dessert. Offer valid for new customers only. Terms apply. Sponsored by Home Chef.  🔹 Smalls – Cat Food Smalls makes high-protein, human-grade cat food your cat will love. Get 60% off your first order and free shipping at Smalls.com/WHITNEY. Real ingredients. Tailored to your cat. Backed by animal nutritionists. This episode is sponsored by Smalls.  🔹 Mint Mobile – Wireless Plan Get premium wireless for just $15/month with Mint Mobile. Visit MintMobile.com/WHITNEY to get started. Upfront payment of $45 required. Speeds may slow after 35GB. Taxes and fees extra. Limited-time new customer offer. Sponsored by Mint Mobile.   🐘DON’T RIDE ELEPHANTS! ❤ Learn more about your ad choices. Visit podcastchoices.com/adchoices",3928372,False,0l4ojiaFKQoKlPWlIt2cGh,en,Ticked-Off - Good for You podcast with Whitney Cummings | ep300,2025-08-03,,,,,
"These are 4 Disturbing Camping Horror Stories For A Dark Summer NightLinktree: https://linktr.ee/its_just_creepyStory Credits:►Sent in to https://www.justcreepy.net/Timestamps:00:00 Intro00:00:18 Story 100:14:53 Story 200:30:52 Story 300:49:35 Story 4Music by:►'Decoherence' by Scott Buckley - released under CC-BY 4.0. www.scottbuckley.com.auhttps://www.youtube.com/watch?v=wM_AjpJL5I4&t=0s► Myuu's channelhttp://bit.ly/1k1g4ey ►CO.AG Musichttp://bit.ly/2f9WQpeBusiness inquiries: ►creepydc13@gmail.com#scarystories #horrorstories #camping #deepwoods #forest 💀As always, thanks for watching! 💀",4006228,False,3ZOll9XcBNfnPdYk43udNR,en,4 Disturbing Camping Horror Stories For A Dark Summer Night,2025-08-01,,,,,
"The Ringer’s Bill Simmons, Van Lathan, and Wesley Morris pop open a cold bottle of Irish beer as they revisit Ryan Coogler’s instant classic, ‘Sinners,’ starring Michael B. Jordan, Hailee Steinfeld, and Miles Caton.  Producers: Craig Horlbeck, Ronak Nair, and Chris Wohlers  Free eBooks library. It’s on Prime. Learn more about your ad choices. Visit podcastchoices.com/adchoices",10622997,False,3QKY6Nt2UusEw4BN6NdLAA,en,"‘Sinners’ With Bill Simmons, Van Lathan, and Wesley Morris",2025-08-18,,,,,
"Are you settling in your career, relationships, or life — even if it all “looks good on paper”? In this episode of Tiger Sisters, we expose the hidden signs high achievers are wasting their prime years — and exactly how to break free without blowing up your life. From value drift that slowly pulls you off course to the sunk costs that keep you stuck, you’ll learn how to recognize settling in your career, love life, and personal identity — and the exact steps to get unstuck.We share:✅ #1 red flag you’re settling (and why “fine” is the danger zone)✅ How high achievers talk themselves into staying small✅ The psychology of staying too long: cognitive dissonance, sunk costs, fear of regret✅ 3 clarity questions that tell you when it’s time to move on✅ Mini exercises to stop settling — starting today!✅ Reese Witherspoon’s career pivot from her “zone of excellence” to her genius🐯👯‍♀️ We’re the Tiger Sisters — Your Wall Street & Silicon Valley big sisters Decoding Money • Power • Love ✨ New episodes every Monday | Shorts all week ✨🎯 This episode is sponsored by mbaMission, the #1 MBA admissions consulting firm five years in a row (Poets&Quants). Their expert team has helped 15,000+ applicants get into the world’s top business schools. Start with a free 30-minute consultation at www.mbamission.com/consult and select “Tiger Sisters” in the drop-down. And use code “TIGERSISTERS30” for 30% off onTrack, their personalized MBA application experience led by leading MBA expert Jeremy Shinewald.💌 Want to partner with us? Sponsorships and brand deals: partnerships@tigersisters.co ⏰ Timestamps00:00 Are you settling without realizing it?01:35 Symptoms of settling02:47 Mini exercise: 12-month projection03:07 Why high achievers settle10:40 Dream job that still felt empty12:35 Mini exercise: “I’m scared to walk away because…”13:02 Sponsor: mbaMission14:21 Cognitive dissonance & why we stay too long15:25 Mini exercise: Rate career, relationships, identity18:30 3 questions to know if it’s time to move on19:11 Case Study: Reese Witherspoon & Hello Sunshine22:21 Mini exercise: Letter from your future self24:04 Practical steps to stop settling26:05 Visualize your future in 1, 5, and 10 years27:27 Find your “board of advisors”28:03 Wrap up 👀 Sign up for our newsletter: https://cherieluo.substack.com/ 🎁 NEW NEW SURVEY (#3)!! Win a $100 gift card — and help shape our partnerships: https://forms.gle/rXpQtbpwU3qShHW26Why trust us? ▫️ Cherie Brooke Luo – 100M+ views demystifying big tech, finance & MBAs ▫️ Jean Luo – ex-Goldman, ex-Snapchat exec, 50+ AI patents, startup investor ▫️ Together: 4 Ivy degrees • built billion-dollar product lines • two startups — decoded for youWe turn Harvard and Stanford MBA case studies + hard-won tech & finance lessons into frameworks you can use this week. What you’ll get (and keep): ▫️ 🚀 Ivy League cheat sheets – no $250K tuition required ▫️ Personal finance playbooks – salary jumps, investing, money psychology ▫️ Networking scripts – behind $100M+ deals, job offers & VC intros ▫️ Real talk with unicorn founders, VCs, and billionaires ▫️ Mindset resets – career clarity minus the pricey life coach ▫️ Fashion, wellness, and productivity hacks that actually work💛 LET'S CONNECT: ~ CHERIE ~ 🤳🏻 Instagram – / cherie.brooke 📱/ TikTok – / cherie.brooke ✍🏻 Substack – https://cherieluo.substack.com/ 👩🏻‍💻 LinkedIn – / cherie-luo~ JEAN ~ 🤳🏻 Instagram – / jeanluo_ 👩🏻‍💻 LinkedIn – / jeanluo👉 Hit Subscribe & tap the 🔔, then WRITE A REVIEW and rate us ⭐️⭐️⭐️⭐️⭐️ on Spotify & Apple Podcasts! Share this with someone who’s ready to level up.🎵 Music by Sammy Signal – https://open.spotify.com/artist/2HsyknHuxhT8RoZfn5rqMS🛍️ Items Referenced: 🍵 Sisters Matcha – www.sistersmatcha.com 🌀 Everything else – https://amzn.to/3z0dx5b",1730773,False,7Lns1HoqybsPOJHn4qfDSq,en,Are You Settling in Love or Career — and Don’t Even Know It?,2025-08-18,,,,,
"We all want to be the best possible versions of ourselves, but how do we actually achieve that? We're reposting one of our top episodes from one year ago because it's still so relevant to this day. If you want to ""change your life"" and become the dream version of yourself , this episode is for you!In January, Grace started a challenge she’s called The One Year Experiment, inspired by Kathrin Zenkina, the Manifestation Babe. The challenge is to spend 365 days making as many decisions as possible based on what your higher self would do.You all have asked to hear more, so in today’s episode we’re breaking down the entire experiment, why it works, and how you can try the experiment yourself to change your entire life in just one year.In this episode, we dove into:How did the one year experiment start and what it is?Connecting with your Higher SelfAdopting a solution-oriented mindsetCreating a purpose beyond habit trackingHuman Design and how to use it to your benefitThe power of journaling and affirmationsPushing through the discomfortIf you enjoyed this episode, please rate and review the podcast. We appreciate your support! 💖Join the community over on Instagram or TikTok!https://www.instagram.com/thelifeyoulovepod/https://www.tiktok.com/@thelifeyoulovepod📧 Join our email list for exclusive updates: ⁠https://shorturl.at/arKT0⁠💌 For business inquiries only, please email ",3495648,False,3r243sHw2OMIwTA7GK1Wav,en,Ep. 98 How to change your life in just one year (the One Year Experiment),2025-09-01,,,,,
"Listen to the full erotic audio: The Afterparty      A bold Queen of Hearts invites her shy admirer upstairs. Clothes fall, control shifts, and two women explore desire in a luxury hotel suite. A must for lovers of lesbian seduction and playful FDom.     Intended for adult audiences only, listener discretion is advised. Created by Audiodesires.",689865,True,764wzeDWnQ3GcfH0xNlAGN,en,Lesbian Erotica 🔥 Costume Party to Hotel Room (ASMR Porn),2025-09-01,,,,,
Creds: lazz audios BARKBRAKBARKBARKBARKBARKBARKBARKBARK ZAMN DADDY MMMM😩😩💕,21083,False,6rfF6Q4P8q7VIgfPq86raN,en,Steamy make out session [M4A],2023-12-15,,,,,
"Listen to the full erotic audio: Alpha Dom Boss IV      Vibrators under the desk, secret emails, and dangerous desires—her boss doesn’t just sign contracts, he writes the rules of their lust. A workplace erotica full of submission and teasing.     Intended for adult audiences only, listener discretion is advised. Created by Audiodesires.",386520,True,5hy11sv5NXBMalHeZ8sVz1,en,The CEO’s Dirty Little Game 🖤 Office BDSM Fantasy (Audio Sex),2025-09-01,,,,,
og video creds to ZenLightVA on youtube!!  follow my spotify acc: ib→byursidetil3005,505475,False,5eM34DrZbU9Mtj9apXFj1k,en,7 Minutes in Heaven,2023-03-11,,,,,
[school] [teacher] [professor] [student] [kinky] [dom]  not mine! creds to jae's asmr ,775058,True,3PD8mR1E79KjSOYDIxYkjd,en-CA,[M4F] Strict Professor Punishes You For Disobeying,2025-01-26,,,,,
Hear the full spicy audio (and 100+uncut audios) on : https://www.patreon.com/BestboyAudio    [Boyfriend Asmr Audio],1060107,True,6XmJvVC56rECA4KstICNHJ,en,Daddy uses his 'special tool' on you (M4F),2024-01-10,,,,,
PleasureDom Boyfriend TIES you up~🔥 [+18] [Losing Control] [Male Moans] Boyfriend Roleplay ASMR - Ep02,602813,False,6KU76q6gJjNqvWFDhMKTGk,af,PleasureDom Boyfriend TIES you up~🔥 [+18] [Losing Control] [Male Moans] Boyfriend Roleplay ASMR - Ep02,2022-07-09,,,,,
[spicy] [enemies to lovers] not mine! creds to jae's asmr,581799,True,0oG62fhl5ltga5TBjUZmXs,en-CA,[NSFW] Trapped In A Closet With Your Bully ,2025-01-26,,,,,
"Oh, so it's your birthday today, huh? Don't worry, I didn't forget.  In fact, I've been preparing a special gift for you... me.   In this episode, your #BoyfriendOnDemand listens to your every desire.  For an immersive experience, please use your earphones or your headset.  Have a scenario you want me to play out? Shoot me an email at joshuavondrake@gmail.com.  Get #boyfriendondemand updates on linktr.ee/joshuavondrake",705352,True,3gwoJBR14T2qcQoQsloSFO,en,Boyfriend x Birthday Seggs,2021-10-30,,,,,
► Follow me on YouTube! ⁠⁠⁠⁠⁠⁠⁠⁠⁠Akihiko Kai VA - YouTube⁠⁠⁠⁠⁠⁠⁠⁠⁠► For full audios and support: https://www.patreon.com/AKIHIKOKAI► Artist: All art is AI-generated or found on Google► I do not take credit for the Art.,948862,True,74M4GzF6D0Hv8PM2AbFe2a,en,"Roommate Takes The Wrong Pills! ""Please Make It Stop!"" (Spicy ASMR)",2025-04-10,,,,,
[nsfw] [spicy] [cute] [enemies to lovers] [female narrator] [bully] [enemy] not mine! creds to noobie audios,714686,True,7bPZ8mqZPkT7VTB5srV9gl,en-CA,[F4A] Trapped In With Your Rival ,2025-01-26,,,,,
"AJ McCarron sits down with Johnny Manziel on Glory Daze for a conversation that takes you right back to the heart of the SEC. These two quarterbacks defined a moment in college football when Alabama and Texas A&M collided on the national stage. Johnny talks about the legendary upset in Tuscaloosa, when the Aggies stunned the Crimson Tide and sent shockwaves through college football. AJ shares what it was like being on the other sideline during that game, carrying the weight of Alabama’s dynasty, and how Nick Saban became obsessed with finding ways to stop Johnny Football. The rivalry between the two schools comes to life in this episode, with AJ offering insight into the pressure of playing for Saban and leading a program where every Saturday felt like a national championship. Johnny opens up about how his style of play changed the way defenses prepared, and how Alabama was the ultimate test for his game. Together, they relive the intensity of those matchups that made SEC football must-watch every week. Beyond the college days, AJ looks back on his NFL career with the Cincinnati Bengals—what he learned, the highs and lows of his time in the league, and how those experiences shaped him as a competitor. The episode also delivers one of the wildest untold stories in SEC lore: how both Johnny and AJ ended up getting kicked out of the Manning Passing Academy. It’s a behind-the-scenes moment only these two could tell, and one that sheds light on the chaos and fun of being young quarterbacks with the spotlight on them. This episode blends unforgettable college football history, behind-the-scenes NFL perspective, and stories you won’t hear anywhere else from two quarterbacks who defined an era in the SEC. Thank you to our sponsors!!!   Fanatics: New customers, don’t miss a special welcome offer. Sign up and use promo code GLORYDAZE to get $200 in Bonus Bets when you place your first bet of $20 or more. Available in AZ, CO, CT, DC, IA, IL, IN, KS, KY, LA, MA, MD, MI, NC, NJ, OH, PA, TN, VT, VA, WV, or WY. Not available in NY. New customers must sign up by 9/30/25. Apply offer in bet slip; place $1+ American football cash wager w/ odds +300 or longer each Game Day. Opt in; place $10+ on any market w/ odds -500 or longer within 7 days of sign up to get $50 FanCash. Existing customers must see offer details in app. All Game Day wagers must settle as loss to qualify for FanCash in the amount of losing wager, up to stated max. Rewards expire 10/31/25. Terms, including FanCash terms apply-see Fanatics Sportsbook app.  Athletic Nicotine: Ready to level up your focus? Head over to www.athleticnicotine.com/JOHNNY to grab yours today! 3CHI: Use code JOHNNY at 3chi.com for 30% off everything store wideAU Vodka: Visit auvodka.us and use code JOHNNY for 20% off your online order.  Learn more about your ad choices. Visit megaphone.fm/adchoices",4330261,False,1cZsxYzw6sePQoMeij4qgf,en,Johnny Manziel & A.J. McCarron Bury the Hatchet On Their Iconic SEC Rivalry,2025-09-25,,,,,
"What if the 9-5 is over?The idea of a steady job and one career path for life is becoming rarer, and maybe even unrealistic.In this episode of Making Cents, Frances Cook talks to Hannah Koumakis about what it actually looks like when you build a career across acting, business, content, and community, all at once.What happens when you abandon the “one job for life” model, and instead create opportunities in the new world of work, where you often need multiple streams of income to get ahead, and where your financial systems need to be even sharper to hold it all together?In this episode we talk about:How to build multiple income streams without chaosThe financial systems that make it all workWhy emotional resilience matters as much as budgetingThe tough times, and why she nearly gave it all upWhat the future of work really looks like for your bank accountLinksFollow Frances Cook on Facebook, Instagram and TikTok, or join the Money Memo newsletter for a free weekly money tip in your inbox each week.This podcast was filmed and produced by FanaticalsVideo editing & content production by Lana Byrne Audio engineering by Tash Chittock Hosted on Acast. See acast.com/privacy for more information.",3193280,False,2hIhcxmZZxMwEvifdw54Ay,en,"""I nannied for billionaires, it changed my entire money outlook”: building a business on your own terms, with Hannah Koumakis",2025-10-12,,,,,
"This week, Sim sits down with bestselling author and ex–financial advisor Glen James to unpack advanced investing strategies, including core and satellite portfolios, real diversification, and why long-term investors should ride out market cycles instead of timing them. They share practical tactics like rebalancing, dollar cost averaging, holding some cash for opportunities while keeping an emergency fund, and checking ETF overlap to avoid concentration risk. Sim and Glen also debate FIRE versus building a life on your terms, agreeing that consistent market returns that beat inflation plus strong career income and disciplined behavior usually outperform chasing hot stocks or using margin.Watch the episode on Youtube hereFor more Friends That Invest:Stock Market Tea newsletter: build financial freedom in under 5 minutes a week. Join 115,000+ investors in training.InstagramTikTokTwitterFacebook Hosted on Acast. See acast.com/privacy for more information.",2685570,False,7M7VoTqpm8zYw3m5jSHNnP,en,Secrets From an Award Winning Financial Advisor | Glen James,2025-10-27,,,,,
"This week, Sim gets real about the journey of Friends That Invest, reflecting on how the podcast drifted from its original goal of making investing simple, fun, and relatable for women. She shares her plans to take a short four-week break to reset, refresh, and bring back the spark that started it all. Sim also reveals she is studying new finance certifications to level up her knowledge and create even more valuable, confidence-building content for the next season.Watch the episode on Youtube hereFor more Friends That Invest:Stock Market Tea newsletter: build financial freedom in under 5 minutes a week. Join 115,000+ investors in training.InstagramTikTokTwitterFacebook Hosted on Acast. See acast.com/privacy for more information.",987089,False,61SIN5XouP7yzLQUKTBhV3,en,I Didn't Want to Record This,2025-11-03,,,,,
original by XER00100K LISTENS!!,166050,True,2qRVIym87jQSDQghDtdCD5,en-US,Digga d- stfu remix,2025-01-22,,,,,
"Deepen your language skills and knowledge of the French-speaking world through fascinating true stories in easy-to-follow French, with added English for context. From Duolingo, the world's #1 way to learn a language. Hosted by Ngofeen Mputubwele.",104071,False,3NSJ0iWph2VDZE7klkkLVg,en-US,Trailer Season 1,2019-06-04,,,,,
"This week, Sim shares the ultimate 7-day financial glow-up plan to help you take control of your money, build wealth, and live your dream life. From tracking your net worth and cutting back on spending to negotiating a raise and setting up automated investing, this episode breaks down a realistic step-by-step system anyone can follow. Whether you're just getting started or need a reset, this is your go-to guide to financial freedom, confidence, and long-term investing success.Watch the episode on Youtube hereFor more Friends That Invest:Stock Market Tea newsletter: build financial freedom in under 5 minutes a week. Join 115,000+ investors in training.InstagramTikTokTwitterFacebook Hosted on Acast. See acast.com/privacy for more information.",1880032,False,6XOgjpvPEfgtUxlJe0Skez,en,Best of 2025: How To Change Your Finances in 1 Week,2025-11-10,,,,,
"This week, Sim breaks down the top money habits of the most successful women, from building multiple income streams to mastering long-term financial planning. Learn how wealthy women invest early, diversify wisely, outsource intentionally, and give back generously. Whether you're in your 20s or 50s, these powerful strategies will help you create your dream life and build lasting financial freedom.Watch the episode on Youtube hereFor more Friends That Invest:Stock Market Tea newsletter: build financial freedom in under 5 minutes a week. Join 115,000+ investors in training.InstagramTikTokTwitterFacebook Hosted on Acast. See acast.com/privacy for more information.",1123369,False,0ZmZq7fobBGNlRDgWccgGa,en,Best of 2025: 7 Surprising Money Habits of Wealthy Women,2025-11-17,,,,,
"The colder months can seriously impact your motivation, mood, and energy - but they don’t have to. In this episode, I’m sharing how to shift your routines for winter so you can stay productive, energized, and emotionally grounded, even when it’s dark and cold outside. We’ll talk about what actually happens to your dopamine and circadian rhythm during the winter, and how to build practical micro-routines that keep your mood high and your habits consistent.In this episode:👉🏻 The science behind why winter affects your dopamine👉🏻 How to build better morning and night routines for darker days👉🏻 My go-to winter wellness rituals (movement, light exposure, and self-care)👉🏻 Dopamine-boosting habits that actually stick👉🏻 How I’m shifting my daily structure this season🧠 Listen for: tactical, science-backed, and realistic changes you can make now to feel better all winterTimestamps:00:00 – Intro + Housekeeping03:30 – Why Winter Impacts Motivation & Mood05:00 – How Dopamine and Serotonin Drop in Colder Months07:30 – Circadian Rhythm Disruption Explained09:00 – Why We Seek Quick Dopamine Fixes in Winter11:00 – How to Regulate Dopamine Naturally12:00 – Light Exposure Tips (and Why They Matter)15:00 – Winter Movement & Workout Adjustments20:00 – Building Routine Anchors for Structure25:00 – Everyday Dopamine Boosters + Micro Habits30:00 – How I’m Shifting My Routine for WinterBREAK YOUR BUDGET RESOURCES:💸 Personal Finance Dashboard:https://breakyourbudget.com/personal-finance-dashboard💸 Basic Budgeting Template: https://breakyourbudget.com/basic-budgeting-template💸 FI/RE Template: https://breakyourbudget.com/fire-template💸 NEW RENT VS. BUY CALCULATORhttps://breakyourbudget.com/rent-vs-buy-calculator💳 Tools + Cards I Use:Rakuten Cash Back: https://shorturl.at/w0PcHSoFi HYSA: https://wealthlink.me/michela-sofi-hysaAmEx Platinum: https://tinyurl.com/mpf7u7uyBilt Rewards: https://tinyurl.com/4kd8s33aBlue Cash Everyday: https://tinyurl.com/yrcbr2ac✅ Subscribe to Break Your Budget Weekly: https://breakyourbudget.com/newsletter📖 My Books: https://breakyourbudget.com/book👩🏼‍💻 Task Management System + Promotion Template:https://breakyourbudget.com/own-your-career-templateFREE DOWNLOADS:💸 Recession Guide: https://breakyourbudget.com/recession-guide✅ Monthly Audit Checklist: https://breakyourbudget.com/monthly-audit-checklist✍🏻 Personal Finance Starter Kit: https://breakyourbudget.com/pf-starter-kitAll Other Resources: https://breakyourbudget.com/links👩🏼‍💻 Inquiries: michela@breakyourbudget.com📸 Instagram: https://www.instagram.com/breakyourbudget/📲 Tiktok: https://www.tiktok.com/@breakyourbudget📸 Instagram: ⁠⁠https://www.instagram.com/michela_alloccaa💸 Break Your Budget LTK: https://www.shopltk.com/explore/MichelaAllocca/💸 My ShopMy: https://shopmy.us/shop/michelaallocca",2064136,False,0Ual29EKQuf99iI2kWg8xZ,en,135. The Science of Dopamine in the Winter + My Routine Shifts That Actually Work,2025-11-12,,,,,
10/10 song review,162120,True,1IbVSVFMwgz8UabmjFOVL5,en-US,maybach-Lil Uzi,2024-05-26,,,,,
"This week, Sim shares her top five takeaways from reading over 50 must-read investing and money books, including Andrew Wilkinson's Never Enough and Felix Dennis's How to Get Rich. From the ""buy, don't build"" philosophy to embracing risks while young, this episode is packed with practical advice, surprising insights, and inspiring stories to help you achieve financial freedom. Discover why burnout isn’t a wealth strategy and how to make your rich girl era a reality.Watch the episode on Youtube hereFor more Friends That Invest:Stock Market Tea newsletter: build financial freedom in under 5 minutes a week. Join 115,000+ investors in training.InstagramTikTokTwitterFacebook Hosted on Acast. See acast.com/privacy for more information.",1038288,False,6Nccz2nL1c9fQvFWXhUqI9,en,Best of 2025: I Read 50 Finance Books - Here’s What Will Make You Rich,2025-11-24,,,,,
"real change happens over years, not months. be patient, find things that feel easy for you to do. the more momentum you can build in your life, the more evidence you'll have that you're doing something right.https://linktr.ee/thezurkieshow",1333268,False,0tbhz92zKd2CZvfCoZcnAr,en-US,why most people never see change,2025-02-13,,,,,
"create friendships, memories and mistakes.make more lore.sending you lots of love and peaaaaaaaace!https://linktr.ee/thezurkieshow",805332,False,6L4zKB7fzV6jDmffqewmW1,en-US,your life needs more lore,2025-11-30,,,,,
if you can't accept the worst parts of someone...then you don't love them.sending you all lots of love and peaaaaaaaaaaaace!https://linktr.ee/thezurkieshow,1275902,False,3NSE6R9ioEdiCgME7VwTgy,en-US,you fell for who they could be,2025-11-12,,,,,
it's better to have an uncomfortable conversation than trying to keep something that was never meant to work.but stop lying to yourself.you don't need to reciprocate love if you don't feel it.sending you all lots of love and peaaaaaaaaaaaace!https://linktr.ee/thezurkieshow,1155300,False,0Fi89OuPmAqPJqVLu4pgvG,en-US,you don’t have to force love,2025-12-20,,,,,
"Dr. Roger McIntyre,  Professor of Psychiatry and Pharmacology at the University of Toronto and Head of the Mood Disorders Psychopharmacology Unit at the University Health Network in Toronto, Canada, introduces us to bipolar disorders.We discuss the key clinical features of bipolar disorders, the relationship between bipolar disorders and circadian rhythm, known pathogenesis, and some first line treatment options. We also contextualize the difference between ""type I"" and ""type II"" bipolar disorder, and explore the relationship between bipolar disorder and traumatic life experiences.For more: Bipolar Disorders (Lancet Seminar)SUPPORT OUR PARTNERS:⁠SimplePractice.com/bootcamp⁠ (Now with AI documentation! Exclusive 7 day free trial and 70% off four months)⁠Oasis Psychiatry Conferences ⁠(enter code BOOTCAMP at checkout for additional 10% savings)⁠Beat the Boards⁠ (enter code BOOTCAMP at checkout for addition 10% savings)⁠CME to Go⁠ (enter code BOOTCAMP at checkout for addition 10% savings)  Learn more about your ad choices. Visit megaphone.fm/adchoices",3650690,False,7FOcOBnkKCdrKyWTvu8Ytz,en,2.7 Bipolar Disorders,2024-01-07,,,,,
is it worth fixing if you can't?is it worth being lied to over and over again?is it worth holding on to the maybe's and what if's ?no. it's not.but it's always worth a conversation.tell them how you feel.sending you all lots of loves and peaaaaaaaaaace!https://linktr.ee/thezurkieshow,1361900,False,7sfsSIMn64WnpGMJJxlZE8,en-US,you know this relationship is over,2025-12-27,,,,,
"Naval Ravikant is an entrepreneur, investor, and co-founder of AngelList.What does it mean to win at the game of life? Is it tons of wealth, pure happiness, infinite time, or a loving family? Today we explore the timeless question of what it means to truly live well.Expect to learn the true price of success, whether sacrificing your happiness is worth it, what advice Naval would give to his younger self, what the true source of unhappiness is for most people, how to overcome low self-esteem, what Naval would add to his ‘How To Get Rich’ thread, how to become comfortable being unapologetically selfish, what Naval sees as the next big trends in science and technology, his take on the escalating culture wars, how to get comfortable with death and overcoming grief, the best and worst ways to spend your wealth and much more…Sponsors:See discounts for all the products I use and recommend: https://chriswillx.com/dealsGet $350 off the Pod 4 Ultra at https://eightsleep.com/modernwisdom (use code MODERNWISDOM)Get the best bloodwork analysis in America at https://functionhealth.com/modernwisdomGet a Free Sample Pack of all LMNT Flavours with your first purchase at https://drinklmnt.com/modernwisdomGet 35% off your first subscription of the best supplements from Momentous at https://livemomentous.com/modernwisdomExtra Stuff:Get my free reading list of 100 books to read before you die: https://chriswillx.com/booksTry my productivity energy drink Neutonic: https://neutonic.com/modernwisdomEpisodes You Might Enjoy:#577 - David Goggins - This Is How To Master Your Life: https://tinyurl.com/43hv6y59#712 - Dr Jordan Peterson - How To Destroy Your Negative Beliefs: https://tinyurl.com/2rtz7avf#700 - Dr Andrew Huberman - The Secret Tools To Hack Your Brain: https://tinyurl.com/3ccn5vkp-Get In Touch:Instagram: https://www.instagram.com/chriswillxTwitter: https://www.twitter.com/chriswillxYouTube: https://www.youtube.com/modernwisdompodcastEmail: https://chriswillx.com/contact- Learn more about your ad choices. Visit megaphone.fm/adchoices",11764480,True,2KyMXeMQS0djxazcFJZaSb,en,#922 - Naval Ravikant - 44 Harsh Truths About Human Nature,2025-03-31,,,,,
"📈 Are you on track with the Baby Steps? Get a free personalized plan. Call me crazy, but babies shouldn’t have credit scores . . . and neither should mom or dad. In this episode, find out why this viral hack is a bad idea and what you can do instead to help the next generation be smart with money. Next Steps:• 🎥 Watch my video I Have Zero Credit and Tried Renting an Apartment.• 📙 Listen to my audiobook, Breaking Free From Broke.• 💵 Start your free budget today. Download the EveryDollar app!Connect With Our Sponsors:• 🔒 Get 20% off when you join DeleteMe.• 💸 Learn more about opening a high-yield savings account with Laurel Road.Explore More From Ramsey Network:🎙️ The Ramsey Show  🍸 Smart Money Happy Hour💸 The Ramsey Show Highlights🧠 The Dr. John Delony Show💡 The Rachel Cruze Show🪑 Front Row Seat with Ken Coleman📈 EntreLeadership Ramsey Solutions Privacy Policy Learn more about your ad choices. Visit megaphone.fm/adchoices",788970,False,3fVPHuNlfTGPoqundk2FeC,en,"This ""Credit Hacking"" Trend Is Risky",2025-04-25,,,,,
"My guest is Dr. Christopher Gardner, Ph.D., professor of medicine and director of nutrition studies at Stanford. He is known for his pioneering research on the impact of dietary interventions on weight loss and health. We compare ketogenic, vegetarian, vegan and omnivorous diets—and why there is no one-size-fits-all approach. All agree, however, that eliminating or dramatically reducing processed foods is best for health. We discuss the protein needs controversy; plant vs. animal proteins; the importance of fiber and low-sugar fermented foods for gut health and inflammation; and how diet affects gene expression. We also review food allergies—including gluten, wheat, dairy and soy—as well as raw dairy. The episode offers data-supported advice for healthier eating. Read the episode show notes at hubermanlab.com. Thank you to our sponsors AG1: https://drinkag1.com/huberman Eight Sleep: https://eightsleep.com/huberman Mateina: https://drinkmateina.com/huberman BetterHelp: https://betterhelp.com/huberman LMNT: https://drinklmnt.com/huberman Levels: https://levelshealth.com/huberman Timestamps 00:00:00 Christopher Gardner 00:02:32 Is there a Best Diet?, Individual Needs, Geography & Diet, Lactose 00:11:02 Sponsors: Eight Sleep & Mateina 00:13:49 Raw Milk, Lactose Intolerance 00:20:33 Wheat Allergies, Gluten Intolerance; Celiac Disease 00:25:12 Processed Foods, Food Dyes, Research Outcomes, NOVA Classification, GRAS 00:33:44 Processed Foods, Economic & Time Considerations, US vs European Products 00:39:59 Food Industry Funding, Investigator Influence, Equipoise, Transparency 00:50:10 Sponsors: AG1 & BetterHelp 00:53:11 Industry Funding, National Institute of Health (NIH) 00:56:41 Whole Food, Plant-Based Diet; Diet Comparison, DIETFITS, A TO Z Study 01:10:24 Nutrition Naming, Omnivore, Meat, Animal Feeding Operations (CAFO) 01:17:14 Transforming American Diet; Taste, Health & Environment 01:22:26 Sponsor: LMNT 01:23:43 Food Preparation, Chefs, Improve School Food 01:29:54 Scalability, Mega-Farms, Small Farm & Farmer Loss 01:34:25 Protein Requirements, Dietary Protein Recommendations, Standard Deviations 01:45:33 Protein & Storage 01:52:12 Plants & Complete Proteins?, Legumes, Bioavailability 02:01:58 Sponsor: Levels 02:03:17 Beyond Meat, Impossible Meat, Ingredients, Sourcing Meat, Salt 02:09:18 Vegan vs Omnivore Diet, Twin Study, Cardiometabolic Markers, Genes, Microbiome 02:20:24 Health Science Communication, DEXA; “Protein Flip” Diet; Food Patterns, Caloric Intake 02:31:29 Microbiome, Inflammation, Fiber, Tool: Low-Sugar, Fermented Food 02:45:32 Acknowledgements 02:47:55 Zero-Cost Support, YouTube, Spotify & Apple Follow & Reviews, Sponsors, YouTube Feedback, Protocols Book, Social Media, Neural Network Newsletter Disclaimer & Disclosures Learn more about your ad choices. Visit megaphone.fm/adchoices",10228394,False,6eZojsyYGLG0LvNi310mOI,en,How Different Diets Impact Your Health | Dr. Christopher Gardner,2025-05-12,,,,,
"In Kentucky, emotions ran high as the jury returned a verdict in the Crystal Rogers murder case a decade after she disappeared. In Iowa, Snapchat messages take center stage at the trial of a woman accused of murdering her husband. Closing arguments in the murder trial of MLB pitcher Dan Serafini and a sentencing date for Sean Diddy Combs. Plus, Josh Mankiewicz tells us what it was like reporting on the missing person’s case of someone he might actually have met. Find out more about the cases covered each week here: www.datelinetruecrimeweekly.com Learn more about the Nancy Snow case and Season 4 of Missing in America: https://www.nbcnews.com/dateline/cold-case-spotlight/nancy-snow-mysterious-annapolis-disappearance-rcna178477 Hosted by Simplecast, an AdsWizz company. See pcm.adswizz.com for information about our collection and use of personal data for advertising.",1694484,False,3SfTtvpPR7hVY9yo12lIgf,en,"A verdict in Kentucky's ""trial of the decade."" Snapchat messages on the stand. Plus, Josh Mankiewicz drops by.",2025-07-10,,,,,
"Craig talks about show and tell, getting beat up, and which produce flies the farthest.Get your tickets now for The Woopsie Daisy Tour! - https://punchup.live/craigconantLomita Man Merch Out Now!- https://www.craigconantstore.comFollow Craig!TikTok - https://tiktok.com/@craigpconant/IG - https://instagram.com/craigpconant/Facebook - https://www.facebook.com/craigpconant/Merch - https://craigconantstore.com/ Business Plugs: Need a natural, holistic facial or some Ayurvedic healing?Contact Cynthia at Ritual Skin and Soul:https://instagram.com/livecynplyayurveda/https://instagram.com/ritualskinandsoul/Check out Brian Johnson's Art! He did the 3 Skeletons Skateboards + The New Podcast Studio: https://www.instagram.com/brianjohnsonstudios/Aztlan Herbal Remedies - https://www.aztlanherbalremedies.com/Kettlebells South Bay - https://www.instagram.com/kettlebellssouthbay/PV Coin Exchange - https://palosverdescoinexchange.com/Deadlight Visions Graphic Design - https://instagram.com/deadlightvisions/Donny Honcho's Healthy Pet Products - https://linktr.ee/localdogdaddySwank Hank's Handmade EDC - https://swankhanks.com/Glitch Pudding, Acrylic Artist - https://instagram.com/glitchpudding/Hoobs Glass Art - https://www.hoobsglass.net/The Pet's Choice Animal Groomers - https://www.instagram.com/thepetschoice_wilmington.ca/Craig's Holistic Doctors:Dr. Jay - https://www.instagram.com/100yearsjay/PBC Health - https://www.instagram.com/pbchealthwellness/Healing/Hustling Links:Louise Hay - https://youtu.be/lz16YqpWkz4Wayne Dyer - https://youtu.be/44ImQV46lF4Change Your Thoughts, Change Your Life - https://youtube.com/watch?v=14JxE7i0EPcLouise Hay Sleep Meditation - https://www.youtube.com/watch?v=Mz8bHR4o7E0Emmet Fox - Prayer Is Not A Way Of Asking, But Of Receiving - https://youtu.be/Tf4yVNtMOgw?si=fQGIg-SGgbF8nBuSRobert Kiyosaki - Liabilities to Assets - https://youtube.com/watch?v=A8vD_XO0vUUCraig's favorite healers:Esther Hicks (AKA Abraham Hicks)Joe DispenzaBruce LiptonDr. SebiAlso shout out to these light workers giving out that lost knowledge:Dr. Delbert BlairDolores CannonSantos Bonnaci",4075605,True,1tETHFypTaK0byqzcT5PCF,en,Potatoes in the Sky,2025-08-05,,,,,
"What is Kathryn Hahn's Last Meal? She joins Chef Josh as the two talk about what it was like to grow up in Cleveland, funny parents, and the vulnerability in acting. They play a rousing game of ""Who Said This: Lily (her character in The Studio) or Nietzsche?"" while salivating over a Salisbury Steak TV dinner, buttered toast, and greek salad, all watered down with a Shirley temple. The pair dive deep into Kathryn's characters, the plotting of actor Adam Scott's death, and even the Swedish art of Death Cleaning. *No actors were harmed during this episode.*For more Chef Josh and Mythical Kitchen, check out @mythicalchefjosh and @mythicalkitchen.",2294506,False,0MgHlaJyLvpyN6bf422Wva,en,Kathryn Hahn's Last Meal,2025-09-04,,,,,
"[video available on spotify] welcome back to advice session, a series here on anything goes where you send in your current dilemmas, or anything you want advice on, and i give you my unprofessional advice. today, we’re talking about exes again. eBay is the place for pre-loved and vintage fashion.  Members save up to 20% on hotels at Hotels.com Learn more about your ad choices. Visit podcastchoices.com/adchoices",1958910,False,3Mn3UwOQqCbAh9SeBQgIkW,en,"haunted by your ex, advice session",2025-09-14,,,,,
"In ANOTHER special episode, NOTB cohost, YouTube legend, and Pierre's cousin, Kenny Beecham joins the show for a discussion on all things life. Chapters0:00 - Intro1:50 - First impressions of Darrick and Mike6:00 - High school days14:10 - Friendship18:00 - Origins of Kenny Beecham34:00 - YouTube46:48 - Why start the podcast?55:54 - Transitioning into a leadership role1:08:15 - Eye for content01:14:10 - Financial freedom 01:21:16 - Fan Questions01:42:56 - Quick hitters01:46:25 - Health Follow T'd Up on Social:TikTok - / enjoytdup IG - / enjoytdup X - https://x.com/EnjoyBBall Hosted by Simplecast, an AdsWizz company. See pcm.adswizz.com for information about our collection and use of personal data for advertising.See omnystudio.com/listener for privacy information.",7482972,False,1sdNFFBmdkypbwhUp6GowC,en,Story Time with Kenny Beecham,2025-08-21,,,,,
"Exploring the history and theories behind the case of the ""missingest"" man in New York, the Disappearance of Judge Joseph Crater. Support us directly: https://www.redwebpod.com In the 1930s, New York City was a political powerhouse, but in a world of secrets, bribery, and corruption, it seems no one is safe. As was the case, when a New York Supreme Court Justice vanished without a trace, tilting the city on its axis. Once considered the “missingest man in New York”, today, we’re investigating the disappearance of Judge Joseph Crater. Sensitive topics: suicide, murder Our sponsors: Mint Mobile - Make the switch to Mint Mobile at https://mintmobile.com/redweb. Factor - Eat smart at https://factormeals.com/redweb50off and use code super50off to get 50% off your first box, plus Free Breakfast for 1 Year. Learn more about your ad choices. Visit megaphone.fm/adchoices",3827669,False,1j3Jh6d3UEiQqr0x0xlCqP,en,"Disappearance of Judge Joseph Crater | The ""Missingest"" Man in American History",2025-09-22,,,,,
"Get your Plaud Note Pro Today! Use the code CALEB to get up to $10 off with selected Plaud products: https://bit.ly/462pMfp  ▶ wowwww she has been sending money to her family behind his back, and he has NO IDEA- it all comes out in the post show, and it's wild, watch here: https://www.youtube.com/channel/UCLe_q9axMaeTbjN0hy1Z9xA/join  ▶▶ *FREE TRIAL* To make our classes and budgeting app *more affordable*, we bundled them together for an *80% DISCOUNT* and for this month only, you can try DollarWise Central for *free* - check it out here and change your life: https://dollarwise.com/dollarwise-central/  ▶▶▶Download the *DollarWise Budgeting App* today: *Apple:* https://apple.co/4iChGhr *Google Play:* https://bit.ly/sb-googleplay Don't overcomplicate this crap! All you need is an automated / SIMPLE budget.  ▶▶▶▶ *AND REMEMBER* those who sign up for DollarWise Premium *annual* get a signed version of the Cook Book,  just submit proof of purchase here: https://tally.so/r/3xzPq5  Use Yrefy to refinance your private student loans today at: https://yrefy.com/hammer or call (888) Yrefy-78  🔥 Sleep better and wake up refreshed with the Eight Sleep Pod 5! 💤 Get $350 OFF the Pod 5 Ultra or $200 OFF the Pod 5 Core when you use code HAMMER at checkout: 👉 https://www.eightsleep.com/hammer The Pod 5 uses advanced cooling, heating, and sleep tracking technology to optimize your rest every night. Upgrade your sleep game today!  Try it FOR FREE at this exclusive web address: http://ZipRecruiter.com/caleb  ___________________________________________ ▶EDUCATION:  1. Get your own free Hammer Financial Score: https://www.calebhammer.com  2. Get all of my educational programs for a much lower cost here, including the premium version of my budgeting app: https://dollarwise.com/dollarwise-central/  Learn more about your ad choices. Visit megaphone.fm/adchoices",5947178,False,2SZYVw9jB5CCCyNLZPWvlo,en,"$426,000+ A Year On Pokémon | Financial Audit",2025-09-22,,,,,
"Jason Bateman (Arrested Development, Silver Spoons, Juno, Ozark) is an American actor, director, producer and longtime friend of the Armchair Expert. Jason sits down with Dax to discuss tales of sobriety, parenthood and the formula for a deadpan delivery. Jason reveals his many idiosyncrasies and Dax credits Jason for proposing to Kristen. The two of them chat about their mutual ex-scumbaggery, they reminisce on Dax's nude scene in This is Where I Leave You and Dax defends his unique style of wiping his butt.       See Privacy Policy at https://art19.com/privacy and California Privacy Notice at https://art19.com/privacy#do-not-sell-my-info.",8763115,True,0gYTKAy1l4e9YgmHBGIpRT,en,Jason Bateman,2018-08-27,,,,,
"Neal Brennan interviews Jason Biggs (American Pie, Loser, Saving Silverman and much more) about the things that make him feel lonely, isolated, and like something's wrong - and how he is persevering despite these blocks.   00:00 Intro 2:00 Is acting safe for kids? 8:00 Early acting career 11:20 American Pie: The Pie Scene 18:50 How his life changed post-American Pie 29:30 Partying 31:26 Sponsor: BetterHelp 33:32 Sponsor: Huel 36:10 Transition from ensemble star to leading man 41:20 Being typecast 46:45 OCD, Zoloft & Mental Health 51:52 Drinking and drugs 57:10 Twitter 58:40 Addiction 1:03:47 Sponsor: Rag and Bone 1:06:13 Sponsor: Modern Mammals 1:07:32 Getting sober 1:21:00 How he’s changed ---------------------------------------------------------- Follow Neal Brennan: https://www.instagram.com/nealbrennan https://twitter.com/nealbrennan https://www.tiktok.com/@mrnealbrennan  Watch Neal Brennan: Crazy Good on Netflix: https://www.netflix.com/title/81728557  Watch Neal Brennan: Blocks on Netflix: https://www.netflix.com/title/81036234  Theme music by Electric Guest (unreleased).  Edited by Will Hagle (wthagle@gmail.com)   Sponsors:  This episode is sponsored by BetterHelp. Give online therapy a try at https://www.betterhelp.com/neal and get on your way to being your best self.  Visit https://www.rag-bone.com and use promo code NEAL for 20% off.  Visit https://www.huel.com and use promo code NEAL for 15% off for new customers.  Visit https://www.modernmammals.com  Sponsor Blocks: https://public.liveread.io/media-kit/blocks  Learn more about your ad choices. Visit megaphone.fm/adchoices",5812074,False,1PNpdA1BI3ZAia7NAoaeYq,en,Jason Biggs,2025-10-02,,,,,
Support the D.A.W.G.Z. @ patreon.com/MSsecretpod Support Skrilla @ https://inskrillawetrust.com/  Go See Matt Live @ mattmccusker.com/dates Go See Shane Live @ shanemgillis.com Go See Nate Live in ATL @ https://atlanta.heliumcomedy.com/shows/328915 Come to Optimum Noctis Every Month at the Creek in ATX https://www.creekandcave.com/events/optimumnoctis  Yo0o0o. Sorry for the lateness. We're here. Philly legend Skrilla joins the D.A.W.G.Z. this week. Six Sevennnnnnn. He's the man go see him on tour. Please enjoy. God Bless.    Visit https://prizepicks.onelink.me/LME0/DRENCHED and use code DRENCHED and get $50 in lineups when you play your first $5 lineup!  Try ZipRecruiter FOR FREE at https://www.ziprecruiter.com/mssp Learn more about your ad choices. Visit podcastchoices.com/adchoices,3184426,False,2o8FExwS6YXUZEGudlsyn7,en,Ep 580 - Skrilla (The 67 God) ,2025-10-11,,,,,
"On this episode of the Colin and Samir Show, we break down the microdramas, the 1-minute movies that are making billions.  Check out Epidemic Sound: https://share.epidemicsound.com/colinandsamirSEP25 Use code COLINANDSAMIR for 50% your first two months  Learn more about your ad choices. Visit megaphone.fm/adchoices",2740419,False,1LMjUt7lcvc6LmAbqtmTEv,en,The Highly Addictive World of Chinese Micro-Dramas,2025-09-17,,,,,
"The GOAT himself, Tom Brady, joins the Dudes for an unforgettable episode! From how the NFL has turned into ""Flag Football"" to behind-the-scenes stories about Brady’s classic games, relationships with the Mannings, Drew Brees, & other legends. Plus, Brady's passion for collecting sports memorabilia and fatherhood.  Then, the Dudes bring back their fan-favorite voicemail segment with some of the funniest questions yet. Drop your thoughts in the comments — who should join the show next? If you have any question or hot takes feel free to call the hotline: 972-805-8866  What to do now:  1. Smash that LIKE button  2. Hit SUBSCRIBE so you never miss a DP podcast moment  3. Drop a comment with who YOU want to see on Almost Athletes next!  Subscribe for more!    https://www.youtube.com/@almostathletespodcast      • • • •  Almost Athletes with Dude Perfect is (almost) a sports podcast. Tune in weekly to hear the dudes’ hottest sports takes, great debates, interviews with your favorite athletes and entertainers, and hilarious BTS from all things Dude Perfect.   New episodes drop every Wednesday.   Follow along on all platforms.    Listen to the pod on your morning commute or wherever it finds you: Apple: - https://podcasts.apple.com/us/podcast/almost-athletes-with-dude-perfect/id1834502483 Spotify: - https://open.spotify.com/show/55gaQm31JIbp6td7QtYsPU?si=6423db3118ac497f  Follow Almost Athletes to keep up with the Dudes!: https://www.instagram.com/almostathletes https://www.tiktok.com/@almostathletes https://x.com/almostathletes_ Learn more about your ad choices. Visit megaphone.fm/adchoices",5108779,False,3e0NMGj9YDl5SBXMs4MalQ,en,"Tom Brady x Dude Perfect on NFL Going Soft, Relationship with Eli & Peyton Manning, & Playing Angry",2025-10-22,,,,,
"Not even gonna lie I cant believe this mf graduated bro-chainsfr, chainsfr on spotify, chains stories, chainsfr stories, chains podcast",9084924,True,3l1YXVDkfMOtWIzlbCTsqy,en,ChainsFRs Craziest School Experiences,2025-10-13,,,,,
"Miguel brings both order and chaos to Open Thoughts, acting out a fight scene with Marco, giving callers music advice, and even performs an original song.    PLEASE MAKE SURE TO SUBSCRIBE & TURN ON POST NOTIFICATIONS SO YOU WON'T MISS ANYTHING Learn more about your ad choices. Visit megaphone.fm/adchoices",2044006,True,40H9KLnpB9yCeTSpFAaV6w,en,"Miguel Fights Marco Over Drinks, Talks Stealing Suits, Making New Music & More | Open Thoughts S2",2025-10-28,,,,,
Support the D.A.W.G.Z. @ patreon.com/MSsecretpod  Go See Marcus & the Band Live @ https://www.marcuskingofficial.com/tour/ & listen to the new album 'Darling Blue'  Go See Matt Live @ mattmccusker.com/dates Go See Shane Live @ shanemgillis.com Go See Optimum Noctis if you want @ https://www.creekandcave.com/events/optimumnoctis  Hello0o0o0o0. We got the D.A.W.G. Marcus King with Matt this week for you. Marcus is the man you gotta go see him when he comes to your town. Also listen to his new album 'Darling Blue'. He's a beast. Please enjoy. God Bless.   Try ZipRecruiter FOR FREE at https://www.ziprecruiter.com/mssp  This video is sponsored by BetterHelp. Visit BetterHelp.com/MSSP  Visit https://prizepicks.onelink.me/LME0/DRENCHED and use code DRENCHED and get $50 in lineups when you play your first $5 lineup! Learn more about your ad choices. Visit podcastchoices.com/adchoices,3580586,False,0rlESiQNFcXlSVnoTcMzhl,en,Ep 584 - The Buzz Man (feat. Marcus King),2025-11-04,,,,,
"Get MORE Bad Friends at our Patreon!! https://www.patreon.com/c/badfriends   Thank you to our Sponsors: Dominos Pizza, Dupe, TalkSpace, Ridge Wallet & Shopify • Dominos Pizza: Order now at https://dominos.com  • Dupe: Stop overspending on brand names and start saving on holiday gifts with https://Dupe.com immediately • TalkSpace: Get $80 off your first month with promo code SPACE80 at https://Talkspace.com    • Ridge Wallet: Take advantage of Ridge’s Biggest Sale of the Year and GET UP TO 47% Off  by going to https://www.Ridge.com/BAD  #Ridgepod • Shopify: Sign up for your $1 per month trial and start selling today at https://shopify.com/badfriends   YouTube Subscribe: http://bit.ly/BadFriendsYouTube Audio Subscribe: https://apple.co/31Jsvr2 Merch: http://badfriendsmerch.com  0:00 Fancy's Back 5:00 Hot Guy Criminals 10:00 Love Letters 15:00 Can't See The Smiles 20:00 Missed Connections 25:00 Now You See Me 3 30:00 Dodgers Win World Series 35:00 Football 101 40:00 Physical 100 Asia 45:00 Tonsil Stones 50:00 NEO The Home Robot 55:00 Spreading Ashes 1:00:00 1/2 Degree Murder 1:05:00 Bobby in Prison 1:10:00 Nightmare Driver  More Bobby Lee TigerBelly: https://www.youtube.com/tigerbelly Instagram: https://www.instagram.com/bobbyleelive Twitter: https://twitter.com/bobbyleelive Tickets: https://bobbylee.live  More Andrew Santino Whiskey Ginger:  https://www.youtube.com/andrewsantinowhiskeyginger   Instagram: https://www.instagram.com/cheetosantino Twitter: https://Twitter.com/cheetosantino  Tickets: http://www.andrewsantino.com  More Fancy SOS VHS: https://www.youtube.com/@7equis Instagram: https://www.instagram.com/fancyb.1  More Bad Friends iTunes: https://podcasts.apple.com/us/podcast/bad-friends/id1496265971 Instagram: https://www.instagram.com/badfriendspod/   Twitter: https://twitter.com/badfriends_pod   Official Website: http://badfriendspod.com/  Opening Credits and Branding: https://www.instagram.com/joseph_faria & https://www.instagram.com/jenna_sunday Credit Sequence Music: http://bit.ly/RocomMusic // https://www.instagram.com/rocom  Character Design: https://www.instagram.com/jeffreymyles Bad Friends Mosaic Sign: https://www.instagram.com/tedmunzmosaicart  Produced by: 7EQUIS https://www.7equis.com/ Podcast Producer: Andrés Rosende  This video contains paid promotion. #bobbylee #andrewsantino #badfriends #sponsored #ad Learn more about your ad choices. Visit megaphone.fm/adchoices",4561131,False,3CmKmp4HgrGc2lIePQsPRB,en-US,Bobby's Missed Connections,2025-11-17,,,,,
"No.1 vulnerability expert BRENÉ BROWN exposes how shame, fear, and perfectionism secretly control your life - and reveals proven ways to unlock courage, confidence, trust, connection, and joy.Brené Brown is a world-renowned research professor who has spent over two decades studying courage, vulnerability, shame, and empathy. She is also the author of 6 #1 New York Times bestsellers, including her recently published book, ‘Strong Ground’, and hosts two award-winning podcasts on leadership and human connection.She explains: ◼️The marble jar theory that changed how Fortune 100 companies build trust◼️The 4 skill sets of courage you can train and measure◼️Why fitting in is the greatest threat to true belonging◼️How to identify your “armor” when you're afraid and drop it◼️The gratitude practice that stops catastrophising in real-time(00:00) Intro(02:34) What Made Brené Who She Is?(07:23) Parents Affecting Your View of Love(10:48) 87 Human Emotions(11:50) Why Did Brené Struggle With Self-Love and Belonging?(15:36) How Has the World Changed in the Last Two Decades?(16:23) Is Power Driven by Fear?(19:51) Four Types of Power: How to Be Successful as a Leader(22:54) Systems Theory(26:48) The Role of AI and Social Media in Shaping Society(34:39) Wisdom From Psychology and Life Experience(41:26) What Type of Connection Should People Be Looking For?(44:34) Belonging vs. Standing Alone(47:43) Making a Divisive Podcast(54:07) Pros and Cons of Curiosity(54:50) Responsibility of a Platform to Assess Guest Credibility(1:03:34) Ads(1:04:32) Importance of Vulnerability(1:09:30) Managing Fear of Vulnerability(1:18:36) Overcoming Negative Traits(1:21:06) Improving Self-Esteem(1:25:43) Four Steps to Courage(1:27:44) Building Trust With the Marble Jar Theory(1:32:47) Leaders' Misconceptions of Trust(1:35:05) Cheating(1:36:03) Ads(1:38:11) Relationship Advice(1:41:42) Losing Your Mother to Dementia(1:45:27) How Did You Deal With Grief?(1:48:40) What Are You Optimizing for Right Now?Follow Brené:Website - https://bit.ly/47rISeb LinkedIn - https://bit.ly/3Jq4T5i Instagram - https://bit.ly/49rCLt0 You can purchase Brené’s book ‘Strong Ground’, here: http://bit.ly/47gIWyJ You can listen to Dare to Lead podcast here: http://bit.ly/3WwlN56 The Diary Of A CEO:◼️Join DOAC circle here - https://doaccircle.com/ ◼️Buy The Diary Of A CEO book here - https://smarturl.it/DOACbook ◼️The 1% Diary is back - limited time only: https://bit.ly/3YFbJbt ◼️The Diary Of A CEO Conversation Cards (Second Edition): https://g2ul0.app.link/f31dsUttKKb ◼️Get email updates - https://bit.ly/diary-of-a-ceo-yt ◼️Follow Steven - https://g2ul0.app.link/gnGqL4IsKKb Sponsors:Shopify - https://shopify.com/bartlett  Pipedrive - http://pipedrive.com/CEO     Vanta - https://vanta.com/steven    Learn more about your ad choices. Visit megaphone.fm/adchoices",6654058,False,0zrPQJBDLRQSCIa9NvJEXr,en,Brené  Brown: We're In A Spiritual Crisis! The Hidden Epidemic No One Wants To Admit!,2025-11-03,,,,,
"In this special Billions Club Live concert film, Ed Sheeran takes the stage in Dublin to perform his biggest songs on Spotify—each with over 1 billion streams—plus a couple fan favorites. This special performance celebrates Ed's connection to Ireland, his impact on pop culture, his Billions Club milestones, and the fans who helped him reach them.  (00:00) Intro (01:07) Shape Of You (05:35) Thinking Out Loud (10:02) Galway Girl (12:53) Perfect (16:58) Azizam (21:37) Parting Glass  Under Exclusive Licence to Warner Music UK Limited, © 2026 Ed Sheeran Limited Learn more about your ad choices. Visit podcastchoices.com/adchoices",1434816,False,6VilGoQWPjCoBLBmzm1b5U,en,Billions Club Live with Ed Sheeran: A Concert Film,2026-01-22,,,,,
"How did ancient Egyptians achieve mind-blowing precision in their stone vessels—thousands of years before modern technology? Dr. Max Fomitchev-Zamilov, scientist and founder of Maximus Energy, joins us to break down his latest research paper, Astonishing Precision of Predynastic Egyptian Stone Vessels: A Metrological Study.We dive deep into the results of cutting-edge 3D scans, theimplications of his findings, and the next steps in uncovering the truth about these enigmatic artifacts. Could an advanced ancient technology be hiding in plain sight? Could nuclear machines have played a role? And what does this mean for our understanding of ancient megalithic sites? Follow Matt Beall Limitless: https://x.com/MattbLimitlesshttps://www.tiktok.com/@mblimitlesshttps://www.instagram.com/mattbealllimitless/https://www.facebook.com/people/Matt-Beall-Limitless/61556879741320/ Listen on: YouTube: https://www.youtube.com/@mattbealllimitless Rumble: https://rumble.com/c/c-6727221 Patreon: https://www.patreon.com/c/MattBeallLimitless Check out Dr. Max Fomitchev-Zamilov:https://x.com/MaxZamilovhttps://www.youtube.com/@MaximusEnergyhttps://www.researchgate.net/profile/Max-Fomitchev-Zamilovhttps://www.linkedin.com/in/maximusenergy/ Episode Links:https://maximus.energy/index.php/2025/01/03/astonishing-precision-of-predynastic-egyptian-stone-vessels-a-metrological-study/https://www.nature.com/articles/s41598-019-53296-xhttps://maximus.energy/ Episode Timeline:00:00 Introductions11:56 Ben & Russ Vase Scan35:32 Vase Report Review1:32:45 Report Summarized1:40:00 Next Steps2:01:50 Nuclear Machine Hypothesis2:17:56 Ancient Megalithic Sites2:33:26 ClosingThe views and opinions expressed on this podcast are not necessarily the views of the host or of any business related to the host.",9342163,False,2s5yHpzNiAvdnWZXnE2e5Z,en,Impossible Precision: A Scientific Study of Ancient Egyptian Stone Vessels | #45 Dr. Max Fomitchev-Zamilov,2025-03-20,,,,,
"Joey Diaz is a standup comic, actor, and author. He's the host of ""The Church of What's Happening Now,"" and the author of ""Tremendous: The Life of a Comedy Savage.""www.youtube.com/@JoeyDiazwww.joeydiaz.net50% off your first box at https://www.thefarmersdog.com/rogan!Try ZipRecruiter FOR FREE at ziprecruiter.com/rogan Learn more about your ad choices. Visit podcastchoices.com/adchoices",10205396,True,4JuhEH2GFE8dtVkMX5tBgy,en,#2309 - Joey Diaz,2025-04-23,,,,,
"On this week’s episode of The Stride Report Podcast, Garrett breaks down a flurry of major transfer moves shaking up the NCAA distance scene. Where could Solomon Kipchoge end up after hitting the transfer portal? What about Leah Stephens? Meanwhile, Virginia and Colorado bring in a major haul of names while NC State and UNC both see big-time talents come and go. Tune-in for full analysis, team breakdowns and early analysis as the offseason transfer dominoes begin to fall. Be sure to listen, subscribe and review!(2:43) Solomon Kipchoge Enters Transfer Portal(8:22) Leah Stephens Leaves NC State(15:11) Virginia Brings in Huge Transfer Class(24:18) NC State Brings in Trio of Women(31:32) Colorado Brings in Quartet of Women via Transfer(37:14) How Will UNC Replace Strand & Wolfe?(43:33) Vera Sjoberg Transfers to UNC➤ Presented by The Stride Report 🔵thestridereport.com⁠➤ Instagram 📸https://www.instagram.com/thestridereport/➤ TikTok ♪https://www.tiktok.com/@thestridereport➤ Twitter / X 🧵https://x.com/TheStrideReport➤ Threads 🪡https://www.threads.net/@thestridereportPodcast Production via Wyatt Barnsley Hosted by Simplecast, an AdsWizz company. See pcm.adswizz.com for information about our collection and use of personal data for advertising.",2967745,False,2ADLxD8PaWytDGtIEex7pl,en,"Did a Future NCAA Title Threat Just Enter the Transfer Portal? Plus, Massive Transfer Hauls from UVA & Colorado!",2025-07-01,,,,,
"We can’t hop in a time machine and set it to a specific year…yet. But what if we can unwittingly slip through time, briefly, to another year – with no control over when or where it happens? There have been multiple documented cases of alleged time-slips, and strangely, many of them have occurred in Europe.  Keep up with Conspiracy Theories! YouTube: ⁠@ConspiracyTheoriesPodcast⁠ Instagram: ⁠@theconspiracypod⁠ TikTok: ⁠@conspiracy.pod Learn more about your ad choices. Visit podcastchoices.com/adchoices",2464768,False,4gLRjrnK1tjcS0aI56WkP7,en,Time-Slipping Through Europe,2025-07-23,,,,,
"4 Scary Appalachian Horror Stories For A Dark Summer NightLinktree: https://linktr.ee/its_just_creepyStory Credits:►Sent in to https://www.justcreepy.net/Timestamps:00:00 Intro00:00:18 Story 100:16:29 Story 200:31:14 Story 300:50:30 Story 4Music by:►'Decoherence' by Scott Buckley - released under CC-BY 4.0. www.scottbuckley.com.auhttps://www.youtube.com/watch?v=wM_AjpJL5I4&t=0s► Myuu's channelhttp://bit.ly/1k1g4ey ►CO.AG Musichttp://bit.ly/2f9WQpeBusiness inquiries: ►creepydc13@gmail.com#scarystories #horrorstories #appalachianfolklore #appalachianmountains #deepwoods 💀As always, thanks for watching! 💀",3972628,False,3m7fOCHkbrKsQl2hW8z4IV,en,4 Scary Appalachian Horror Stories For A Dark Summer Night,2025-07-23,,,,,
"Watch the 2025 Beer Mile World Classic here: https://youtu.be/Fk1cCojVFS4The 11th annual Beer Mile World Classic in Lisbon, Portugal did not disappoint. Corey Bellemore returned to break his own world record in the sweltering heat and five additional national records were also set in this race. ",196010,False,1aYohAN52FG9lhi96I0vzH,en,Corey Bellemore after his 4:27 Beer Mile World Record at the 2025 Beer Mile World Classic,2025-08-01,,,,,
"Join us as we start the very first episode of the History of the Bible Podcast! Although the Garden of Eden isn't seen today, could it have been seen in ancient times? This episode will take an examination of the roadmap that the Bible gives of the location of the Garden and its whereabouts!   To give feedback on The History of the Bible Podcast click the link (https://forms.gle/AtzUReJ8gLuFYPaP8). Let us know how this podcast has impacted you or someone you know click the link (https://forms.gle/jr4EdGsqCaFk4qZm8)! If you believe that incorrect information has been presented, please let us know (https://forms.gle/PiMMkPnJFaa4j5p37).  Follow us @NikaoProductions Source",1453976,False,5p3h1sxdAiycZUTCltXW4Q,en-US,Ep.1 In the Beginning,2021-01-01,,,,,
"What happens after Adam and Eve are exiled from the Garden of Eden? Come and listen to the episode that explores the very first death of not only an animal, but of a human being as well! And just who was there to marry for the children of Adam and Eve? Join us we explore this and much more!   To give feedback on The History of the Bible Podcast click the link (https://forms.gle/AtzUReJ8gLuFYPaP8). Let us know how this podcast has impacted you or someone you know click the link (https://forms.gle/jr4EdGsqCaFk4qZm8)! If you believe that incorrect information has been presented, please let us know (https://forms.gle/PiMMkPnJFaa4j5p37).  Follow us @NikaoProductions Source",1448490,False,6Db4Qlza2kQWo3wQsVr1Kg,en-US,Ep.2 My Brother Who?,2021-01-01,,,,,
FOX Sports’ lead College Football analyst Joel Klatt kicks off Draft season with his first Mock Draft of the year. Klatt predicts a huge trade to shake up the top of the Draft as a team moves up to land one of the premier QB’s in the draft: Shedeur Sanders or Cam Ward. He also finds landing spots for 2-way star Travis Hunter and 4 Michigan players inside the Top 25 picks. The Dallas Cowboys solve a major issue as one of the best players in the Draft falls to them at #12. Ohio State is represented in the first Mock Draft as 3 Buckeyes are taken in Round 1. Joe Burrow adds a new target to his Bengals offense while the Bills pick up a potential game-wrecker as they continue to chase Patrick Mahomes and the Chiefs in the AFC. The Philadephia Eagles find a replacement for one of their potential free agent departures following their Super Bowl win.﻿0:00-2:19 Intro2:20-3:28 Joel’s Mock Draft 1.02:29-6:36 New York Giants6:37-8:09 Cleveland Browns8:10-9:29 Tennessee Titans9:30-10:27 New England Patriots10:28-13:08 Jacksonville Jaguars13:09-14:58 Las Vegas Raiders14:59-16:37 NY Jets16:38-17:26 Carolina Panthers17:27-18:26 New Orleans Saints18:27-19:51 Chicago Bears19:52-20:41 San Francisco 49ers20:42-22:01 Dallas Cowboys22:02-22:56 Miami Dolphins22:57-24:01Indianapolis Colts24:02-24:57 Atlanta Falcons24:58-25:38 Arizona Cardinals25:39-28:17 Cincinnati Bengals28:18-29:13 Seattle Seahawks29:14-30:25 Tampa Bay Buccaneers30:26-32:33 Denver Broncos32:34-34:03 Pittsburgh Steelers34:04-36:24 LA Chargers36:25-37:04 Green Bay Packers37:05-37:46 Minnesota Vikings37:47-39:19 Houston Texans39:20-40:13 LA Rams40:14-41:12 Baltimore Ravens41:13-43:23 Detroit Lions43:24-44:29 Washington Commanders44:30-45:43 Buffalo Bills45:44-46:44 Kansas City Chiefs46:45-48:10 Philadelphia Eagles48:11- 49:31 Outro Learn more about your ad choices. Visit podcastchoices.com/adchoices,2971370,False,7L0IFwAygjdhShyAxUFm2N,en,Joel Klatt’s 2025 NFL Mock Draft 1.0,2025-02-12,,,,,
"Justin, Rob, and Wos follow up their No-Power Rankings pod with the Future Power Rankings discussion. This time, they're ranking the best situations in the NBA from this point onward, excluding the Thunder, Celtics, and Cavs. Hosts: Justin Verrier, Rob Mahoney, and Wosny Lambre Producers: Isaiah Blakely and Ben CruzSocial: Keith FujimotoThis episode is sponsored by State Farm®. A State Farm agent can help you choose the coverage you need. Like a good neighbor, State Farm is there.® Learn more about your ad choices. Visit podcastchoices.com/adchoices",3721429,False,3O3II7yW5Wxgm7o5tG1cIP,en,Future Power Rankings | Group Chat,2025-03-06,,,,,
"‘Still more traitors, still more treason…""It is 1792 and France has been at war since April; it is not going well. In Paris, the Tuileries Palace has been stormed, and the royal family imprisoned. Meanwhile, tensions are rising between the main political factions of the Revolution, the Girondins and the Montagnard, led by the icy Maximilien Robespierre. The streets of Paris teem with armed young men - the Federes and the Sans-Culottes - responsible for the brutal slaughtering of the Swiss Guard earlier that year. They have arrested and imprisoned thousands of people. It is into this progressively febrile atmosphere of paranoia and fear that terrible news arrives: the Prussians, hungry for vengeance, have taken the fortress of Verdin. Rumours swirl of treason and betrayal from deep within Paris itself, and a new, chilling idea is raised to wash the city of counter revolutionaries once and for all: cleanse the prisons. So it is that on the 2nd of September, a group of Prisoners being escorted from one prison to another is stopped, and methodically hacked to death. The survivors face an impromptu tribunal before receiving the same treatment. Over the next few days, all prisoners across Paris are likewise judged, and many similarly damned and mutilated. A tide of bloodshed is rising, which will soon flood the streets of Paris, taking thousands of lives with it. Who will survive the massacre?Join Dominic and Tom for the next series of the French Revolution, as they pick up this epic story - one of the most resounding and complex historical events of all time - with arguably the most horrific episode of the whole revolution: the September massacres…EXCLUSIVE NordVPN Deal ➼ https://nordvpn.com/restishistory Try it risk-free now with a 30-day money-back guarantee!_______Twitter:@TheRestHistory@holland_tom@dcsandbrookProducer: Theo Young-SmithAssistant Producer: Tabby Syrett + Aaliyah AkudeExecutive Producers: Jack Davenport + Tony Pastor Learn more about your ad choices. Visit podcastchoices.com/adchoices",3419178,False,0tfK4qNRppD0q3i2GYOVyz,en,544. The French Revolution: The September Massacres (Part 1),2025-03-03,,,,,
Main Channel: https://www.youtube.com/c/Futcrunch,557836,False,0yA2TAfJNk6jXLyRHs9c7W,en,I Watched Mbappe's Presentation,2025-03-28,,,,,
"Tonight we explore nuclear fusion as a reaction (the fusion of atom nuclei) and as a possible source of power. I tell you about the differences with fission, the fundamental forces that hold atoms together, why fusion of light nuclei liberates energy, what plasma is, how man-made fusion devices like tokamaks work, and many other things. I hope you enjoy this sleepy science story and fall into a peaceful sleep.Welcome to Lights Out LibraryJoin me for a sleepy adventure tonight. Sit back, relax, and fall asleep to documentary-style bedtime stories read in a calming ASMR voice. Learn something new while you enjoy a restful night of sleep.Listen ad free and get access to bonus content on our Patreon: ⁠⁠⁠https://www.patreon.com/LightsOutLibrary621⁠⁠⁠Listen on Youtube: ⁠⁠⁠⁠⁠⁠⁠⁠⁠⁠⁠⁠⁠⁠⁠⁠⁠⁠⁠⁠https://www.youtube.com/@LightsOutLibraryov⁠⁠⁠⁠⁠⁠⁠⁠⁠⁠⁠⁠⁠⁠⁠⁠⁠⁠⁠⁠ ¿Quieres escuchar en Español? Echa un vistazo a La Biblioteca de los Sueños!En Spotify: ⁠⁠⁠⁠⁠⁠⁠⁠⁠⁠⁠⁠⁠⁠⁠⁠⁠⁠⁠⁠https://open.spotify.com/show/1t522alsv5RxFsAf9AmYfg⁠⁠⁠⁠⁠⁠⁠⁠⁠⁠⁠⁠⁠⁠⁠⁠⁠⁠⁠⁠En Apple Podcasts: ⁠⁠⁠⁠⁠⁠⁠⁠⁠⁠⁠⁠⁠⁠⁠⁠⁠⁠⁠⁠https://podcasts.apple.com/us/podcast/la-biblioteca-de-los-sue%C3%B1os-documentarios-para-dormir/id1715193755⁠⁠⁠⁠⁠⁠⁠⁠⁠⁠⁠⁠⁠⁠⁠⁠⁠⁠⁠⁠En Youtube: ⁠⁠⁠⁠⁠⁠⁠⁠⁠⁠⁠⁠⁠⁠⁠⁠⁠⁠⁠⁠https://www.youtube.com/@LaBibliotecadelosSuenosov⁠⁠⁠#sleep #bedtimestory #asmr #sleepstory Learn more about your ad choices. Visit megaphone.fm/adchoices",3742894,False,02thW93rxGFWlgU50ijzAR,en,Nuclear Fusion | Science Sleep Story,2025-03-30,,,,,
"50 STATES IN 50 DAYSdonate here - https://www.stjude.org/50statesWheel of Doom penalties:1. Running on fumes - You must drive until the tank says “empty.”2. Local Legend - You must share a meal with a local from the nearest town before moving on.3. Route Roulette - You must receive directions from a stranger and follow them word for word.4. Reverse Card - You must turn around the way you came and find another way to your next Airbnb.5. Detour - You are not allowed to drive on highways to the next Airbnb.6. Silent Treatment – No talking between Ryan & Haley for the entire road trip.7. Airplane Mode - You must get to your next Airbnb without your phones.8. Locked Out - You are not allowed to sleep in your next Airbnb.9. The Split** - One of you must split up and find another way to your next Airbnb.10. Red Light, Green Light** - Roll a dice — whatever it lands on, you must wait that many hours before hitting the road.11. Golden Ticket - Congratulations! You have unlocked immunity for 24 hours. It can be activated at any time.  Learn more about your ad choices. Visit megaphone.fm/adchoices",1342634,False,5Wlp6A23TWqbYA4ELESBr4,en,I Tried the Top 50 Airbnbs in America,2025-06-11,,,,,
With seyia and Poucet! Podcast to share the story!,153158,False,2pJuaDrR8DAt9qsu3r1TZg,en,Mademoiselle Noire,2025-02-09,,,,,
the last 50 seconds are silence.,209999,False,1pfEaYcBH2cPvs6Pn3e9tQ,en-US,Trouble (Frank Ocean),2026-02-07,,,,,
"Forget the epic battles and fiery tempers — in this slow, calming retelling, we explore the quieter, stranger side of the Olympian gods.☁️ What did Zeus do when he wasn’t throwing lightning?🍇 What was Aphrodite’s daily routine like in her temple?🕯️ What did divine boredom look like on Mount Olympus?This episode takes you beyond the myths — into the still moments, the forgotten details, and the oddly human habits of ancient Greek gods and goddesses.Perfect for winding down, falling asleep, or listening in the background.🎧 Soft narration📜 Gentle storytelling🌙 Mythology without the drama",12280383,False,0u2OiAKl2WPWUzcSM9zE8F,en-US,Boring Greek Myths For Sleep | What the Olympian Gods Were Really Like,2025-07-21,,,,,
"Unwind this evening with a history sleep story created to quiet your mind and guide you gently toward deep rest. Across two calming hours, the soft crackle of a warm fireplace blends with gentle storytelling — drifting through battles long past, forgotten mysteries, and the private moments of history’s most famous figures.Beneath the glow of imagined firelight, hidden truths are uncovered, questions linger, and the past unfolds at a pace meant for peace. Perfect for sleep meditation, relaxation, or simply letting go at the end of the day, the black screen ensures an undisturbed night. Allow the steady fireplace sounds and slow narration to carry you into calm, restorative sleep.",14740120,False,6sSf7KmXfQb45UITZWy3oV,en-US,Ancient Egyptians Got HIGHER Than You’d EVER Believe and more,2025-09-02,,,,,
"Step into the shadows of Tudor England—where velvet gowns concealed ruthless ambition, where whispers outweighed crowns, and where the most perilous role a woman could play… was mistress to the king.In this slow-burning journey through candlelit halls and scandal-laced courts, we uncover the untold stories of women who shaped history from the margins of power. From the overlooked Bessie Blount to the infamous Anne Boleyn, from Mary Boleyn’s quiet endurance to the subtle language of silent influence—this is no ordinary history lesson.",11873129,False,3JQMVAPHjgCQrryCecZmu2,en-US,The Forgotten Life of Royal Mistresses in Tudor England | Boring History For Sleep,2025-09-03,,,,,
"Warm breeze, palm trees, and good ol crocodiles, just some of the things you might imagine when picturing a tropical paradise, and yet I am talking about Antartica, confused? Well, I am not talking about it now but as it was millions of years ago, when earth was completely iceless, and let me tell you this is just the tip of the iceberg, pun intended",1472831,False,0EeDtwJTJ9836hTEAYx4FX,en,The Last Time Earth Was Iceless,2025-07-12,,,,,
"🐍👁️ You know Medusa—the snake-haired lady who turns people to stone. But her story is way darker (and sadder) than most people realize. From her cursed beginnings, to the drama with Athena, to her infamous showdown with Perseus, this is the whole saga of one of Greek mythology’s most misunderstood figures.Get comfy, shut your eyes, and let this ancient, tragic, and weirdly soothing tale of monsters, gods, and revenge lull you into sleep. 💤👉 Boring History For Sleep | Myths, curses, and bedtime nightmares.",14040874,False,2kqMPcQ7rrDmpCDmK76MgN,en-US,Medusa’s Tragic Life (Before She Got Snakes for Hair) | Boring History For Sleep,2025-10-06,,,,,
What Being a Princess in the Middle Ages Was ACTUALLY Like | Boring History For Sleep,14252664,False,1QN94fSBKXlsQB3xoD8Jgb,en-US,What Being a Princess in the Middle Ages Was ACTUALLY Like | Boring History For Sleep,2025-10-11,,,,,
"Discover the real story of human history in this immersive narrative. The traditional story of simple hunters, the farming revolution, and the inevitable rise of inequality is well-known. This episode argues it is time for a new one, based on new archaeological and anthropological evidence.For those seeking a deep exploration of our ancestors' complex societies, or a thought-provoking look at the roots of political freedom, this immersive narrative is crafted for you. It’s designed for deep listening – a paradigm-shifting story that challenges our most basic assumptions about human nature and hierarchy.History After Dark is entirely viewer-funded. Supporting for just a few dollars a month keeps this channel alive and gets you access to a completely ad-free experience. https://www.patreon.com/cw/HistoryAfterDarkFor those who prefer listening on the go, we are now on Spotify! https://open.spotify.com/show/6t1XIwNQgb5DUJWhn1r76w?si=f875446b35224c19Welcome to History After Dark! This is our quiet corner of the internet, where we create immersive historical narratives. If you enjoy these deep explorations of human society and thought, please:👍 Like this video – it truly helps others discover our content! 🔔 Subscribe to @historyafterdarkfilms for more deep-dive histories.We'd also love to hear from you in the COMMENTS below. Let us know which historical question or idea you think we should explore in a future episode.For a deeper understanding and for further reading, this narrative is inspired by David Graeber and David Wengrow's book, The Dawn of Everything: A New History of Humanity.In this episode, we challenge the foundations of human history. Our story begins not 10,000 years ago with farming, but 300,000 years ago, revealing Ice Age monuments built without agriculture and cities that thrived for centuries without kings. We explore the powerful indigenous critiques of European society that forced thinkers to invent the idea of ""stages"" of human evolution. We examine the archaeological evidence from Sunghir to Çatalhöyük, revealing how our ancestors consciously experimented with different social structures – creating and dismantling hierarchies with the seasons. Finally, we confront how we lost this political flexibility, and how recovering this forgotten history reveals that the inequality and hierarchy we take for granted are not inevitable.CHAPTERS / TIMESTAMPS00:00:00 Introduction: The Story We've Been Told00:03:24 The Lure of the Wild00:10:19 Listening to the Savage Critique00:18:18 Kandiaronk's Challenge00:26:36 Building the Evolutionary Cage00:33:42 The Princes of Ice00:41:48 Societies in Motion00:49:33 How We Got Stuck00:58:55 The Foragers Who Chose Their Fate01:07:32 The Three-Thousand-Year Experiment01:15:44 Freedom Farming versus Hierarchy Hunting01:25:37 Cities Without States01:32:06 Diverse Urban Paths01:41:30 The Rise of Kings01:49:25 American Experiments01:58:14 What Is a State Anyway02:07:28 Freedom's ShadowThank you for joining us! We hope you find this exploration of our human past both insightful and thought-provoking.#History #Anthropology #Archaeology #HumanHistory #Inequality #HistoryAfterDark #RelaxingHistory #DeepDive #Civilization",8186891,False,22eCLJmq52yBlSV4HhG2uf,en,Everything You Know About Early Human History is Wrong | A Bedtime History Documentary,2025-11-15,,,,,
Support the D.A.W.G.Z. @ patreon.com/MSsecretpod Support P*nties in the Mouth @ https://www.patreon.com/pitm  Go See Matt Live @ mattmccusker.com/dates Go See Shane Live @ shanemgillis.com Go See Shawn Gardini Live if you want  @  https://www.shawngardini.com/live  yo0oo00o0o0oo0o. Wutz guddy. Hope you're all having a good week. Have a hot cast for you. Fambly ep with Nathan. We talk about our time together in Nawlins and much more :) Please enjoy. God Bless.   ps lemeez does a physical and artistic little activity in the paytch this week  Visit https://prizepicks.onelink.me/DRENCHED and use code DRENCHED and get $50 in lineups when you play your first $5 lineup!  $45 off Carver Mat https://on.auraframes.com/MSSP Learn more about your ad choices. Visit podcastchoices.com/adchoices,3787754,False,2ShTcRlX18H00clRs7s3HY,en,Ep 586 - Shift Work (feat. Nate Marshall),2025-11-20,,,,,
"🏺🌊 Long before classical Greece, the Minoans ruled the seas from their palaces on Crete — building cities without walls, worshipping strange gods, and leaving behind symbols no one can fully read. They vanished without a clear ending, leaving only frescoes, ruins, and questions buried beneath ash, myth, and the sea.Tonight, close your eyes and drift through labyrinths, quiet courtyards, and sunlit harbors — into the calm mystery of a civilization that rose early, lived beautifully, and disappeared without saying goodbye.👉 Boring History For Sleep | Lost worlds, quiet ruins, and ancient secrets. 💤",14593394,False,06iQ1X6geYYwFn9ilDZrqi,en-US,Boring History For Sleep | The Secret of the Minoans 🏺🌊 (Europe’s First Lost Civilization),2025-12-22,,,,,
Learn more about your ad choices. Visit megaphone.fm/adchoices,176901,False,09IKxa6Tv1YlFpOHaZ3VeE,it,"Gunna, Drake - Pussy Power",2020-10-19,,,,,
"🌊🧊 At the end of the last Ice Age, melting glaciers released unimaginable volumes of water, reshaping continents, coastlines, and human memory itself. Massive floods carved valleys, drowned ancient landscapes, and may have inspired the world’s earliest flood myths — echoes of a catastrophe too large to forget.Tonight, drift back to a colder Earth, where ice gave way to water, shorelines vanished, and the modern world quietly began beneath rising seas.👉 Boring History For Sleep | Ice, water, and the slow end of an ancient world. 💤",15052452,False,0Nr9vbprqEjOnPiTCiqi3m,en-US,The Great Flood That Ended the Ice Age,2026-01-07,,,,,
Credit: Joe Bartolozzi (YouTube),1376966,False,1nYPsulpDjA0TtwiWfLxDQ,en-US,Joe Bart ~ Spongebob Nightshift,2025-12-29,,,,,
"Lay back and drift into the quiet world of Greek mythology, where the Titans ruled before the Olympian gods. In this slow, calm retelling, you’ll hear the full story of the ancient Titans — children of the sky god Uranus and the earth goddess Gaia.Follow their rise to power, their struggles against their father, and the great Titanomachy — the war between the old gods and the new. You’ll meet Cronus, Rhea, Oceanus, Hyperion, and the many other figures who shaped the earliest myths of the cosmos.Told softly and steadily, this episode is crafted to help you relax, unwind, and even fall asleep, while still learning the mythic tales that shaped ancient Greek thought.",14279808,False,6ksy3UoxFw7w6TvLNpG9u0,en-US,The Entire Story of the Titans | Greek Mythology | Boring History for Sleep,2025-09-30,,,,,
"Close your eyes and drift back to the cradle of civilization. In this slow, calm retelling, you’ll hear the complete story of Ancient Mesopotamia — from the first farming villages along the Tigris and Euphrates rivers to the rise and fall of powerful empires like Sumer, Akkad, Babylon, and Assyria.Discover how the earliest cities were built, how cuneiform writing began, and how Hammurabi’s code laid the foundation for law. Along the way, you’ll hear about myths, kings, wars, and daily life in a land that shaped the world as we know it.Told in a soothing, steady voice, this episode is designed to help you relax, unwind, and fall asleep while still learning about one of history’s most fascinating eras.Perfect for history lovers, curious minds, and anyone who enjoys calm storytelling before sleep.",14426070,False,3vNCyvpbxf2c36MX6TRyBz,en-US,The Entire Story of Ancient Mesopotamia | Boring History for Sleep,2025-09-28,,,,,
"Ancient Persia was one of the greatest empires in history — rich, powerful, and filled with customs that might seem shocking to us today but were perfectly normal to them. From unusual laws and strict rituals to surprising habits of daily life, Persia’s world was at once strange and fascinating.Told slowly and gently, this story is not about excitement or drama, but about the quiet rhythms of a world that feels both distant and oddly familiar. Perfect for late-night listening, when the past becomes a soft background for rest.",13362991,False,2bbXLKxHfpNlfLCjM8xOQg,en-US,Ancient Persia’s Weirdest Daily Habits | Boring History for Sleep,2025-09-27,,,,,
"It wasn’t just silk gowns and palace gossip. Behind the golden screens of the Forbidden City, concubines lived lives filled with strict rules, endless rituals, secret alliances, and dangerous power games. From learning how to serve the Emperor to battling jealousy and plotting survival, every hour of their day was scripted — and one wrong move could mean exile or worse.In this video, we uncover the truth about their daily routines, the hidden hierarchy inside the harem, and the shocking realities history books often leave out. Expect drama, politics, and a glimpse into one of the most mysterious worlds of Ancient China.👑 If you thought palace life was glamorous, think again.",11453032,False,0DywzwSZNo9K3as4ArPp7e,en-US,What Did Ancient China C0ncubines Actually Do All Day and more,2025-09-15,,,,,
"Drift into the night with a soothing two-hour sleep story designed to quiet your thoughts and guide you into deep, restful slumber. Set against the gentle crackle of a cozy fireplace, the soft-spoken narration weaves together vivid tales of war, forgotten moments from history, and the untold truths of legendary figures. You’ll wander through unresolved mysteries and reflect on extraordinary events of the past — all bathed in the warm, flickering glow of firelight. With a simple black screen to keep distractions away, it’s perfect for meditation, nighttime relaxation, or drifting off in peace. Let the steady rhythm of the flames and the calm storytelling carry you to the edge of dreams.How Bedouins Survived Extreme Desert Heat and more",11419155,False,5a1FJLnbnl1QRnfdChgi0S,en-US,Boring History For Sleep | How Bedouins Survived Extreme Desert Heat and more,2025-08-15,,,,,
"Drift into the night with a soothing two-hour sleep story designed to quiet your thoughts and guide you into deep, restful slumber. Set against the gentle crackle of a cozy fireplace, the soft-spoken narration weaves together vivid tales of war, forgotten moments from history, and the untold truths of legendary figures. You’ll wander through unresolved mysteries and reflect on extraordinary events of the past — all bathed in the warm, flickering glow of firelight. With a simple black screen to keep distractions away, it’s perfect for meditation, nighttime relaxation, or drifting off in peace. Let the steady rhythm of the flames and the calm storytelling carry you to the edge of dreams.Step into a secret chapter of history, where Ancient Egyptian rituals blurred the lines between sacred and s3xu4l. The Pharaoh was more than a ruler — he was a living god, whose intimate desires shaped ceremonies, politics, and even the journey to the afterlife. In this gentle, sleep-inducing tale, you’ll uncover the hidden truths of divine incest, public fertility rites, and preserved royal relics.Here, history and dreams intertwine, guiding you through a world where Ancient Egyptian beliefs turned personal power into a symbol of divine rule. Let the whispers of the Pharaoh carry you into slumber, one revelation at a time. In every fragment — from scroll to tomb — lies a connection between the ruler, sacred rites, and the very core of Egypt’s legacy. Perfect for late-night listening, this forbidden history drifts through the shadows of ancient temples, leading you deeper into rest. The Pharaohs await, guarding their most intimate s3xu4l secrets within the quiet rhythm of sleep.",12875650,False,2UYfndReJOQwKypxLjmhTU,en-US,The Most Bizarre S3xu4l Practices of Ancient Egyptian Pharaohs | Boring History For Sleep,2025-08-16,,,,,
" The Entire Story of Greek MythologyWelcome to Boring History For Sleep — where history whispers instead of shouts. 🕯️We turn strange, tragic, and fascinating stories from the past into calm, sleepy tales that help you drift off while learning something new.Because sometimes, being boring is exactly what your brain needs. 💤",18977692,False,7qb7MeinaoifUFakxHDZ2p,en-US, The Entire Story of Greek Mythology,2025-10-28,,,,,
"Discover the ruthless history of oil, empire, and the twenty-year campaign that led to the invasion of a sovereign nation in this documentary episode. For those seeking a comprehensive breakdown of modern economic warfare, the history of US intervention in Latin America, or an examination of how the world’s largest oil reserves became a curse, this story is for you.DISCLAIMER: I began researching and writing this documentary weeks ago in response to escalating rhetoric from the Trump administration. While the speed of the January 3rd invasion shocked everyone, I have spent the last 48 hours rushing to finish this production to provide immediate historical context for these tragic and illegal events.History After Dark is entirely viewer-funded. Supporting for just a few dollars a month keeps this channel alive and gets you access to a completely ad-free experience. https://www.patreon.com/cw/HistoryAfterDarkWelcome to History After Dark! We illuminate the shadows of the past, bringing you comprehensive biographies and in-depth history documentaries. If you enjoy these explorations of fascinating lives and thought, please:⭐️ Leave us a five-star rating – it really helps others find these explorations of history!🔔 Follow @historyafterdarkfilms for more Biographies.We'd also love to hear from you in the COMMENTS below. Let us know which historical or intellectual figure you think we should explore in a future Biography.For a deeper understanding, this narrative draws upon Anya Parampil’s ""Corporate Coup: Venezuela and the End of US Empire,"" Justin Podur & Joe Emersberger’s ""Extraordinary Threat: The U.S. Empire, the Media, and Twenty Years of Coup Attempts in Venezuela,"" and Matt Wilde's ""A Blessing and a Curse: Oil, Politics, and Morality in Bolivarian Venezuela."" In this episode episode, we dissect the systematic dismantling of Venezuela, a process that transformed a wealthy oil state into a besieged pariah and culminated in the US military operation currently unfolding in Caracas. The narrative begins with the arrest of Nicolás Maduro on January 3rd, 2026, before rewinding to understand the path to this moment. It traces the ""Curse of Black Gold,"" tracking how Venezuelan crude fuelled the Allied victory in World War II and how foreign corporations secured a grip on the nation's wealth. We then cover the rise of Hugo Chávez and the ""Original Sin"" of the 2002 coup, following the evolution of regime change tactics – from USAID-funded ""student labs"" to the cyber warfare that plunged the country into darkness. Also examined are the rise and fall of Juan Guaidó’s shadow government, the legal battles over Citgo, and the seizure of gold in the Bank of England. Finally, the documentary assesses the failure of the ""medieval siege"" that made direct intervention the empire's last resort.CHAPTERS 00:00:00 Introduction 00:02:54 The Curse of Black Gold 00:11:33 The Original Sin – The 2002 Coup 00:19:08 Manufacturing Dissent – The Student Lab 00:26:36 The Medieval Siege Begins 00:34:18 The Shadow President 00:39:51 The Trojan Horse of Cúcuta 00:45:53 Darkness at Noon – The Cyber War 00:51:10 The April 30 Putsch – The Blue Armbands 00:57:35 The Embassy Siege 01:03:27 The Great Citgo Robbery 01:10:37 The Gold Wars 01:17:16 Operation Gideon – The Silver Screen Invasion 01:23:42 Diplomatic Trench Warfare 01:30:44 The Multipolar Lifeline 01:37:25 The End of Empire 01:43:24 Epilogue: The Return of the Monroe Doctrine#Venezuela #Oil #History #Documentary #Geopolitics #Sanctions #Maduro #Chavez #HistoryAfterDark #FullDocumentary #Imperialism",6606402,False,5Pk1MVNSJoR9w6PljfecJ0,en,Why the West Wanted Venezuela Destroyed | A History Documentary,2026-01-05,,,,,
"🏺🕯️ Ancient Egypt was not just a land of gods and pharaohs — it was an engineering empire built with stone, water, and human organization on a massive scale. From pyramids and temples to canals, quarries, and carefully planned cities along the Nile, Egyptian engineers turned geography into power.Tonight, drift into a world of measured shadows, rising monuments, and patient labor — where an empire was designed one block at a time and meant to last forever.👉 Boring History For Sleep | Stone, science, and civilizations built quietly. 💤",19460528,False,0Cup1S9QARwwygq4vwZJmc,en-US,Boring History For Sleep | How Ancient Egypt Engineered an Empire 🏗️🏺,2026-01-18,,,,,
"What is this subjective experience, this awareness of existence, that we call consciousness? In tonight's episode, we will examine some of the aspects of this philosophical, scientific, and spiritual question. Is consciousness a binary thing, or is it a kind of continuum with different ""levels""? Do animals experience a degree of consciousness and how can it be inferred or measured? Is it reducible to biology, is it the product of the treatment of information, is it something immaterial and detached from the physical world? Could an AI acquire consciousness from a silicon substrate, and if yes, what would be the pre-conditions and consequences? These are some of the questions we will try to answer or at least try to understand better.  #sleep #bedtimestory #asmr #sleepstory #consciousness #philosophy #science   Welcome to Lights Out Library Join me for a sleepy adventure tonight. Sit back, relax, and fall asleep to documentary-style bedtime stories read in a calming ASMR voice. Learn something new while you enjoy a restful night of sleep.  Listen ad free and get access to bonus content on our Patreon: ⁠⁠⁠⁠⁠⁠⁠⁠⁠⁠⁠⁠⁠⁠⁠⁠⁠⁠⁠⁠⁠⁠⁠⁠⁠⁠⁠⁠⁠⁠⁠⁠⁠⁠https://www.patreon.com/LightsOutLibrary621⁠⁠⁠⁠⁠⁠⁠⁠⁠⁠⁠⁠⁠⁠⁠⁠⁠⁠⁠⁠⁠⁠⁠⁠⁠⁠⁠⁠⁠⁠⁠⁠⁠⁠  Listen on Youtube: ⁠⁠⁠⁠⁠⁠⁠⁠⁠⁠⁠⁠⁠⁠⁠⁠⁠⁠⁠⁠⁠⁠⁠⁠⁠⁠⁠⁠⁠⁠⁠⁠⁠⁠⁠⁠⁠⁠⁠⁠⁠⁠⁠⁠⁠⁠⁠⁠⁠⁠⁠https://www.youtube.com/@LightsOutLibraryov⁠⁠⁠⁠⁠⁠⁠⁠⁠⁠⁠⁠⁠⁠⁠⁠⁠⁠⁠⁠⁠⁠⁠⁠⁠⁠⁠⁠⁠⁠⁠⁠⁠⁠⁠⁠⁠⁠⁠⁠⁠⁠⁠⁠⁠⁠⁠⁠⁠⁠⁠   ¿Quieres escuchar en Español? Echa un vistazo a La Biblioteca de los Sueños!  En Spotify: ⁠⁠⁠⁠⁠⁠⁠⁠⁠⁠⁠⁠⁠⁠⁠⁠⁠⁠⁠⁠⁠⁠⁠⁠⁠⁠⁠⁠⁠⁠⁠⁠⁠⁠⁠⁠⁠⁠⁠⁠⁠⁠⁠⁠⁠⁠⁠⁠⁠⁠⁠https://open.spotify.com/show/1t522alsv5RxFsAf9AmYfg⁠⁠⁠⁠⁠⁠⁠⁠⁠⁠⁠⁠⁠⁠⁠⁠⁠⁠⁠⁠⁠⁠⁠⁠⁠⁠⁠⁠⁠⁠⁠⁠⁠⁠⁠⁠⁠⁠⁠⁠⁠⁠⁠⁠⁠⁠⁠⁠⁠⁠⁠  En Apple Podcasts: ⁠⁠⁠⁠⁠⁠⁠⁠⁠⁠⁠⁠⁠⁠⁠⁠⁠⁠⁠⁠⁠⁠⁠⁠⁠⁠⁠⁠⁠⁠⁠⁠⁠⁠⁠⁠⁠⁠⁠⁠⁠⁠⁠⁠⁠⁠⁠⁠⁠⁠⁠https://podcasts.apple.com/us/podcast/la-biblioteca-de-los-sue%C3%B1os-documentarios-para-dormir/id1715193755⁠⁠⁠⁠⁠⁠⁠⁠⁠⁠⁠⁠⁠⁠⁠⁠⁠⁠⁠⁠⁠⁠⁠⁠⁠⁠⁠⁠⁠⁠⁠⁠⁠⁠⁠⁠⁠⁠⁠⁠⁠⁠⁠⁠⁠⁠⁠⁠⁠⁠⁠  En Youtube: ⁠⁠⁠⁠⁠⁠⁠⁠⁠⁠⁠⁠⁠⁠⁠⁠⁠⁠⁠⁠⁠⁠⁠⁠⁠⁠⁠⁠⁠⁠⁠⁠⁠⁠⁠⁠⁠⁠⁠⁠⁠⁠⁠⁠⁠⁠⁠⁠⁠⁠⁠https://www.youtube.com/@LaBibliotecadelosSuenosov⁠⁠⁠⁠⁠⁠⁠⁠⁠⁠⁠⁠⁠⁠⁠⁠⁠⁠⁠⁠⁠ Learn more about your ad choices. Visit megaphone.fm/adchoices",4049281,False,3nzI7een5Md2X2KuZN8NPb,en,Mysteries of Consciousness: why do we know we exist?,2025-12-07,,,,,
"Melanie and Stan attempt to survive the deadliest Big Lots of all time. The store’s assistant manager, an aging ageless-pixie named Flying Tony, delivers devastating news, while a soft-brained lion delivers delightful sitcom recaps.Cast:Milo Godard - Eric Jason MartinMelanie Hughes - Rhea SeehornStan Little - Bobby MoynihanAzzran the Lion - Steve LittleBobby “Robert the Great” - Timm SharpBig Lots Elf Workers - Steven Waters, Shannon Lahaie, and Brian StackFlying Tony - Devon HylandOgres in Golf Cart - Joseph Young & Stu FeildSqrruis the Goblin Guard - Mike MitchellCreated by Mike SacksWritten by Mike Sacks & S.G. WilsonProduced by Marianna Miniotis, Michael Mongiardi, and Bryan DeGuireEdited by Rob Schulte, Ian Geldart, and Mike SacksSound Design by Ian GeldartArtwork by Louise Z. PomeroyCreative Consulting by Danielle DeschenesSpecial thanks to Joel Jackson, Steven Waters, Griffin Toplitsky, Paul Banwatt, Allan Down, and Jessica Vallentin.Brought to you by The Sonar Network & Odenkirk-Provissiero EntertainmentFollow @stanlandseries on Instagram and for more information, visit https://www.stanlandseries.comSubscribe to Enter StanLand to listen ad-free and get bonus interviews, spin-off mini-series, and more!If you love StanLand and have an audio series you’d love to bring to life, email production@thesonarnetwork.comThis episode is brought to you by Factor. Eat smart at FactorMeals.com/STANLAND50OFF and use code STANLAND50OFF to get 50 percent off plus FREE shipping on your first box. Get delicious, ready-to-eat meals delivered—with Factor. Hosted on Acast. See acast.com/privacy for more information.",2420976,False,4Bw4pAAllf4qK6BkRfsoHg,en,Everything Must Go,2025-08-05,,,,,
"Podcaster Melanie Hughes follows Maryland ne’er-do-well Stan Little into Zyngia, a fantasy land that’s seen better days. At a failing vape shop, the reluctant pair receive a dire warning from a priapistic faun.Cast:Milo Godard - Eric Jason MartinMelanie Hughes - Rhea SeehornStan Little - Bobby MoynihanBobby “Robert the Great” - Timm SharpMarakesh - Lauren AdamsClip Clop the Faun - Mark LittleAzzran the Lion - Steve LittleUber Pedicab Driver - Cody CrainBojangles Delivery Hobbit - Tim BarnesCreated by Mike SacksWritten by Mike Sacks & S.G. WilsonProduced by Marianna Miniotis, Michael Mongiardi, and Bryan DeGuireEdited by Rob Schulte, Ian Geldart, and Mike SacksFoley & Sound Design by Ian GeldartArtwork by Louise Z. PomeroyCreative Consulting by Danielle DeschenesSpecial thanks to Joel Jackson, Steven Waters, Griffin Toplitsky, Paul Banwatt, Allan Down, and Jessica Vallentin.Brought to you by The Sonar Network & Odenkirk-Provissiero EntertainmentIf you love StanLand and have an audio series you’d love to bring to life, email production@thesonarnetwork.comMore StanLand:Subscribe to Enter StanLand to listen ad-free and get bonus interviews, spin-off mini-series, and more!Follow @stanlandseries on Instagram and for more information, visit https://www.stanlandseries.comThis episode is brought to you by Pia, the all-natural, essential oils inhaler. Use code STANLAND for 10% off at https://pia-aroma.com Hosted on Acast. See acast.com/privacy for more information.",2603807,True,13XDHkqeg98uCPVawMas8P,en,"The Scion, the Glitch, and the IKEA Wardrobe",2025-07-29,,,,,
"Short History Of... is taking a short break over the Christmas period. New  episodes will continue from the 5th of January. Until then, we hope you  enjoy this repeat episode! Happy Christmas from the Short History Of...  team.     The British Crown Jewels is a priceless collection of items gathered over  eight turbulent centuries. Consisting of 100 objects decorated with  23,000 gemstones, it’s held at the Tower of London, protected by guards  and high-tech security. But why did one thief put the crown jewels down  his trousers? Which king managed to lose his own crown? And why is one  diamond so controversial that it is not invited to the coronation of  King Charles III?    This is a Short History Of... The Crown Jewels.    Written by Jo Furniss. With thanks to Anna Keay, author and former curator at the Tower of London.    Get every episode of Short History Of… a week early with Noiser+. You’ll  also get ad-free listening, bonus material and early access to shows  across the Noiser podcast network. Click the subscription banner at the  top of the feed to get started. Or go to noiser.com/subscriptions Learn more about your ad choices. Visit podcastchoices.com/adchoices",2830498,False,5Nq10gm00ZWlWrOCwYV3Gk,en,The Crown Jewels,2025-12-22,,,,,
"Big changes have come to Stan’s wizard-school alma mater. And why does that half-human freshman with the horrible attitude seem so familiar? The gang considers a not-so-compelling offer from the headmaster.Cast:Milo Godard - Eric Jason MartinMelanie Hughes - Rhea SeehornStan Little - Bobby MoynihanAzzran the Lion - Steve LittleProfessor Rimblepoor - Kris SiddiqiGolfing Orcs - Ian Fisher and Steven WatersMagic Healing Spring - Alexa SteeleWizard School Students - Steffi DiDomenicantonio and Brittany HighChip - James HartnettCreated by Mike SacksWritten by Mike Sacks & S.G. WilsonProduced by Marianna Miniotis, Michael Mongiardi, and Bryan DeGuireEdited by Rob Schulte, Ian Geldart, and Mike SacksAssistant editing by Sijal RehmaneSound Design by Ian GeldartArtwork by Louise Z. PomeroyCreative Consulting by Danielle DeschenesSpecial thanks to Joel Jackson, Steven Waters, Griffin Toplitsky, Paul Banwatt, Allan Down, and Jessica Vallentin.Brought to you by The Sonar Network & Odenkirk-Provissiero EntertainmentSubscribe to Enter StanLand to listen ad-free and get bonus interviews, spin-off mini-series, and more!Follow @stanlandseries on Instagram and for more information, visit https://www.stanlandseries.comIf you love StanLand and have an audio series you’d love to bring to life, email production@thesonarnetwork.comThis episode is brought to you by Factor. Eat smart at FactorMeals.com/STANLAND50OFF and use code STANLAND50OFF to get 50 percent off plus FREE shipping on your first box. Get delicious, ready-to-eat meals delivered—with Factor. Hosted on Acast. See acast.com/privacy for more information.",2447072,False,5vxrMC0tf7zvPvU0D7tF4q,en,The Half-Crud Prince,2025-08-19,,,,,
"It all comes down to this. But what is this, exactly? Where has any of this led, and how could it possibly wrap up in a way that makes the remotest sense? The Dark One and his trusty assistant, Winky, have some thoughts on this matter, but first, more thoughts on his penile health.Cast:Milo Godard - Eric Jason MartinMelanie Hughes - Rhea SeehornStan Little - Bobby MoynihanAzzran the Lion - Steve LittleMarakesh - Lauren AdamsThe Dark One - Jon HammWinky the Sea Creature - John WatersBobby “Robert the Great” - Timm SharpSeamus the Leprechaun - Brian StackUber Pedicab Driver - Cody CrainApartment Building Resident - Kevin N. BrownWoman Catching Elevator - Lyndsay LimeRandy S. - Dave WillisCreated by Mike SacksWritten by Mike Sacks & S.G. WilsonProduced by Marianna Miniotis, Michael Mongiardi, and Bryan DeGuireEdited by Rob Schulte, Ian Geldart, and Mike SacksSound Design by Ian GeldartArtwork by Louise Z. PomeroyCreative Consulting by Danielle DeschenesSpecial thanks to Joel Jackson, Steven Waters, Griffin Toplitsky, Paul Banwatt, Allan Down, and Jessica Vallentin.Brought to you by The Sonar Network & Odenkirk-Provissiero EntertainmentSubscribe to Enter StanLand to listen ad-free and get bonus interviews, spin-off mini-series, and more!Follow @stanlandseries on Instagram and for more information, visit https://www.stanlandseries.comIf you love StanLand and have an audio series you’d love to bring to life, email production@thesonarnetwork.com Hosted on Acast. See acast.com/privacy for more information.",2449789,False,7e6enLTx4AWq9Z00NVhY7Z,en,Erectile Injunction,2025-08-26,,,,,
"Welcome back to Zyngia.Episode 1 of Dumpsters & Deadbeats is available now for early access on the Enter StanLand feed on Apple Podcasts.THE LOST PODCASTS OF ZYNGIA:Our new series releasing newly-discovered mini-podcasts made by Zyngians themselves.An ancient children’s toy from the 1990's was found by the side of the road in the same area where Melanie Hughes’s recorder was first discovered containing the StanLand tapes. The toy recorder was sent to us at WSUS Raleigh by a mysterious man calling himself ""Randy"". It contains strange new audio files that appear to be recorded by Zyngians. We've decided to make those files available to the public.DUMPSTERS & DEADBEATS:In the debut episode of The Lost Podcasts of Zyngia, intern Casey Bingham introduces us to Dumpsters and Deadbeats: a simple role-playing game hosted by Chip McSparklebottom: half-leprechaun, reluctant heir to Stan Little, and self-proclaimed “dumpster master.” Along with orc couple Ookla and Ghashara Bloodspear, Chip beta-tests his thesis project at the Wizened Wand School of Magical Enchantment. It's a rollercoaster.Coming soon to the StanLand feed, but if you can't wait, you can subscribe to Enter StanLand on Apple Podcasts to hear Episode 1 today!Credits:Written by S.G. WilsonProduced by Michael Mongiardi and Marianna MiniotisEditing & Sound Design by Steven WatersCast:Chip McSparklebottom - James HartnettOokla Bloodspear - Steven WatersGhashara Bloodspear - Shannon LahaieCommercial Narrator - Alexa SteeleBixby Snigglesworth - Cody CrainHobbits - Steven Waters, Damien DoeppingBrought to you by The Sonar Network Hosted on Acast. See acast.com/privacy for more information.",110863,False,1JbMJWKgqKuFG7XaFhCX4E,en,Teaser | The Lost Podcasts of Zyngia: Dumpsters & Deadbeats,2025-09-11,,,,,
"Tonight, we journey deep beneath the earth into the eerie and mysterious realm of the Greek Underworld. This is The ENTIRE Story of the Underworld.Told in a slow, soothing tone by the Sleepless Historian, this is Greek mythology like you’ve never heard it before — quiet, dreamy, and designed to help you learn history while you sleep. If you’re looking for mythology for sleep, stories for sleep, or just a calming sleep video to unwind, this bedtime story might be your perfect guide into the shadows of weird history.",7935605,False,5HilP77ROTsYcdmyBHhJS9,en,The ENTIRE Story of the Underworld,2026-01-16,,,,,
"Drift into the night with a soothing two-hour sleep story designed to quiet your thoughts and guide you into deep, restful slumber. Set against the gentle crackle of a cozy fireplace, the soft-spoken narration weaves together vivid tales of war, forgotten moments from history, and the untold truths of legendary figures. You’ll wander through unresolved mysteries and reflect on extraordinary events of the past — all bathed in the warm, flickering glow of firelight. With a simple black screen to keep distractions away, it’s perfect for meditation, nighttime relaxation, or drifting off in peace. Let the steady rhythm of the flames and the calm storytelling carry you to the edge of dreams.",11961992,False,4gb25x4JXzdk69E1p9T3dQ,en-US,Forbidden Pleasures in the Court of Versailles | Boring History For Sleep ,2025-08-17,,,,,
"Hello everyone,Todays episode is called The Celestial Sisters , a Native American Folk Tale. Read by Clara.If you enjoy listening to these stories, please do leave an Apple review so we can grow and reach more people.Sweet Dreams. Lucy ❤#SleepStories #BedtimeStories #GuidedMeditation #Relaxation #Calm #Mindfulness #MeditationPodcast #SleepPodcast #Folktales #FairyTales #Storytelling #SoothingVoices #SleepAid #RelaxingStories #Tranquility #DriftOffToSleep",2359468,False,30jtwMOziJGB5vgzriaUe6,en,Memory Lane Monday ✨The Celestial Sisters,2026-01-19,,,,,
"Here's a show we think you’ll love while you wait for your next trip to StanLand.Today we’re sharing Episode 1 of Woodbine, the latest series from Alex Nursall and Emily Kellogg, the creators of the award-winning horror podcast Parkdale Haunt.Woodbine follows Beatrice Ashe, who’s pulled into Toronto’s supernatural underworld after a brutal attack gives her a second chance at life. Alongside her enigmatic boss, Grace Hawthorne, Bea works for the Woodbine Agency, a detective firm tackling cases with vampires, monsters, and other strange mysteries.If you like how StanLand blends dark comedy, fantasy, and complex characters, you’ll love Woodbine. It’s got queer vampire detectives and a mix of horror, comedy, urban fantasy, and a little romance.Season 2 premieres September 24th, so now’s the perfect time to start from the beginning.Catch up on the full first season here: https://woodbinepod.comFollow Woodbine on Instagram for more updates: https://www.instagram.com/woodbinepodcastStanLand Updates:Episode 2 of Dumpsters and Deadbeats is out now for Enter StanLand subscribers on Apple Podcasts.The full Dumpsters and Deadbeats series hits the public feed at the end of September.Next Tuesday, one of our interviews with Mike Sacks comes out from behind the paywall!Stay tuned for more fun. Long live Zyngia! Hosted on Acast. See acast.com/privacy for more information.",3739951,False,20J0BO9IdyJogb1HlHo3MG,en,The StanLand team recommends: Woodbine,2025-09-18,,,,,
"Drift off to sleep with the timeless stories of Greek mythology. From the primordial Chaos to the rise of Zeus and the Olympians, this soothing narration guides you through the battles of Titans, the cunning of Prometheus, and the tragedies and triumphs of mortal heroes. Perfect for late-night listening, this calm, immersive journey through ancient myths will help you relax, unwind, and dream of a world shaped by gods, monsters, and fate. Dim the lights, get comfortable, and let these old stories carry you gently to sleep.",8369632,False,0IkU2IsZw9R7e53GmlPcXU,en-US,Boring History for Sleep | The Greek Mythology,2025-07-04,,,,,
"Wind down tonight with a sleep story that'll quiet your racing mind and ease you into dreamland. This 3-hour escape pairs the cozy crackle of a real fireplace with gentle storytelling, taking you through fascinating tales of war and history's most captivating moments.As you drift off, you'll discover the untold stories behind history's famous faces, dive into mysteries that still baffle experts, and revisit moments that changed everything-all while the warm glow of firelight flickers in the background.Perfect for when you need to shut off your brain, this adult bedtime story works whether you're into sleep meditation or just desperate for some decent rest. The black screen means no harsh light to disturb you once you're finally dozing off.Just hit play, close your eyes, and let the soothing fireplace sounds and stories carry you away to the best sleep you've had in ages.",12519595,False,0s3y97Jdz7lSbi2f267Joa,en-US,What It Was Really Like to Be a Caveman | Boring History For Sleep,2025-07-05,,,,,
"Step Back into Tudor Times: The Deadly Luxuries of the First Consumers ⚰️🏺Travel back to the age of the Tudors — when England’s rising middle class first gained the wealth to indulge in luxuries, status symbols, and early consumer goods. But beneath the gold leaf and perfumed oils lurked invisible threats: deadly dyes, toxic cosmetics, and household items that could kill.In this episode, we explore the hidden dangers of Tudor consumption — where fashion could rot your skin, and dinnerware might poison your family.",8656259,False,3wqTb2DsCCMr1O0NabKSN5,en-US,The Deadly Secrets Of The Tudor Home,2025-07-05,,,,,
"Wind down tonight with a sleep story designed to calm your thoughts and ease you gently into deep rest. This 2-hour video combines the soothing crackle of a cozy fireplace with soft-spoken storytelling, weaving together tales of war and moments from history. Uncover hidden truths behind famous historical figures, explore unresolved mysteries, and ponder unforgettable events from the past — all within the tranquil glow of a flickering fire. Ideal for sleep meditation, adult relaxation, or simply falling asleep peacefully, the black screen background sets the scene for undisturbed rest. Let the gentle fireplace sounds and calming stories lull you into a serene night’s sleep.Why Neanderthals Were Absolute Freaks Of Nature",12248549,False,4aKp1SNGnC0XVi0fAuSz3s,en-US,Boring History For Sleep | Neanderthals Were Absolute Freaks Of Nature and more,2025-07-06,,,,,
"Not all jokes are harmless — especially in a medieval court. In this soft-spoken bedtime documentary, we explore the dark, lonely life of the court jester. Humiliation, danger, and the pressure to always entertain. Relax, close your eyes, and discover why being funny wasn’t funny at all.",9726583,False,6i9prF3PL5CK82w6qZMBNU,en-US,Why It Sucked to Be a Medieval Jester | Boring History for Sleep,2025-05-20,,,,,
"Ever wondered what it was really like to be a medieval assassin? Spoiler: it wasn’t heroic, it wasn’t glamorous, and it definitely wasn’t well-paid. In this slow, sleep-friendly documentary, we explore the harsh reality of life in the shadows during medieval Europe — from deadly contracts and poor hygiene to plague, betrayal, and disappearing without a trace. Perfect for falling asleep to, this historical bedtime story mixes dark humor, real historical facts, and a calming narration style. Learn about the everyday horrors of medieval life — one whispered dagger at a time. Great for fans of history podcasts, relaxing documentaries, and medieval storytelling.",9102158,False,0RMtnU2Gj85ivXI4wZJxIK,en-US,Why It Sucked to Be a Medieval Assassin | Boring History for Sleep,2025-05-22,,,,,
"Boring Greek Myths For Sleep | The Most Terrifying Monsters in Greek Mythology Drift into a 3-hour journey through the shadows of ancient Greece — a mythology sleep story crafted to quiet your mind and guide you toward deep, unbroken rest. Set against the whisper of mountain winds and the faint echoes of distant howls, the gentle narration takes you by the hand and leads you through the realms of the most legendary creatures in Greek myth.From the serpent-haired gaze of the gorgons to the towering might of fire-breathing giants, each chapter unfolds their tales — not to startle, but to spark wonder. The pacing is slow and soothing, each word chosen to calm the mind while keeping the imagination softly alight.Ideal for sleep meditation, bedtime relaxation, or simply drifting off with myths curling like mist around your dreams. The dark screen keeps your room serene, while the storyteller’s voice carries you into the ancient world — a place where even the gods moved with quiet caution.",15652177,False,4ZnqT57Ooo3albkohKwakx,en-US,Boring Greek Myths For Sleep | The Most Terrifying Monsters in Greek Mythology,2025-08-10,,,,,
"The 40 Biggest Cover-ups of Ancient History | History for SleepCan’t sleep? Let your thoughts drift softly into the hidden chambers of our past—where the stories we were taught may only be fragments of something far more complex.In tonight’s calm and reflective journey, we’ll uncover 40 of the greatest cover-ups in ancient history. From lost libraries and burned scrolls to erased names and forbidden maps, this is a gentle exploration of how power has shaped, concealed, and rewritten humanity’s collective memory.With soothing narration, we’ll walk carefully through centuries of suppressed truths—tracing the faint outlines of what was hidden, denied, or quietly removed. Why were so many voices silenced? Who decided which memories deserved to survive? And what might we rediscover if we dared to look beyond the accepted version of events?Close your eyes. Imagine the flicker of torchlight over sealed archives, the whisper of parchment being locked away, and the quiet determination of those who tried to preserve what others sought to erase. Here, history is not a single story—but a thousand competing truths, each waiting to be found.💡 What you’ll discover in this episode:– The Library of Alexandria and other knowledge lost in flame– Mysterious maps and inscriptions hidden for centuries– Erased civilizations and censored chronicles– Thoughtful reflections on how history is shaped by those in power✅ Best for: Curious minds, thoughtful souls, and anyone who feels drawn to the hidden edges of the human story🔥 Not just a bedtime story—a softly spoken invitation to explore the shadows behind our shared past⏰ Best time to listen: Before sleep, in moments of quiet reflection, or whenever you feel the pull of forgotten histories calling you to wonder📌 Subscribe and tap the bell 🔔 for more gentle journeys into history’s hidden cornersTags:ancient history cover-ups, bedtime history story, lost libraries, erased civilizations, hidden knowledge sleep story, gentle historical narration, fall asleep to history, suppressed truths of antiquity, ancient mysteries for sleep, whispered history journeys#AncientSecrets #HistoryForSleep #LostKnowledge #HistoricalCoverUps #SleepThroughHistory #HiddenTruths #WhispersOfThePast #SacredSilence #ForgottenStories",14074312,False,4wod01UXiXPxBAsGsQlmHh,en-US,The 40 Biggest Cover-ups of Ancient History |Boring History for Sleep,2025-08-11,,,,,
"In this first-ever Billions Club Live concert film, The Weeknd delivers an unforgettable one-night-only performance, celebrating his record-breaking 25 tracks with over 1 billion streams each on Spotify — more than any other artist. Captured in stunning detail, the film features electrifying performances of his greatest hits, offering fans a front-row seat to this historic milestone. This iconic event is a celebration of The Weeknd’s unparalleled career and deep connection to music fans worldwide.  Intro (00:00:00)  Call Out My Name (00:00:47)  The Hills (00:05:25)  Moth to a Flame (00:08:59)  After Hours (00:12:44)  Can't Feel My Face (00:16:14)  Starboy (00:19:20)  Heartless (00:23:08)  Often (00:25:16)  Die For You (00:28:16)  I Feel It Coming (00:31:37)  Blinding Lights (00:34:29)  Timeless (00:38:41)  São Paulo (00:43:15)  Learn more about your ad choices. Visit podcastchoices.com/adchoices",2908800,True,2PbEx8o9c7rG9gyaklweox,en,Billions Club Live with The Weeknd: A Concert Film,2025-01-07,,,,,
"President Trump's actions this week show the scope of his bid to reshape the federal government, Senate confirmation hearings begin for RFK Jr. and results are in from a national assessment of reading and math, nearly five years since the start of the pandemic.Want more comprehensive analysis of the most important news of the day, plus a little fun? Subscribe to the Up First newsletter.Today's episode of Up First was edited by Dana Farrington, Diane Webber, Nicole Cohen, Janaya Williams and Alice Woelfle. It was produced by Ziad Buchh, Nia Dumas, Claire Murashima, and Chris Thomas. We get engineering support from Neisha Heinis and our technical director is Carleigh Strange.Learn more about sponsor message choices: podcastchoices.com/adchoicesNPR Privacy Policy",981002,False,2ODB26ja4x7twHrMod4fQQ,en-US,"Trump Remaking Government, RFK Jr. Confirmation Hearings, US Education Report Card",2025-01-29,,,,,
"President Trump has laid out a new vision for US ownership of the Gaza Strip, the first planeload of migrants from the US has arrived in Guantanamo Bay, Cuba and all staff members at the foreign aid agency USAID have been put on administrative leave.Want more comprehensive analysis of the most important news of the day, plus a little fun? Subscribe to the Up First newsletter.Today's episode of Up First was edited by Nishant Dahiya, Barrie Hardymon, Rebecca Davis, Janaya Williams and Alice Woelfle. It was produced by Ziad Buchh, Nia Dumas and Christopher Thomas. We get engineering support from Simon-Laslo Janssen. And our technical director is Neisha Heinis.Learn more about sponsor message choices: podcastchoices.com/adchoicesNPR Privacy Policy",894537,False,7tszrwvMsMV0MEMYtLYxd8,en-US,"Trump And Gaza, Migrants At Guantanamo, USAID Staff On Leave",2025-02-05,,,,,
"Host Danny Kelly jumps on a hastily arranged zoom call with Jay Harris and producer Tom for what can only be described as the greatest emergency pod in Spurs history. We've done it. Drink it in! Full post match pod on the way...HOST: Danny KellyWITH: Jay Harris, Tom FullerPRODUCER: Tom Fuller Hosted on Acast. See acast.com/privacy for more information.",1100826,False,7M4qQXySXnL3ERd0VXoBTx,en,Emergency pod!! Spurs win in Bilbao,2025-05-21,,,,,
"This week, in Wakefield, Massachusetts, when two people are shockingly murdered, it leads detectives down a rabbit hole of mystery, with enemies, business associates, and even possible mafia connections. They end up settling on a much more personal, and nasty motive, all stemming from having fun times, at a lake house. It's a twisted story, filled with conspiracy, lies, partial truths, affairs, and maybe even some reasonable doubt!   Along the way, we find out that no one loves mechanical bulls more than Italian people, that even spending time at a lake house can come with some stress, and that you can't lie to everyone, all the time, and get away with it!!   New episodes every Wednesday & Friday nights!   Donate at patreon.com/crimeinsports or go to paypal.com and use our email: crimeinsports@gmail.com Go to shutupandgivememurder.com for all things Small Town Murder, Crime In Sports & Your Stupid Opinions!   Follow us on... instagram.com/smalltownmurder facebook.com/smalltownpod   Alos, check out James & Jimmie's others, Crime In Sports & Your Stupid Opinions on Apple Podcasts, Spotify, or whever you listen to podcasts!!",11277818,True,320Ez94hVWO1haR8eHvSlq,en,"Creepy Killer Motives - Wakefield, Massachusetts",2025-06-26,,,,,
"This week , in Parkersburg, West Virginia, what looks like a simple drug murder, at first, turns out to be anything but that. It turns out to be the work of a psychotic serial killer, who loves nothing more than cutting people into pieces, and even leaving heads displayed for maximum effect. He commits many more murders, and when he's finally caught, he scares even the most hardened detectives with his cold blooded violence!!   Along the way, we find out that you can get a mansion in West Virginia at regular house prices, that if you see a head on your nightstand, you shouldn't look at anything else, before running from the house, and that some people's depravity is deeper than we can imagine!!   New episodes, every Wednesday & Friday nights!!   Donate at patreon.com/crimeinsports or go to paypal.com and use our email: crimeinsports@gmail.com Go to shutupandgivememurder.com for all things Small Town Murder, Crime In Sports & Your Stupid Opinions!   Follow us on... instagram.com/smalltownmurder facebook.com/smalltownpod   Also, check out James & Jimmie's other shows, Crime In Sports & Your Stupid Opinions on Apple Podcasts, Spotify, or wherever you listen to podcasts!!  ",10832771,True,1tyIOxlt0FSSSshaFcYc0W,en,"Serial Butcher Killer - Parkersburg, West Virginia",2025-06-19,,,,,
"This week The Lonely Island and Seth talk about the 2009 MTV Movie Awards hosted by Andy Samberg! They chat about the hilarious promo videos starring Andy and some of that year’s most iconic actors in the lead up to the live show, what it was like writing the promo scripts, the medley performed by LeAnn Rimes, Chris Isaak, and Forest Whitaker, and so many other fun moments from the show. Plus, we hear voice notes from a few guests!   MTV Movie Awards Playlist | https://youtube.com/playlist?list=PLB41BB3BFB6F730BE&si=FPic12FNeEB2n8FH Michael Cera on Late Night | https://www.youtube.com/watch?v=Dp7Cy7dxoD8 Fatal Farm on YouTube | https://www.youtube.com/@FatalFarm """"Doubt"""" - The Video Game! | https://youtu.be/321VHP92d8A?si=8jriek2AP0Zi_OV9 Cool Guys Don't Look At Explosions | https://youtu.be/Sqz5dbs5zmo?si=wnWYDSV7QtPart75  Not all the clips we mention are available online; some never even aired.  Photos and anything else mentioned in the episode can be found by following us on Instagram @thelonelyislandpod.  Support our sponsors: Vuori Get 20% off your FIRST purchase. Get yourself some of the most comfortable and versatile clothing on the planet at www.vuori.com/ISLAND  Shopify Sign up for your one-dollar-per-month trial and start selling today at www.SHOPIFY.COM/lonelyisland  Factor Get started at www.factormeals.com/ISLAND50OFF and use code ISLAND50OFF to get 50 percent off plus FREE shipping on your first box. Learn more about your ad choices. Visit megaphone.fm/adchoices",4545216,True,4P402DxShTSko7O08be7bC,en,Movie Awards,2025-07-22,,,,,
"This week, in Litchfield, Maine, a woman tries to make a fresh start, with a new career, in a new town, to hopefully put her troubled teen son on a better path. Unfortunately, her son continues his behavior, until Mom decides that bringing some of his old friends to their new town might help him. Within two days, there's a horrible murder, with the boys claiming a crazed stranger did it. While the real story involves a murder comic strip, murder masks, and even murder chants!!   Along the way, we find out that bluegrass may blister your fingers, that if you're a little screwed up, hanging out with worse people won't help, and that after you're arrested, you probably shouldn't do murder chants, while in jail!!   New episodes every Wednesday & Friday nights!!   Donate at patreon.com/crimeinsports or at paypal.com and use our email: crimeinsports@gmail.com Go to shutupandgivememurder.com for all things Small Town Murder, Crime In Sports & Your Stupid Opinions!   Follow us on... instagram.com/smalltownmurder facebook.com/smalltownpod   Also, check out James & Jimmie's other shows, Crime In Sports & Your Stupid Opinions!!",4423079,True,7xCE575nFkUQaxddPOnexi,en,"Behind The Murder Mask - Litchfield, Maine",2025-07-11,,,,,
"Originally released in 2023, this episode covers the haunting Rose Petal Murder — the case of a woman found brutally killed in South Carolina, her body chillingly covered in rose petals. The main suspect, Zachary Hughes, was arrested early in the investigation, but the case remained stalled for years. We’re reposting this episode with a quick update: as of 2025, the trial has finally progressed. Jury selection delays held things up, but recent court sessions brought forward crucial DNA evidence — and, in a dramatic moment, Hughes confessed during testimony. Listen to the full breakdown of this disturbing case and catch up on where it stands today.Go watch my other episodes on Spotify: ⁠⁠⁠⁠⁠⁠⁠⁠⁠⁠The Disturbing Case of Stephanie Parze⁠⁠⁠⁠⁠⁠⁠⁠⁠⁠⁠⁠⁠⁠⁠⁠⁠⁠⁠⁠She Tried to Warn Them About her Son, Then he was MURDERED. THE CASE OF GUNNAR SCHUMACHER⁠⁠⁠⁠⁠⁠⁠⁠⁠⁠⁠⁠⁠⁠⁠⁠⁠⁠⁠⁠7 Year old’s Strange Death Reveals Mom’s DISGUSTING Secret: Did She Starve her for Attention?!⁠⁠⁠⁠⁠⁠⁠⁠⁠⁠Thank you guys for watching, hope to see you next time!   Learn more about your ad choices. Visit megaphone.fm/adchoices",2486762,False,24NaOgE9zCeC8JprxQRLRG,en-US,"Her Murder Uncovered a Twisted Web of Dark, Disturbing Secrets: THE ROSE PETAL MURDER",2025-07-20,,,,,
"This week, in Breckenridge, Colorado, a twisted story begins with 2 young women, disappearing, on a cold, snowy night. On the sam e night, a man is miraculously rescued from a snowy mountain pass, when a passing airliner sees his headlights, down below. Police initially blame one of the women's husband, since everything he did looked suspicious, but eventually a lone orange sock found near a body, links both murders, and helps to reveal the true killer!!   Along the way, we find out that 13 pound gold nuggets exist, that just because a man tells you where a body may be, and when it will be found, doesn't mean he's the murderer, and that you should never throw out any garbage. Ever!   New episodes, every Wednesday & Friday nights!!   Donate at patreon.com/crimeinsports or at paypal.com and use our email: crimeinsports@gmail.com Go to shutupandgivememurder.com for all things Small Town Murder, Crime In Sports & Your Stupid Opinions!   Follow us on... instagram.com/smalltownmurder facebook.com/smalltownpod   Also, check out James & Jimmie's other shows, Crime In Sports & Your Stupid Opinions on Apple Podcasts, Spotify, or wherever you listen to podcasts!!",4894850,True,4gzN7eg1ejhpEnPF2REK1x,en,"The Orange Sock Murders - Breckenridge, Colorado",2025-07-25,,,,,
"This week, in Payson, Utah, a horrifying & bloody scene is found, when two people call 911, and claim that someone has been murdered, and these two people were tied up, but miraculously spared from certain death, by the killers. When it turns out that their story doesn't quite line up, they're arrested for murder, but were they telling the truth? A shocking twist will blow your mind!!   Along the way, we find out that you don't want everyone to think your town smells like onions, that when you're tied up, the murderers usually don't change their minds, because you said a prayer, and that you should never tell your ex anything incriminating!!   New episodes, every Wednesday & Friday nights!!   Donate at patreon.com/crimeinsports or at paypal.com and use our email: crimeinsports@gmail.com Go to shutupandgivememurder.com for all things Small Town Murder, Crime In Sports & Your Stupid Opinions!   Follow us on... instagram.com/smalltownmurder facebook.com/smalltownpod   Also, check out James & Jimmie's other shows, Crime In Sports & Your Stupid Opinions on Apple Podcasts, Spotify, or wherever you listen to podcasts!!",11094727,True,4KA8LvJW6C0Mf3VMeaXWpu,en,"Murder Mystery Gone Wild - Payson, Utah",2025-07-31,,,,,
"This week, in Garfield, New Jersey, the disappearence of a beloved young woman leads detectives down a dark path, as they investigate a man with a troubled & disturbing history, and family. He denies it, but police don't quite belive him, especially when he tells a detective ""no body, no crime"". But they do find a body, and the murder was brutal, not to mention the disposal. When the accused decides to act as his own attorney, things really get crazy!!   Along the way, we find out that some towns just don't have a lot of fun happening, that after you kill someone, you shouldn't tell everyone you know, and that representing yourself in court is NEVER a good idea!!   New episodes, every Wednesday & Friday nights!!   Donate at patreon.com/crimeinsports or at paypal.com and use our email: crimeinsports@gmail.com Go to shutupandgivememurder.com for all things Small Town Murder, Crime In Sports & Your Stupid Opinions!   Follow us on... instagram.com/smalltownmurder facebook.com/smalltownpod   Also, check out James & Jimmie's other shows, Crime In Sports & Your Stupid Opinions on Apple Podcasts, Spotify, or wherever you listen to podcasts!!",11584209,True,53VUhLxp3O6a6xvb2luhFS,en,"Brutal Murder, Stupid Murderer - Garfield, New Jersey",2025-08-07,,,,,
" I received an email from the ex-wife of a serial killer. The subject reads: “ I was married to a serial killer for 7.5 years and I need help!!”  Her ex husband was sentenced to death for the murder of 3 women. When authorities searched his house they found a soundproof torture chamber. Whips, iron chains, and many many files. Video files of him torturing his victims - plucking out their nails one by one.   Now, his ex wife has come forward to ask for help. She was not only one of the first people he tried to kill but now her son (that she shares with him) has been taken. The serial killer’s mother has taken her son and now she’s on the hunt to get him back.    This is her GoFundMe: https://www.gofundme.com/f/help-reunite-a-mother-with-her-son-after-35-year Full Source Notes: rottenmangopodcast.com",2748713,False,4QiThvibBv0czSYpXMlEx4,en,I Received A Message From A Serial Killer’s Wife Asking For Help…,2025-01-18,,,,,
"This week, in Aberdeen, NSW, Australia, one of the craziest crimes, in Aussie history! Police are called to check on a man, who said he feared being murdered. They find his skin, hanging from a meat hook, with none of his body inside. And that's just the start, as the body has been cut up, with pieces cooked, and put on plates, complete with name cards on the table. It's an insane scene, with an even crazier back story!!   Along the way, we find out that an interstate tug-o-war is the obvious way to settle regional differences, that when someone tells you they're going to kill you, you should listen, and that some people are capable of peeling off a human's skin, like an orange!!   New episodes, every Wednesday & Friday nights!!   Donate at patreon.com/crimeinsports or at paypal.com and use our email: crimeinsports@gmail.com Go to shutupandgivememurder.com for all things Small Town Murder, Crime In Sports & Your Stupid Opinions!   Follow us on... instagram.com/smalltownmurder facebook.com/smalltownpod   Also, check out James & Jimmie's other shows, Crime In Sports & Your Stupid Opinions on Apple Podcasts, Spotify, or wherever you listen to podcasts!!",4462471,True,55PQscaRyLvTEMP17LC0Sd,en,"Lady Leatherface - Aberdeen, New South Wales, Australia",2025-08-08,,,,,
"July 5th, 2025 a predator in Nanjing, China is arrested. He’s been nicknamed, ‘Uncle Red’ and his face gets plastered on the news. Finally. The community can breathe and go about their daily lives, right? No. Netizens instead start a boycott and it works.   No future travel into or through Nanjing.Gyms are shutting down. No one wants to visit. Some residents are ashamed to have an Nanjing address. Suddenly the biggest online diss you can throw at someone on Chinese social media is telling them that their husband or father is from Nanjing. It’s clear that after Uncle Red’s arrest, nothing and nobody is the same… but how the hell is an entire city impacted by one man’s arrest? For that, all you have to do is log onto Chinese social media and you’ll see it. I’m talking, screenshots, gifs, full videos, memes, AI parodies of Uncle Red’s crimes... Over a thousand graphic videos that captured hundreds of Nanjing residents in their most intimate moments between them and a partner. They had no idea Uncle Red was recording them.And they had no idea that the partner participating in the videos with them was actually Uncle Red too.   Full show notes at rottenmangopodcast.com  Hosted by Simplecast, an AdsWizz company. See pcm.adswizz.com for information about our collection and use of personal data for advertising.",5029041,False,5RJgU0WCIzbZ3np8tq8jjO,en,"China's ""Red Uncle/Sister Hong"" Exposed W/ 1600+ Victims But Became The Biggest MEME",2025-08-04,,,,,
"This week, in Freeland, Washington, this small, island community is shocked, when a man is brutally murdered, especially because it's obviously a large conspiracy, involving many people. Those possible people are a former Ms. Washington beauty queen, a hairdresser, who has never left her hometown & a software millionaire/jazz guitarist. A wild story unfolds, with suspects, fleeing to Mexico, beauty queens on drugs, and one of the craziest murder plots that has ever happened!   Along the way, we find out that no on wants to be hypnotized, as they walk around a local fair, that you shouldn't marry someone that you don't even like, and that usually the person who benefits from the murder, is the one who gets in trouble, but sometimes not!!   New episodes, every Wednesday & Friday nights!!   Donate at patreon.com/crimeinsports or at paypal.com and use our email: crimeinsports@gmail.com Go to shutupandgivememurder.com for all things Small Town Murder, Crime In Sports & Your Stupid Opinions!   Follow us on... instagram.com/smalltownmurder facebook.com/smalltownpod   Also, check out James & Jimmie's other shows, Crime In Sports & Your Stupid Opinions on Apple Podcasts, Spotify, or wherever you listen to podcasts!!",4805146,True,7vZmAyfgA4RYPsoMxCxwKU,en,"Beauty Queen Conspiracy Murder - Freeland, Washington",2025-08-22,,,,,
"This week, in Kings Mountain, North Carolina, a rural dirt road is the scene of a bloody attack on two people, after a year long fight, between neighbors. The neighbors had been messing with each other, tearing up the community road, cursing, stalking, fist fighting, and pointing guns at each other, until one morning, when it all spins out of control, ending in cold blooded murder! Will the jury buy a self defense claim?   Along the way, we find out that you can have a beach, just about anywhere, that adults shouldn't fight with neighbors, while at work, and that it's much easier to move, than it is to go on trial for murder!!   New episodes, every Wednesday & Friday nights!!   Donate at patreon.com/crimeinsports or at paypal.com and use our email: crimeinsports@gmail.com Go to shutupandgivememurder.com for all things Small Town Murder, Crime In Sports & Your Stupid Opinions!   Follow us on... instagram.com/smalltownmurder facebook.com/smalltownpod   Also, check out James & Jimmie's other shows, Crime In Sports & Your Stupid Opinions on Apple Podcasts, Spotify, or wherever you listen to podcasts!!",4316238,True,2gcgaL87nTSeGXlKk2p36m,en,"The Thirsty Killer - Kings Mountain, North Carolina",2025-08-29,,,,,
"This week, in Greer, South Carolina, a strange murder scene is found, with a woman, butchered, while rose petals lay on the ground, all around her body. There are a couple suspects, including her boyfriend, who frantically deleted pictures from his phone, before police arrived. Also, her ex, who she has been in a bitter custody with, for several years. It turns out to be stranger than anyone could've imagined, with police arresting a concert pianist, who she has never met! This story just gets crazier, the more you dig!!   Along the way, we find out that you can either be ""old & bitter"", or a ""mentally unstable teenager"", that people's phones can reveal much more than meets the eye, and that excessive piano playing can lead to violence!!   New episodes, every Wednesday & Friday nights!!   Donate at patreon.com/crimeinsports or at paypal.com and use our email: crimeinsports@gmail.com Go to shutupandgivememurder.com for all things Small Town Murder, Crime In Sports & Your Stupid Opinions!   Follow us on... instagram.com/smalltownmurder facebook.com/smalltownpod   Also, check out James & Jimmie's other shows, Crime In Sports & Your Stupid Opinions on Apple Podcasts, Spotify, or wherever you listen to podcasts!!",4944300,True,37bZ6x7gS259HWOY5A4Rwl,en,"Bloody Rose Petals - Greer, South Carolina",2025-08-01,,,,,
"This week, in Oak Grove, Oregon, when a group of bystanders attempt to save woman's life, after she was brutally stabbed, in a Denny's parking lot, no one can imagine that it would lead to the discovery of a makeshift forest graveyard, and one of the worst serial killers that the northwest has ever seen. He's a nasty one, with the cover of a good father, husband & business owner, but a night time hobby of prowiling the streets!!   Along the way, we find out that we haven't heard of many folk music acts, that very small things from your childhood can send you off in a weird direction, and that where there is one forest graveyard, there is probably more!!   New episodes, every Wednesday & Friday nights!!   Donate at patreon.com/crimeinsports or at paypal.com and use our email: crimeinsports@gmail.com Go to shutupandgivememurder.com for all things Small Town Murder, Crime In Sports & Your Stupid Opinions!   Follow us on... instagram.com/smalltownmurder facebook.com/smalltownpod   Also, check out James & Jimmie's other shows, Crime In Sports & Your Stupid Opinions on Apple Podcasts, Spotify, or wherever you listen to podcasts!!",11696797,True,2lUcvYb2PosJYR7KjHECkM,en,"Forest Serial Killer - Oak Grove, Oregon",2025-09-18,,,,,
"   President Trump demolishes the White House’s East Wing to make room for his ostentatious 90,000 square foot ballroom. Jon, Dan, and Alex Wagner — host of Crooked Media’s newest podcast “Runaway Country” — react to the the demolition and the latest news, including Trump’s demand that the Justice Department pay him $230 million in taxpayer money, his pardon of a crypto CEO convicted of failing to report terrorist organizations who used his platform to launder money, and the latest from 2025’s most important elections in New York, New Jersey, and Virginia. Then, Tommy is joined by the Pipeline Fund’s Denise Feriozzi to talk about building a deeper Democratic bench and why it’s so important for people to run for local office.Watch this episode ad-free on Youtube.                   📢 Share |    ⚙️ Manage Subscription ",5516000,False,1tQ1lKxEGc4baD4w0BDlNP,en,Trump (Literally) Destroys White House,2025-10-24,,,,,
"How did four Liverpool teenagers become the most influential band on earth? What made their music and charisma irresistible to a generation? And, how did their ambition and timing spark a cultural revolution that still resonates today?  In the first of two special episodes, Tom is joined by Conan O’Brien to explore the Beatles’ meteoric rise: the personalities, the breakthroughs, and the explosive cultural impact that turned a local act into the defining band of the 20th century.  The Beatles’ nine-part “Anthology” documentary series has been restored and is now available to watch on Disney+. Thank you to Apple Corps and Disney for the opportunity to use archive from the Anthology in these special Beatles episodes. _______ Hive. Know your power. Visit https://hivehome.com to find out more.  _______ Get our exclusive NordVPN deal here ➼ https://nordvpn.com/restishistory It's risk-free with Nord's 30-day money-back guarantee ✅ _______ Twitter: @TheRestHistory @holland_tom @dcsandbrook Video Editor: Jack Meek / Harry Swan Social Producer: Harry Balden Assistant Producer: Aaliyah Akude Producer: Tabby Syrett Senior Producer: Theo Young-Smith Director: Chris Floyd Cameras: Patrick Acum & Tom Frimley Sound: Ali Pares Learn more about your ad choices. Visit podcastchoices.com/adchoices",2865685,False,0i6RjOCOitGFWvs5xdGrQ3,en,"The Beatles: The Band that Changed the World, with Conan O’Brien (Part 1)",2025-12-03,,,,,
"Aubrey Plaza may or may not have been at the Salem witch trials. Amy hangs with her former 'Parks & Rec' costar and talks about getting run out of her NYU dorm by mice, weirding out Mike Schur, and loving the WNBA. Host: Amy PoehlerGuests: Margaret Qualley and Aubrey PlazaExecutive Producers: Bill Simmons, Amy Poehler, and Jenna Weiss-BermanFor Paper Kite Productions: Executive producer Jenna Weiss-Berman, coordinator Sam Green, and supervising producer Joel LovellFor The Ringer: Supervising producers Juliet Litman, Sean Fennessey, and Mallory Rubin; video producers Jack Wilson, Belle Roman, and Aleya Zenieris; lighting director Caroline Jannace; audio producer Kaya McMullen; video editor Drew van Steenbergen; and booker Kat SpillaneOriginal Music: Amy Miles  The 2025 Tiguan redesigns expectations. Learn more about your ad choices. Visit podcastchoices.com/adchoices",4070378,False,6uA4RvincWtYpLFoCJMKi0,en,Aubrey Plaza,2025-08-19,,,,,
"🤔 ⁠⁠⁠⁠⁠⁠⁠⁠⁠⁠⁠⁠⁠⁠⁠⁠⁠⁠⁠⁠⁠⁠⁠⁠⁠⁠⁠⁠⁠⁠⁠⁠⁠⁠⁠⁠⁠⁠⁠⁠⁠⁠⁠⁠⁠⁠⁠⁠⁠⁠⁠⁠⁠⁠⁠⁠⁠⁠⁠⁠⁠⁠⁠⁠⁠⁠⁠⁠⁠⁠⁠⁠⁠Think you’re good with money? Take our Money in America quiz!⁠⁠⁠⁠⁠⁠⁠⁠⁠⁠⁠⁠⁠⁠⁠⁠⁠⁠⁠⁠⁠⁠⁠⁠  While we are out for Christmas break, we've compiled some of our favorite Dave and Ken calls from the past two years. We'll be back with a live show in the tomorrow!  Dave Ramsey & Ken Coleman answer your questions and discuss:     My father is trying to bribe me into signing a document that alters the trust my grandfather left     My In-laws are upset that I haven't paid them back     Take out a loan to buy a $1M business?     My husband keeps racking up debt on credit cards     I'm paying my divorce layers with credit cards     How do I get my mother-in-law to move out?     My dad wants me to cosign for a HELOC    Next Steps:⁠⁠⁠⁠⁠⁠⁠⁠⁠⁠⁠⁠⁠⁠⁠⁠⁠⁠⁠⁠⁠⁠⁠⁠⁠⁠⁠⁠⁠⁠⁠⁠⁠⁠⁠⁠⁠⁠⁠⁠⁠⁠⁠⁠⁠⁠⁠⁠⁠⁠⁠⁠⁠⁠⁠⁠⁠⁠⁠⁠⁠⁠⁠⁠ ✔️⁠⁠⁠⁠⁠⁠⁠⁠⁠ ⁠Help us make the show better. Please take this short survey.⁠⁠⁠⁠⁠⁠⁠⁠⁠⁠ 📞 Have a question for the show? Call 888-825-5225 weekdays from 2–5 p.m. ET or⁠⁠⁠⁠⁠⁠⁠⁠⁠⁠⁠⁠⁠⁠⁠⁠⁠⁠⁠⁠⁠⁠⁠⁠⁠⁠⁠⁠⁠⁠⁠⁠⁠⁠⁠⁠⁠⁠⁠⁠⁠⁠⁠⁠⁠ ⁠send us an email⁠⁠⁠⁠⁠⁠⁠⁠⁠⁠⁠⁠⁠⁠⁠⁠⁠⁠⁠⁠⁠⁠⁠⁠⁠⁠⁠⁠⁠⁠⁠⁠⁠⁠⁠⁠⁠⁠⁠⁠⁠⁠⁠⁠⁠ 💵 ⁠⁠⁠⁠⁠⁠⁠⁠⁠⁠⁠⁠⁠⁠⁠⁠⁠⁠⁠⁠⁠⁠⁠⁠⁠⁠⁠⁠⁠⁠⁠⁠⁠⁠⁠⁠⁠⁠⁠⁠⁠⁠⁠⁠⁠⁠⁠⁠⁠⁠⁠⁠⁠⁠⁠⁠Start your free budget today by downloading the EveryDollar app⁠⁠⁠⁠⁠⁠⁠⁠⁠⁠⁠⁠⁠⁠⁠⁠⁠ 💻 ⁠⁠⁠⁠⁠⁠⁠⁠Find out where you stand with your money and get a free plan⁠⁠⁠⁠⁠⁠ 📘 Preorder What No One Tells You About Money today now and get $100+ in bonus items   Connect With Our Sponsors:    Get 10% off your first month of⁠⁠⁠⁠⁠⁠⁠⁠⁠ BetterHelp⁠⁠⁠⁠⁠⁠⁠⁠⁠.   Go to ⁠⁠⁠⁠⁠⁠⁠⁠⁠Boost Mobile⁠⁠⁠⁠⁠⁠⁠⁠⁠ to switch today!   Go to⁠⁠⁠⁠⁠⁠⁠⁠⁠ ⁠⁠⁠⁠⁠⁠⁠⁠⁠⁠⁠⁠⁠⁠⁠⁠⁠⁠Casper Sleep⁠⁠⁠⁠⁠⁠⁠⁠⁠ and use promo code RAMSEY to learn more.   If you want your car to keep going and going, trust ⁠Christian Brothers Automotive⁠. Find a local shop and get an exclusive Ramsey discount of 10% off.    Learn more about⁠⁠⁠⁠⁠⁠⁠⁠⁠ Christian Healthcare Ministries⁠⁠⁠⁠⁠⁠⁠⁠⁠.   Get started today with⁠⁠⁠⁠⁠⁠⁠⁠⁠ Churchill Mortgage⁠⁠⁠⁠⁠⁠⁠⁠⁠.   Get 20% off when you join ⁠⁠⁠⁠⁠⁠⁠⁠⁠DeleteMe⁠⁠⁠⁠⁠⁠⁠⁠⁠.   Go to⁠⁠⁠⁠⁠⁠⁠⁠⁠ FAIRWINDS Credit Union⁠⁠⁠⁠⁠⁠⁠⁠⁠ for an exclusive account bundle!   Debt collectors hassling you? Take back control of your life at ⁠⁠⁠⁠⁠⁠⁠⁠⁠Guardian Litigation Group⁠⁠⁠⁠⁠⁠⁠⁠⁠    Find top health insurance plans at ⁠⁠⁠⁠⁠⁠⁠⁠⁠Health Trust Financial⁠⁠⁠⁠⁠⁠⁠⁠⁠.   Use code RAMSEY to save 20% at ⁠⁠⁠⁠⁠⁠⁠⁠⁠Mama Bear Legal Forms⁠⁠⁠⁠⁠⁠⁠⁠⁠.   Visit⁠⁠⁠⁠⁠⁠⁠⁠⁠ NetSuite⁠⁠⁠⁠⁠⁠⁠⁠⁠ today to learn more.    Get started with ⁠⁠⁠⁠⁠⁠⁠⁠⁠YRefy⁠⁠⁠⁠⁠⁠⁠⁠⁠ or call 844-2-RAMSEY.   Visit⁠⁠⁠⁠⁠⁠⁠⁠⁠ Zander Insurance⁠⁠⁠⁠⁠⁠⁠⁠⁠ for your free instant quote today!    Explore more from Ramsey Network: 💸 ⁠⁠⁠⁠⁠⁠⁠⁠⁠The Ramsey Show Highlights⁠⁠⁠⁠⁠⁠⁠⁠⁠ 🧠 ⁠⁠⁠⁠⁠⁠⁠⁠⁠The Dr. John Delony Show⁠⁠⁠⁠⁠⁠⁠⁠⁠ 🍸 ⁠⁠⁠⁠⁠⁠⁠⁠⁠Smart Money Happy Hour⁠⁠⁠⁠⁠⁠⁠⁠⁠ 💡 ⁠⁠⁠⁠⁠⁠⁠⁠⁠The Rachel Cruze Show⁠⁠⁠⁠⁠⁠⁠⁠⁠ 💰 ⁠⁠⁠⁠⁠⁠⁠⁠⁠George Kamel⁠⁠⁠⁠⁠⁠⁠⁠⁠ 🪑 ⁠⁠⁠⁠⁠⁠⁠⁠⁠Front Row Seat with Ken Coleman⁠⁠⁠⁠⁠⁠⁠⁠⁠ 📈 ⁠⁠⁠⁠⁠⁠⁠⁠⁠EntreLeadership⁠⁠⁠⁠⁠⁠⁠⁠⁠  ⁠⁠⁠⁠⁠⁠⁠⁠⁠Ramsey Solutions Privacy Policy⁠⁠⁠ Learn more about your ad choices. Visit megaphone.fm/adchoices",7668864,False,5hmFugsna5PdVEL92PSV7n,en-US,Money Turns Family Drama Into Financial Disaster,2026-01-05,,,,,
"should you confront that one person who’s been bothering you or ignore it in the name of protecting your peace? we talk with a forgiveness expert to find out what it truly means to protect our peace and if maybe the modern obsession over cutting people off is only making us feel more lonely. through reflections on our own qualms with those close to us, we navigate the delicate balance between saving a connection or choosing to let go and how to make the decision.Follow GrownKid on Instagram: @Grownk1d @gaelaitor @_kaylasuarezFeatured Guests: Dr. Robert Enright: https://edpsych.education.wisc.edu/st..., researcher and pioneer on the scientific study of forgivenessAbout our Partners: GrownKid is made possible by the Schultz Family Foundation, dedicated to helping young people unlock their full potential and successfully navigate to fulfilling careers.GrownKid is made in partnership with Joy Coalition where purpose driven content meets powerful storytelling. From 13 reasons Why to unprisoned, Joy Coalition projects are made to bridge generations and drive groundbreaking conversations. Interested in a career in mental health? Check out the Youth Mental Health Corps – a new program created by the Schultz Family Foundation, Pinterest and AmeriCorps - where anyone with a high school degree can gain experience, skills, and a credential during a year of paid service in the mental health field. Learn more at youthmentalhealthcorps.orgResources: What is OppNet?The Opportunity Network is a New York City-based national nonprofit organization that ignites the drive, curiosity, and agency of underrepresented students on their paths to and through college and into thriving careers, powered by our commitment to access and community. Through our programs, students gain access to educational resources, professional networks, and career opportunities. Visit opportunitynetwork.org for more information. Learn more about your ad choices. Visit megaphone.fm/adchoices",1806814,False,5UJ1EPuIMgRPytammnLFEY,en,The Science of Forgiveness Ft. Dr Robert Enright,2025-01-10,,,,,
"Hunter confidently recommends The Disappearance of Ashley Kansas, Eyeless Jack, and The Pancake Family for the guy's second round of Creepy Grab Bag stories. One story delights, one confuses, and another Hunter would rather never talk about again. Learn more about your ad choices. Visit megaphone.fm/adchoices",6066546,False,6MTBhl0VkjtJiFklfe01Eb,en,Creepy Grab Bag #2 | Creep Cast,2024-08-11,,,,,
"This week, Isaiah and Hunter read all ten parts of the highly anticipated story Stolen Tongues. And, the guys officially get CREEPED out. Make sure you know where everyone is before you start this one. Learn more about your ad choices. Visit megaphone.fm/adchoices",15396336,False,6GG2rcO8KCL9SiLA2K4lm9,en,Stolen Tongues | Creep Cast,2024-08-18,,,,,
This was made by YeFan911 | YeFan911 Discord | YeFan911 YouTube | Violent Crimes but it'll make you think for a while |,667820,True,0BJAcw32lzvXkd3opzBUY7,en,Violent Crimes (11 Minute Edit),2026-02-08,,,,,
Track 3,216433,True,5LPTsN5hxY1Vje8Emy0hVd,en,Odd Toddlers - Tyler,2023-09-11,,,,,
Track 4,243043,True,6wG3kPGfBRSgDayV5PyA6s,en,French! - Tyler,2023-09-11,,,,,
Track 6,215040,True,77w6m0oRwA2du7JKRy9rmy,en,Pigs Fly - Tyler,2023-09-11,,,,,
"In the debut episode from their new set, the boys read another tale from Rebecca Klingel, the author of Borrasca. Also Hunter really has to ask Isaiah something… Learn more about your ad choices. Visit megaphone.fm/adchoices",12111072,False,5fYbkq8rTvjRpYeLRK5tkS,en,Deepwoods | Creep Cast,2024-10-27,,,,,
"Living in the remote countryside, a lonely man finds a growth on his skin. After putting the matter off, a doctor removes a mass of hair and teeth. In time, it'll breed. Soon, it'll speak.Link to Wiki Learn more about your ad choices. Visit megaphone.fm/adchoices",5332506,False,4jf6by5ZLGcoNeCKYxulL0,en,"It Breathes, It Bleeds, It Breeds | Creep Cast",2024-09-01,,,,,
"[video available on spotify] welcome back to advice session, a series on anything goes where you send in your current dilemmas or anything that you want advice on, and i give you my unprofessional advice. today’s topic is standards. sometimes our standards are too high, sometimes they’re too low, and when we’re lucky, sometimes they fall somewhere in between. Learn more about your ad choices. Visit podcastchoices.com/adchoices",2633918,False,1TxJyRy7brYzKStPRzjrMs,en,are my standards too high? advice session [video],2025-02-16,,,,,
"Thomas took a job. It was simple enough, good pay. But there are just some things you can’t unsee.Link to Author's Work Learn more about your ad choices. Visit megaphone.fm/adchoices",9539186,False,5o77k4rK74bCcnjznB47Wv,en,My Job Is Watching A Woman Trapped In A Room | Creep Cast,2024-09-08,,,,,
"Weird things are happening at this gas station. And Jack is telling us all about it. A beloved creepypasta and now a four-part book series, the boys embark on one of the most requested stories of the year.Show notes link: (https://www.creepypasta.com/tales-from-the-gas-station/) Learn more about your ad choices. Visit megaphone.fm/adchoices",11231451,False,4VGPWjIKDC435U4bD001s7,en,Tales From The Gas Station | Creep Cast,2024-09-22,,,,,
"Can role play physically change you? How long should it last? After a man quits his job and begins to wear diapers, where can it go from here? Learn more about your ad choices. Visit megaphone.fm/adchoices",7743921,False,5pIq4d4TVV8t8mvOx1ahEX,en,My Wife Has Taken Our Roleplaying Too Far | Creep Cast,2024-10-06,,,,,
"A boy's sheepdog darts into the Canadian wilderness and disappears for three days. Hunting season has just begun. Funny enough, the dog coming back is the problem. This story also dredges up an uncomfortable memory from Hunter's childhood. Learn more about your ad choices. Visit megaphone.fm/adchoices",4171257,False,6oAGyWlbgJnP5Nha3LKa1i,en,My Dog Was Lost For Three Days. What Came Back Wasn't My Dog | Creep Cast,2024-10-13,,,,,
"the romanticization of overachieving is so real. I feel like success used to be measure in consistency and focus, not in how many college club meetings you can attend in one night.I think we have to learn our limits and we have to know when it's time to just scale back what we do. It's better to do less and do it exceptionally well than fail at doing way too many things.sending you all love and peaaaaaaaace!https://linktr.ee/thezurkieshow ",1369854,False,5ahpVvbL9oy8LX1SKJ3Ss7,en-US,why you're so worn out (and how to fix it),2025-03-03,,,,,
SCP's are on the menu! The guys record from the road on their sold-out live tour to talk about an ancient eel that seems to be stealing people’s memories. Learn more about your ad choices. Visit megaphone.fm/adchoices,5663791,False,29634qd6ccMjVL0EKFMDxI,en,SCP 3000 | Creep Cast,2024-11-03,,,,,
"As promised, in honor of the one year anniversary of Creep Cast, Isaiah and Hunter read Ted The Caver together. Learn more about your ad choices. Visit megaphone.fm/adchoices",11631751,False,3QlyGWSzLH5v3UudxhLgn3,en, Ted The Caver | Creep Cast,2024-11-10,,,,,
"This week the guys read Something Walks Whistling Past at 3:03 AM and Maria on the Moon, both by author, Travis Brown. Tag along as Isaiah and Hunter read these stories with virgin eyes. But when the Whistler comes, don't you dare look.Get Creep Cast merch here: https://creepcast.junipercreates.com/Buy How To Build A Haunted House here: https://www.amazon.com/How-Build-Haunted-House-Unforgettable/dp/B09ZC9P4D6?_encoding=UTF8&qid=&sr= Learn more about your ad choices. Visit megaphone.fm/adchoices",5683435,False,0YxTMngHtM9bhrJZzee1Gx,en,The Whistler At 3:03 AM | Creep Cast,2024-11-17,,,,,
"Isaiah and Hunter read some of the most requested, most beloved creepypastas there are. But probably not for the reasons you'd think. In the end, it's just two guys dicking around. You're listening to Creep Cast Live On Tour! Learn more about your ad choices. Visit megaphone.fm/adchoices",15785377,False,5GOmKmJhE1WBlrXCCiP5Vd,en,"Goatman, Laughing Jack and more... | Creep Cast",2024-11-24,,,,,
"This week, the guys read one of the oldest creepypastas to exist. Written by a very talented screenwriter, this thread of email correspondence unravels a theory that a particular house keeps luring them in. Learn more about your ad choices. Visit megaphone.fm/adchoices",10984385,False,6wti1SLNDyQEQyWuq2LLvo,en,The Dionaea House | Creep Cast,2024-12-01,,,,,
"would you rather be ""alpha"" or be funny. I'd rather have a good laugh, troll around a little, because it makes life a lot more fun. things aren't that serious, and maybe it's time to let go.  https://linktr.ee/thezurkieshow",1268318,False,04opweoIugNxo01XfxzJRM,en-US,life sucks if you can't laugh at it,2025-01-21,,,,,
"After a series of recording misfortunes, this title spoke to Hunter. In Peter Frost David's tale, time is moving too slow to bear. After a man participates in an experimental drug trial, he is forced to reach out to have the public put him out of his misery. Learn more about your ad choices. Visit megaphone.fm/adchoices",6587585,False,6heVhEgKZnlVdxBIZf6fyf,en,"If You're Armed At the Glenmont Metro, Please Shoot Me | Creep Cast",2024-12-22,,,,,
"For the last Sunday of the year, we revisit all of the best riffs, bits, stories, and goofs on Creep Cast. See you all in the new year. Also, Thank You to the one and only Darbo for getting these clips together! Learn more about your ad choices. Visit megaphone.fm/adchoices",20156394,False,1ZLfK0w4A8wk6JZMVhu4ed,en,Best of Creep Cast 2024 ,2024-12-29,,,,,
"A prophecy in space. One dead astronaut, one struggling to survive. Cosmic horror at its best. Learn more about your ad choices. Visit megaphone.fm/adchoices",4606354,False,20yi86rN5GWeIwO5XMEIBV,en,The Only Other Astronaut On This Mission Died Six Weeks Ago ,2025-01-12,,,,,
"What would you do if someone had a cure for your child? To save them, make them new again. Would you venture into the forest? Would you give them up? May you have faith. Learn more about your ad choices. Visit megaphone.fm/adchoices",6547304,False,28DYdmSNJPnJkF0byByvPm,en,Berries In The Window | Creep Cast,2025-01-19,,,,,
Two friends play a dangerous game in the hopes to improve each other’s lives. The result: one friend has a great time and the other is endures a life of Hell. Learn more about your ad choices. Visit megaphone.fm/adchoices,15028192,False,3u0eYF7DdZI1qCn00Ghoua,en,I Dared My Best Friend To Ruin My Life | Creep Cast,2025-01-26,,,,,
"This week's Tea: Slytherin PomegranateWE HAVE MERCH!!! You can check out our store athttps://ghosteas.com/Shipping only to the US at this time.Got questions, stories, or spooky encounters of your own? You can also send us an email at ghosteaspod@gmail.com. Your story could be featured in an upcoming episode! 👇🗣️If you're craving more ghostly goodness, remember to check out our YouTube @ghosteaspod Stay haunted, stay curious, and stay tuned for more Ghosteas! 👻🍵 Follow us on Instagram, Facebook, TikTok, and ⁠⁠⁠⁠⁠⁠⁠⁠⁠⁠⁠⁠⁠⁠⁠⁠⁠⁠⁠⁠⁠⁠⁠YouTube (@ghosteaspod)Ghosteas PO Box:1106 Main StPO Box 576Bastrop, TX 7860200:00 Intro03:00 Story 1 - Roxanna07:30 Story 2 - Emma11:55 Story 3 - Mads14:14 Story 4 - Zoie19:20 Story 5 - Anonymous23:38 Story 6 - Poppy25:51 Story 7 - Payton28:48 Story 8 - Onna31:57 Story 9 - Julia36:07 Story 10 - Gissel37:58 Story 11 - Heather40:44 OutroMusic from #Uppbeathttps://uppbeat.io/t/theo-gerard/wistful-waltzLicense code: QMAHG1FFRPNJUAPX  Learn more about your ad choices. Visit podcastchoices.com/adchoices",2533546,False,09jEJh2dWErTBpeUJ83I4x,en-US,"Ouija Boards, Premonitions, & Ghosts || Listener Stories 35 || Ghosteas Tea Party👻",2025-04-01,,,,,
A blind person lives alone. One day they trip down the stairs. The amount of steps keep seeming to change. How can that be? And what is this stuff on the ground? Learn more about your ad choices. Visit megaphone.fm/adchoices,4360698,False,3fQTQhncRWpjun02QFH8pJ,en,"I'm Blind, I'm Not Sure How Many Steps My Staircase Has | Creep Cast",2025-02-02,,,,,
"In this collection, a heavy package returns to sender and starts to smell. Something is happening to all the pigeons. And, a hot air balloon flies across the sky with no one in it. Learn more about your ad choices. Visit megaphone.fm/adchoices",4671425,False,2YpbpiLDHlwbC1cA2iWVkB,en,The Pigeons Around Here Aren't Real | Creep Cast,2025-02-09,,,,,
Our protagonist finds Itself in The Hole and must find a way out. Each reveal is crazier than the next. Learn more about your ad choices. Visit megaphone.fm/adchoices,10809386,False,6yoDU39cJBDHB4jvfeU7Bj,en,The Hidden Webpage | CreepCast,2025-02-16,,,,,
"After their ship nearly capsizes, seafarers seek refuge on an abandoned ship. Quickly they realize it’s a ghost ship lost at sea. Learn more about your ad choices. Visit megaphone.fm/adchoices",14614485,False,7AiaZgxBrI0XX7O0urSYum,en,My Crew And I Are Stuck Aboard An Abandoned Ship | Creep Cast,2025-02-23,,,,,
"Today we are going to be talking about the horrific crimes of Scottish serial killer, Robert Black.You can also find me on:⁠⁠⁠⁠⁠YouTube⁠⁠⁠⁠⁠⁠⁠⁠⁠⁠Instagram⁠⁠⁠⁠⁠⁠⁠⁠⁠⁠TikTok⁠⁠⁠⁠⁠Contact for business enquiries: contact@bfiori.com",3500649,False,5oJx0yQlIZKMM79Tvn2opS,en-AU,THE MOST EVIL MAN IN SCOTLAND,2025-04-07,,,,,
"A lowly busboy works at a fancy restaurant where everyone is family. But, the family isn't allowed to dine there. Soon, we learn why. Learn more about your ad choices. Visit megaphone.fm/adchoices",6832170,False,4wTiLDCZRIJH7wj992OvO9,en,Azalea's Cookhouse Is A Family Restaurant,2025-03-02,,,,,
Hunter and Isaiah dive in to all of the original creepypasta stories. Learn more about your ad choices. Visit megaphone.fm/adchoices,8334549,False,36XLPssgEquHCrHFzhTWUK,en,"Reading Creepypasta Classics: The Rake, Candle Cove, Mr. Widemouth | Creep Cast",2025-03-09,,,,,
The lads connect to the elder deep one with this tasteful homage to lovecraft. Learn more about your ad choices. Visit megaphone.fm/adchoices,6115349,False,10goMYMuI2tyYiWNr0Fkzj,en,Dagons Mirror | Creepcast ,2025-03-16,,,,,
"Soon to be a movie starring Sydney Sweeney, the guys read a story about a woman who pretends to be a girl who went missing over a decade ago. Learn more about your ad choices. Visit megaphone.fm/adchoices",5491968,False,4N6Aa63BAUTUEQmdBoUXIJ,en,I Pretended To Be A Missing Girl | Creep Cast,2025-03-30,,,,,
"Trigger Warning: This story includes discussions of r*pe and child death. Scott receives a letter from himself. This Scott claims to be from another world. Soon, he will find out just how different that world really is. Learn more about your ad choices. Visit megaphone.fm/adchoices",8020522,False,7xpasurYciDoBuwVCwfRx4,en,"I Wrote Myself A Letter, I Got A Response | Creep Cast",2025-04-06,,,,,
"Welcome back to The Lore Lodge...https://www.bunkerbranding.com/pages/the-lore-lodgeSubscribe on Patreon to support The Lore Lodge for just $1 per month! https://patreon.com/thelorelodgeGet our new signature coffee blend at https://tablowroastingco.com/products/the-lore-lodge-mt-pocono-perkShop our online retail store, find other content, and buy our partners' products at https://linktr.ee/theaidanmattisDiscord: https://bit.ly/jointhelodgeShop sustainable products at https://www.gaiaindustrees.com/ using code ""LORE""Join this channel to get access to perks:https://www.youtube.com/channel/UCctfIbo24UITlmfJbednOqA/join  Learn more about your ad choices. Visit podcastchoices.com/adchoices",7457750,True,64jJPYE8qRCxYojNXNGPRv,en-US,The Bizarre Psychology of the Ramsey Family | Podcast Episode 166,2025-04-24,,,,,
"The boys read legendary author Thomas Ligotti's work, marking it as the first non-creepy pasta book on the channel. This episode covers three short stories from the author that showcase his wide range of style. Learn more about your ad choices. Visit megaphone.fm/adchoices",9840149,False,3yskQ6FjJOaUEkwyxqkwte,en,The Red Tower | Creep Cast,2025-04-13,,,,,
"Genres can simplify but complicate things at the same time. This week I delve into the reasons why, and also why I don't like FUNK.    Sections  Introduction: 00:00 Thesis: 00:36 Why they're needed: 02:08 Why they're not needed: 3:39 Best case scenario: 07:42 Worst case scenario: 12:05 Solutions: 19:08 Closing thought: 23:40  Show notes The post disco culprit: https://www.tiktok.com/@gee_derrick/video/7177334354647977217?is_copy_url=1&is_from_webapp=v1 Follow me TikTok: https://tiktok.com/@gee_derrick Instagram: https://www.instagram.com/gee_derrick/ Newsletter: https://derrickgee.substack.com/ Spotify: https://open.spotify.com/user/derrickgee?si=c0a0d965f56b4be5  About Me: Hi there! My name is Derrick Gee - radio host, DJ and creator who likes to talk about music, hifi and ideas. Thanks for reading this - you really didn’t have to. Much love!",1597268,True,7ucBrFWwalthGrl2tKGGFa,en,Genres Suck,2023-01-03,,,,,
"I was compelled to record this after watching the latest solo piano recital of Ryuichi's. It felt like now or never! Here I talk about my history, experiences and recommendations as it pertains to the goat Ryuichi Sakamoto. Save a bunch of the albums I mentioned after listening to this, and please, take your time to enjoy his discography!  Follow me TikTok: https://tiktok.com/@gee_derrick Instagram: https://www.instagram.com/gee_derrick/ Newsletter: https://derrickgee.substack.com/ Spotify: https://open.spotify.com/user/derrickgee?si=c0a0d965f56b4be5 About Me: Hi there! My name is Derrick Gee - radio host, DJ and creator who likes to talk about music, hifi and ideas. Thanks for reading this - you really didn’t have to. Much love! #tiktok #hifi #spotify",1464958,True,1nGtmKYL4xYvaP8XkNn2FL,en,A Beginner's Guide To Ryuichi Sakamoto,2022-12-27,,,,,
"A troubled blogger recollects his childhood terror and a mysterious show with haunting implications, Caledon Local 21 Learn more about your ad choices. Visit megaphone.fm/adchoices",7782400,False,1DELp3947Ns4OVS5ZgmdUs,en,1999 | Creep Cast,2024-04-20,,,,,
Meat products have become corrupted. Disgusting sludge births bug-like creatures. But how does it tase?  Over 2 Million Butts Love TUSHY. Get 10% off TUSHY with the code CREEPCAST at https://hellotushy.com/CREEPCAST     Learn more about your ad choices. Visit megaphone.fm/adchoices,6731882,False,76iah9ctmnhJgcAxnDolXx,en,Burgrr Entries | CreepCast,2025-04-20,,,,,
"TRIGGER WARNING: This story depicts, and has conversations surrounding, sexual abuse and rape. In the longest episode to date, Hunter and Isaiah cover one of their favorite stories on the channel ever   Stop putting off those doctors appointments and go to https://zocdoc.com/creepcast to find and instantly book a top-rated doctor today!    Learn more about your ad choices. Visit megaphone.fm/adchoices",26101482,False,6XrgzSmcDyURe4w6s4q2L3,en,Spire In The Woods | Creep Cast,2025-04-27,,,,,
"Training Without Conflict® Podcast Episode Sixty: Dr. Josef Witt-DoerringSSRIs, Dogs, and the Chemical Lobotomy No One Wants to Talk About - with Dr. Josef Witt-DoerringIn this episode, I sit down with Dr. Josef, a board-certified psychiatrist, former FDA medical officer, and one of the few voices brave enough to speak publicly about what SSRIs are really doing to people… and what that means for dogs.The so-called “safe and effective” narrative is crumbling.What we’re seeing instead are emotional numbness, cognitive damage, and permanent changes to the brain, and not just in humans.While the AVSAB continues to push SSRIs as a behavioral fix for dogs, the evidence of harm is mounting. In this conversation, we dismantle the myth of the “chemical imbalance,” and challenge the blind faith many trainers and veterinarians have placed in psychiatric drugs.If you’re a trainer, vet, or dog owner who cares about animal welfare, this is a conversation you can’t ignore.For more information about Dr. Josef, check out:https://www.instagram.com/taperclinichttps://www.youtube.com/channel/UCT0HW8jp8xDuczBnO7Kg7rAIvan Balabanov is a 2-time World Champion dog trainer, Ot Vitosha Malinois breeder, trainer of Premier Protection Dogs and founder of the revolutionary Training Without Conflict® dog training system.For more information about Ivan Balabanov's Dog Training School and information on how to train your dog using the Training Without Conflict® system, check out:https://trainingwithoutconflict.comhttps://malinois.comhttps://premierprotectiondogs.comPlease like, comment, and share with your dog friends💪🏼",5423893,False,6ekrvt19egy3GnCJSIOVeM,en-US,Episode Sixty: Dr. Josef Witt-Doerring,2025-05-08,,,,,
Read Ticci Toby by Kastoway here: ⁠https://www.creepypasta.com/ticci-toby/  Get started with AG1 Next Gen for less than $3 a day when you Subscribe! https://drinkag1.com/creepcast  Level up your game and get 10% off @TurtleBeach with code CREEPCAST at https://turtlebeach.com/creepcast   #turtlebeachpod      Learn more about your ad choices. Visit megaphone.fm/adchoices,4932096,False,7l71e4N6xXTj66aPRQ7Geq,en,Ticci Toby | Creep Cast,2025-05-04,,,,,
"Watch BRING HER BACK -- from directors Danny and Michael Philippou, in theaters May 30. A brother and sister uncover a terrifying ritual at the secluded home of their new foster mother.   Learn more about your ad choices. Visit megaphone.fm/adchoices",4723669,False,0LAIXcF0OtfwHGG891dBsd,en,Greywater  | Creep Cast,2025-05-11,,,,,
Wendigoon and MeatCanyon explore one of the internets best horror stories. A new family moves into a small Missouri town by the Ozarks and begins experiencing strange things that lurk in the towns mysterious past. Learn more about your ad choices. Visit megaphone.fm/adchoices,8721554,False,0onIxILeDQnqVa70BE2I2l,en,Borrasca Pt. 1 | Creep Cast,2024-01-14,,,,,
"Wendigoon and Meat Canyon read the chilling 2nd half of Borrasca, one of the internet's best horror stories. A new family moves into a small Missouri town by the Ozarks and begins experiencing strange things that lurk in the town's mysterious past. Learn more about your ad choices. Visit megaphone.fm/adchoices",8600058,False,6CLTN2Aam6j8J2kcKZSUEa,en,Borrasca Pt. 2 | Creep Cast,2024-01-21,,,,,
"TRIGGER WARNING: This episode features discussions and depictions surrounding sexual abuse, rape, and incest.  Today it all ends.  Take advantage of Ridge’s once-a-year Memorial Day Sale and get UP TO 40% Off right now by going to https://ridge.com/Creepcast #Ridgepod Read the Borrasca V by C.K. Walker here: https://ck-walker.com/borrasca-v/    Learn more about your ad choices. Visit megaphone.fm/adchoices",16436139,False,36kdZuwY1911maUhhN7AQv,en,Borrasca V | CreepCast,2025-05-18,,,,,
"FOLKS!!! WE ARE SOOOOO BACK!! This episode we talk about where i've been, the golden globes, the chicago pope, and the wild booktok convention   Follow Me:  https://instagram.com/kurtisconner/  https://twitter.com/kurtisconner  https://youtube.com/user/kurtisconner  Learn more about your ad choices. Visit megaphone.fm/adchoices",3141973,False,7h855n1EgYg9QdwJzcXscV,en,Episode #270  - This BookTok Convention Was a Disaster,2025-05-20,,,,,
The boys cover this beloved twitter ARG telling the story of the day the sky went black.  Learn more about your ad choices. Visit megaphone.fm/adchoices,12254143,False,4Qv4588DTMtp1WSmbK8rei,en,The Sun Vanished | Creep Cast,2025-05-25,,,,,
A young man is sent polaroids by a mysterious stranger that plagues him through his early years. Learn more about your ad choices. Visit megaphone.fm/adchoices,17777292,False,1MLS0CngTOD4tXmQwldvqi,en,PenPal | Creep Cast,2024-02-10,,,,,
"▶The most insane post-show we have ever filmed... her fiancé broke up with her over text and barraged her while we were filming the main episode... this is wild. Wach here: https://www.youtube.com/channel/UCLe_q9axMaeTbjN0hy1Z9xA/join  ▶▶Download my *budgeting app* today: *Apple:* https://apple.co/4iChGhr *Google Play:* https://bit.ly/sb-googleplay Don't overcomplicate this crap! All you need is an automated / SIMPLE budget. This comes with automatic account connections, my budget-friendly cookbook, an online community, and exclusive discounts on my products- change your financial future *NOW*  ▶▶▶ *AND REMEMBER* those who sign up for Simpler Budget Premium *annual* get a signed versions of the Cook Book and Simpler Budget Founders Edition Journal, just send proof of annual here: https://tally.so/r/3xzPq5  Use Yrefy to refinance your private student loans today at: https://yrefy.com/hammer or call (888) Yrefy-78  1% Bonus For Life - Earn Up To $5,000 Every Year With Silo Markets: https://www.silomarkets.com/caleb  Go to https://www.ro.co/caleb to see if your insurance covers GLP-1s—for free.  ▶▶▶Download my *budgeting app* today: *Apple:* https://apple.co/4iChGhr *Google Play:* https://bit.ly/sb-googleplay  ▶ Watch this episode's *POST* *SHOW* + get *MORE* Financial Audit here: https://www.youtube.com/channel/UCLe_q9axMaeTbjN0hy1Z9xA/join  ___________________________________________ ▶EDUCATION:  1. Bundle my budgeting, debt, investing and real estate program for *15% off* https://calebhammer.com/classpack/  2. *The best budgeting program online: https://calebhammer.com/budget  3. Get my investing class and I’ll give you a $100 towards investing: https://calebhammer.com/investing  4. Win with GOOD debt and get out of BAD debt correctly, learn in my debt program: https://calebhammer.com/formula  5. Everything you need for buying your first home to buy your first investment property: https://calebhammer.com/realestate/  6. Get your own free Hammer Financial Score: https://www.calebhammer.com  ___________________________________________ ▶RESOURCES  1. Checking & Savings: Get up to 3.80% APY, pay no account fees, and earn up to $300 when you sign up and set up direct deposits. Terms apply: https://creator.sofi.com/c/5535481/2068695/19219?adcampaignid=bank&adnetwork=brand *affiliate link  2. CourseCareers: Land a high-paying job with no experience or degree by going through an affordable online course https://coursecareers.com/CalebHammer  3. Get $20 from Acorns for free: sign up to get your bonus https://acorns.com/caleb  4. Get an exclusive HighLevel 30-day trial: https://gohighlevel.com/calebhammer  5. The credit building debit card: First 100,000 people to sign up for Fizz with code: HAMMER10 get $10: https://www.joinfizz.com/caleb (paid ad)  6. Helium Mobile: save a ton on your phone bill, sign up and get a FREE plan when using promo code CALEB https://hellohelium.com/  7. Online security: Protect your online privacy and security NOW and for free by following my link Aura: https://aura.com/hammer  8. Therapy: Make SonderMind your mental health home in 2025. Sign up at: https://pages.sondermind.com/caleb/  9. Stock Investing: Earn up to $5,000 in Cash Back every year on your Stocks & ETFs. Terms apply: https://silomarkets.com/caleb All investing involves risk. Silo Financial LLC (“Silo”) is registered with the SEC. The creator receives cash compensation and is not affiliated with Silo. Learn more about your ad choices. Visit megaphone.fm/adchoices",5990869,False,5Y9ykErpf9bQIjDwyJih1a,en,I’m Going To Get Sued For This | Financial Audit,2025-05-23,,,,,
"'Mission: Impossible—The Final Reckoning' Reactions | The Midnight Boys  The Boys are back and they’re diving into their thoughts on the final (?) installment of the franchise: ‘Mission: Impossible—The Final Reckoning.’  (0:00) Intro (10:00) Spoilers Ahead (11:56) Instant Reactions to 'Mission: Impossible—The Final Reckoning' (35:13) Criticisms of 'Mission: Impossible' (1:05:51) Midnight Meter (1:08:36) 'Mission: Impossible' Rankings (1:17:39) Outro (1:18:52) Post Credits  Hosts: Van Lathan, Charles Holmes, Jomi Adeniran, and Steve Ahlman Producers: Aleya Zenieris and Steve Ahlman Additional Production Support: Arjuna Ramgopal Learn more about your ad choices. Visit podcastchoices.com/adchoices",4973568,True,0Adyy1bmna09AmXD2CC7AJ,en,'Mission: Impossible—The Final Reckoning' Reactions | The Midnight Boys,2025-05-28,,,,,
"Thank you so much to Vincent Gelardi for making this video happen!New videos from Vincent and the team on Wendigang!:  @Wendigames  Check out the podcasts here:CreepCast:  @CreepPodcast  The Weird Bible Podcast:  @TheWeirdBible  DISCLAIMER: This video is for educational purposes. The events described and shown are historically/artistically significant and the content should be treated as a comprehensive recollection/analysis of events. The actions mentioned are in no way condoned or acceptable to myself or those who featured in the creation of this video. Any events or images depicted are artificial and in no way condone behavior of similar category. Please view responsibly, viewer discretion is advised.My LinksSecond channel/ Livestreams:  @Wendigames  Twitter: https://mobile.twitter.com/wendigoon8Subreddit: https://www.reddit.com/r/wendigoon/Business email: wendigoon@manatalentgroup.comPersonal/Inquiries: Wendigoon8@gmail.com",3540124,False,3cbldWOoBuFIiMVvVX5T1K,en,The Cult that Took Over a City & Killed Thousands,2025-05-15,,,,,
Nothing says vacation like a ritualistic summer camp.  Learn more about your ad choices. Visit megaphone.fm/adchoices,9999189,False,1uQJpUau4AE2hczESsSpBs,en,Camp Oakwood | CreepCast,2025-06-01,,,,,
Original iceberg image/post: https://www.reddit.com/r/LPOTL/comments/mzu318/serial_killer_iceberg_first_edition/,15715752,False,74QlssGUk8NKJS5wlrhwsl,en,The Serial Killer Iceberg,2023-12-14,,,,,
A teachers story about a weird farm in Nebraska takes our storyteller for the ride of his life Learn more about your ad choices. Visit megaphone.fm/adchoices,9427408,False,6eh0WdMNHia5La0HorLgZx,en,The Showers | Creep Cast,2024-05-04,,,,,
"These are 36 BEST Scary Stories of May 2025 | Deep Woods, Hunting, Camping, Skinwalker, Park Ranger, Wendigo and More. 11 Hours Of Scary Stories.Linktree: https://linktr.ee/its_just_creepyStory Credits:►Sent in to https://www.justcreepy.net/Music by:►'Decoherence' by Scott Buckley - released under CC-BY 4.0. www.scottbuckley.com.auhttps://www.youtube.com/watch?v=wM_AjpJL5I4&t=0s► Myuu's channelhttp://bit.ly/1k1g4ey ►CO.AG Musichttp://bit.ly/2f9WQpeBusiness inquiries: ►creepydc13@gmail.com#scarystories #horrorstories #deepwoods 💀As always, thanks for watching! 💀",39729256,False,3fVXLCcBjauRPVXXZWeJiP,en,"BEST Scary Stories of May 2025 | Deep Woods, Hunting, Camping, Skinwalker, Park Ranger, Wendigo",2025-05-30,,,,,
It's been a while since John has seen or talked to anyone. Maybe he just needs to go outside. Learn more about your ad choices. Visit megaphone.fm/adchoices,7457201,False,0sEriHAMwyBjRyZJLQqUhR,en,Psychosis | Creep Cast,2024-07-14,,,,,
"Content Warning: Claustrophobia, Body Degradation, Self Harm A man returns himself to the earth through the mouth of a cave   Try Rocket Money for free: https://RocketMoney.com/CREEPCAST  Over 2 Million Butts Love TUSHY. Get 10% off TUSHY with the code CREEPCAST at https://hellotushy.com/CREEPCAST    Learn more about your ad choices. Visit megaphone.fm/adchoices",4361173,False,1D2HOhnF9eILpPfsQYHN8j,en,Ensorcelled in the Earth | CreepCast,2025-06-08,,,,,
"Get MORE Bad Friends at our Patreon!! https://www.patreon.com/badfriends Thank you to our Sponsors: Shipstation, SelectQuote, Acorns, DraftKings • Shipstation: Start your free trial today at https://www.shipstation.com/badfriends.com/badfriends • Select Quote:Get the right life insurance for YOU, for LESS, at https://selectquote.com/badfriends • Acorns: Start investing in your future today at https://www.acorns.com/badfriends • Draft Kings: https://sportsbook.draftkings.com Bet the unexpected with DraftKings Sportsbook! Download the DraftKings Sportsbook app and use code BADFRIENDS*.  Watch David Mamet's Henry Johnson: https://henryjohnsonmovie.com  0:00 Shia Labeouf Thinks Bobby's a Genius 5:00 The Smaller, The Braver 10:00 Live Audience Reactions 15:00 Snow White Remake 23:00 Sneakily Making a Movie 30:00 Working on Megalopolis 35:00 Off Book 40:00 A Penguin, A Nun, and an Ostrich 45:00 Star Trek vs Star Wars 50:00 Dog-Eat-Dog World 55:00 Fighting w/ Robert De Niro 1:00:00 A Bright Kid 1:05:00 You're Not Read  More Bobby Lee TigerBelly: https://www.youtube.com/tigerbelly Instagram: https://www.instagram.com/bobbyleelive Twitter: https://twitter.com/bobbyleelive Tickets: https://bobbylee.live  More Andrew Santino Whiskey Ginger:  https://www.youtube.com/andrewsantinowhiskeyginger   Instagram: https://www.instagram.com/cheetosantino Twitter: https://Twitter.com/cheetosantino  Tickets: http://www.andrewsantino.com  More Juicy Instagram: https://www.instagram.com/jetskijohnson/?hl=en  More Fancy SOS VHS: https://www.youtube.com/@SosvHs Instagram: https://www.instagram.com/fancyb.1  More Bad Friends iTunes: https://podcasts.apple.com/us/podcast/bad-friends/id1496265971 Instagram: https://www.instagram.com/badfriendspod/   Twitter: https://twitter.com/badfriends_pod   Official Website: http://badfriendspod.com/  *Gambling problem? Call 1-800-Gambler. In New York, call 877-8HOPENY or text HOPENY (467369). In Connecticut, Help is available for problem gambling. Call tel:8887897777 or visit ccpg dot org. Please play responsibly. On behalf of Boot Hill Casino & Resort (Kansas). Twenty-one plus age and eligibility varies by jurisdiction. Void in New Hampshire, Oregon, Ontario. Bonus bets expire one hundred sixty eight hours after issuance. For additional terms and responsible gaming resources, see http://DKNG.co/BBALL.  Opening Credits and Branding: https://www.instagram.com/joseph_faria & https://www.instagram.com/jenna_sunday Credit Sequence Music: http://bit.ly/RocomMusic // https://www.instagram.com/rocom  Character Design: https://www.instagram.com/jeffreymyles Bad Friends Mosaic Sign: https://www.instagram.com/tedmunzmosaicart  Produced by: 7EQUIS https://www.7equis.com/ Podcast Producer: Andrés Rosende  This episode contains paid promotion. #bobbylee #andrewsantino #badfriends #sponsored #ads Learn more about your ad choices. Visit megaphone.fm/adchoices",4239274,True,5IAMI4EsjruC8rM6YrXYk9,en-US,"A Penguin, A Nun, and an Ostrich w/ Shia Labeouf and David Mamet ",2025-06-02,,,,,
"A man takes a dare to go through a haunted house. The winner gets a $500 prize, but he soon realizes he’s in for more than he thought. Learn more about your ad choices. Visit megaphone.fm/adchoices",4661551,False,5R38TSW55f3LIpI1CWPatw,en,No End House | Creep Cast,2024-05-18,,,,,
"The boys discuss the best emoticons, Nick Sparks' (of Black. White. fame) TikTok videos, Brendan Abernathy (""You'll be married in a year in the suburbs""), and where cringe comes from.  Submit a question for a new Pen Palz: Advice segment!   ⁠⁠⁠⁠⁠⁠Over 100 Bonus Episodes: Sad Boyz Nightz⁠⁠⁠⁠  ✨⁠⁠⁠⁠⁠⁠Find Us Everywhere⁠⁠⁠⁠⁠⁠✨  00:00:00 Welcome to Sad Boyz 00:01:47 Feelings 00:04:27 Help Us Find Peeps' Voice 00:05:47 Emoticons & Emojis 00:17:35 How about that weather?! 00:19:53 Nick Sparks is on TikTok 00:45:03 Brendan Abernathy 00:51:39 Inspecting Our Cringe 01:13:26 Sad Boyz Nigthz 116  CREW: Hosted by ⁠⁠⁠⁠⁠⁠Jarvis Johnson⁠⁠⁠⁠⁠⁠ and ⁠⁠⁠⁠⁠⁠Jordan Adika⁠⁠⁠⁠⁠⁠ Produced & Edited by Jacob Skoda Produced by Anastasia Vigo Thumbnail design by @yungmcskrt Outro music by @prod.typhoon & @ysoblank Learn more about your ad choices. Visit megaphone.fm/adchoices",4586602,True,6Ni4zWS3PeZOBqpCLauM5E,en,Rage Bait Or Marketing Genius?,2025-06-06,,,,,
"This week, CreepCast takes a look back at an internet classic, the legend of Jeff the Killer! A story that’s impacted modern horror culture gets a re-visit. Will it live up to the hype or be a hilarious reminder of early internet horror’s quality? (spoilers: it’s the second one). Join us for a walk down memory lane on CreepCast! Learn more about your ad choices. Visit megaphone.fm/adchoices",6335947,False,2spTfAwhvpOCifoKtDbpau,en, Jeff The Killer | Creep Cast ,2023-12-17,,,,,
"In this collection of stories, rules determine your fate. So when a sugar daddy asks a young girl to perform a task. She better make sure she did it right. Learn more about your ad choices. Visit megaphone.fm/adchoices",6931968,False,0hsBfnS9xChwo84x7F5XiV,en,My Sugar Daddy Asks Me For Weird Favors | CreepCast,2025-06-15,,,,,
"After high school, the correct thing to do is work at a voodoo shop. At the voodoo shop, the wrong thing to do is ask for a wish.  Learn more about your ad choices. Visit megaphone.fm/adchoices",9317760,False,0EZyLJPmprqDIwwcAAv5Ly,en,I Work At A Half-Priced Voodoo Shop | CreepCast,2025-06-22,,,,,
"In today's episode, we dive in on a chilling case. Back in 1947, 22-year-old aspiring actress Elizabeth Short was found brutally murdered in Los Angeles. Dubbed “The Black Dahlia” by the press, her gruesome, unsolved killing became one of the most infamous cold cases in American history—and continues to haunt Hollywood to this day. Learn more about your ad choices. Visit podcastchoices.com/adchoices",3065941,True,1ChU6CkX7t5v83KK2oz2jl,en,Ep. 54 | Who REALLY Killed The Black Dhalia?,2025-06-14,,,,,
"This is the longest story we've ever read. By God, it might also be the best.  Download Cashapp Today: https://capl.onelink.me/vFut/vhf2xn6i #cashapppod  Learn more about your ad choices. Visit megaphone.fm/adchoices",17774142,False,0sxU0jnNPeiPVCG23u1MVV,en,Mother Horse Eyes Pt. 1 | Creep Cast,2025-06-29,,,,,
"This is the longest story we've ever read. By God, it might also be the best.  Download Cashapp Today: https://capl.onelink.me/vFut/vhf2xn6i #cashapppod  Read Mother Horse Eyes:   / narrative     Learn more about your ad choices. Visit megaphone.fm/adchoices",22922240,False,3oexEt4EGk4ytrIBTXtXkD,en,Mother Horse Eyes Pt. 2 | Creep Cast,2025-06-29,,,,,
"Get 50% off Factor now: go to https://www.factormeals.com/redthread50off  and use code redthread50off Get a 7 day free trial to ad free, early access to Red Thread:  https://www.official.men  Welcome to The Red Thread, a podcast series where two friends (Jordan  and Jackson) investigate the peculiar space just beyond reality.  Cryptids, Conspiracies, Cults and more are on the investigation board  and nothing is off limits. What will they discover? There's only one way  to find out...  ---  Check out FriendlyJordies: https://www.youtube.com/@friendlyjordies Check out Jordan Shanks: https://www.youtube.com/@jordanshanksselfhelp Check out Jordan on tour in Australia:https://www.friendlyjordies.com/  Support the show, leave a rating and remember to subscribe:   Listen on Audio ➡️ https://linktr.ee/redthreadshow Listen to other Our Other Shows ➡️ https://linktr.ee/theofficialnetwork Support us on Patreon ➡️ https://www.patreon.com/theofficialpodcast   This is Episode #73, where we discuss whether or not Donald Trump is connected to the Epstein Files.  Originally recorded 12/07/25.  Show Notes:  https://docs.google.com/document/d/1ZyDU_oo322ILGkJOGxbHC_lpsIBwyDUN64REB2wNE54/edit?usp=sharing  Hosts: Jackson - https://www.twitter.com/zealotonpc Jordan - https://www.twitter.com/friendlyjordies  Writer/Producer: Jackson Clarke Music/Editing by: https://linktr.ee/zayaLT Thumbnail: https://www.instagram.com/nook_eilyk/ Designer: http://www.jr-design-co.com/ Produced under The Official Podcast Network  Contact (business only): theofficialpodcastyt@gmail.com  Learn more about your ad choices. Visit megaphone.fm/adchoices",10350783,False,4wmx2Nj2wiGliF2EI2NDja,en,73: The Epstein Files: Is Trump Involved | Red Thread,2025-07-14,,,,,
"Kaylee Goncalves, Madison Mogen, Xana Kernodle, and Ethan Chapin, four University of Idaho students in their 20s, were brutally murdered inside their off-campus home in the early morning hours on November 13, 2022. Two surviving roommates and a heartwrenching 911 call led police to discover the friends stabbed to death inside the three-story house at 1122 King Road. The safe place that once rang with parties, TikTok dances and laughter, was eerily silenced, surrounded by a nationwide media circus and sealed with crime scene tape. The murderer, Bryan Kohberger, a Ph.D student at Washington State University, pled guilty to all counts in exchange for the death penalty to be taken off the table. But still, the families of the victims, and everyone who has been consumed by this case since day one, want to know why Kohberger took these innocent lives.Made With Kindness is a nonprofit organization started in honor of Kaylee Goncalves, Maddie Mogen, and Xana Kernodle. To learn more about their work or to make a donation, please follow this link.Ethan’s Smile is a nonprofit organization started in honor of Ethan Capin. To learn more about their work or to make a donation, please follow this link.You can order a copy of James Patterson and Vicky Ward’s new book, The Idaho Four: An American Tragedy today. Head over to our Crime Junkie YouTube channel to WATCH this episode: https://www.youtube.com/watch?v=IWbbbAKUWeQ Source materials for this episode cannot be listed here due to character limitations. For a full list of sources, please visit:  https://crimejunkiepodcast.com/infamous-university-of-idaho-murders/Did you know you can listen to this episode ad-free? Join the Fan Club! Visit crimejunkie.app/library/ to view the current membership options and policies.Don’t miss out on all things Crime Junkie!Instagram: @crimejunkiepodcast | @audiochuckTwitter: @CrimeJunkiePod | @audiochuckTikTok: @crimejunkiepodcastFacebook: /CrimeJunkiePodcast | /audiochuckllcCrime Junkie is hosted by Ashley Flowers and Brit Prawat. Instagram: @ashleyflowers | @britprawatTwitter: @Ash_Flowers | @britprawatTikTok: @ashleyflowerscrimejunkieFacebook: /AshleyFlowers.AF Text Ashley at 317-733-7485 to talk all things true crime, get behind the scenes updates, and more! Hosted by Simplecast, an AdsWizz company. See pcm.adswizz.com for information about our collection and use of personal data for advertising.",5132591,False,7zLaVUasTcdN5fm1y4BbXf,en,INFAMOUS: University of Idaho Murders,2025-07-14,,,,,
A boy from a small town in the south must perform an insane ritual once he turns 18.   Stop putting off those doctors appointments and go to https://zocdoc.com/creepcast to find and instantly book a top-rated doctor today! Get started with AG1 Next Gen for less than $3 a day when you Subscribe! https://drinkag1.com/creepcast  Join our Patreon!   / creepcast   We Weren't Allowed To Talk To Women by S0las https://www.reddit.com/r/nosleep/comm... Learn more about your ad choices. Visit megaphone.fm/adchoices,4284757,False,6js8l8sJChgkL9VXxlp066,en,We Weren't Allowed To Talk To Women | Creep Cast,2025-07-06,,,,,
Hunter and Isaiah read stories submitted to the Creep Cast Subreddit! And it truly was-- a loss of innocence   Upgrade your wallet today! Get 10% Off @Ridge with code CREEPCAST at https://www.Ridge.com/CREEPCAST #ridgepod  Over 2 Million Butts Love TUSHY. Get 10% off TUSHY with the code CREEPCAST at https://hellotushy.com/CREEPCAST  #sponsored  Read Loss Of Innocence   / loss_of_innocence   Read The Missing Person I'm Looking For Doesn't Exist   / the_missing_person_im_looking_for_no_longe...   Read I've Discovered A Book That Does Not End   / ive_discovered_a_book_that_does_not_end   Read The Nursing Home At The End Of The World   / the_nursing_home_at_the_edge_of_the_world   You can read part two of this story here:   / the_nursing_home_at_the_edge_of_the_world_2     Learn more about your ad choices. Visit megaphone.fm/adchoices,9103146,False,6QeuS7hhGyhUgB9fGyTlop,en,It Came From A Fan… | Creep Cast,2025-07-13,,,,,
A creepypasta classic: it's always bad when you go on a hike and end up with more people than you started with.    Stop putting off those doctors appointments and go to https://zocdoc.com/creepcast to find and instantly book a top-rated doctor today! Read Fleshgait here: https://creepypasta.fandom.com/wiki/F... If you would like to empower those affected by Multiple Sclerosis alongside the author please visit: https://www.nationalmssociety.org/ Read more from the author here: https://creepypasta.fandom.com/wiki/C...   Learn more about your ad choices. Visit megaphone.fm/adchoices,5827093,False,37xlO5uoxmFG2eGD4VraH8,en,Fleshgait | CreepCast,2025-07-20,,,,,
"After an IT guy is called out to a church in the woods, he learns a lot more about himself through a series of weird dreams and an odd Christmas revelation.   Learn more about your ad choices. Visit megaphone.fm/adchoices",14301802,False,67bBSDFUvwkPVnsZFTBgZd,en,The Church In The Woods | CreepCast,2025-07-27,,,,,
"As researchers venture deep into the Hadal Zone to find the source of a strange noise, more things start to appear from the dark. Learn more about your ad choices. Visit megaphone.fm/adchoices",5494336,False,6BpzDqJVNEesApL9u8x0tj,en,The Ocean Is Much Deeper Than We Thought | CreepCast,2025-08-03,,,,,
Tom and Hunter ice cream their pants. Everyone worries about Don's stance on consent.  Learn more about your ad choices. Visit megaphone.fm/adchoices,4079542,True,6KJjkHY9W7SJczWhwVMg38,en,#01 - Where is Africa,2020-09-26,,,,,
"Welcome to “Episode 229: ChatGPT Psychosis”. What do an accountant who thought he could fly, a teen who died after a chatbot declared its love, and a would-be assassin of the Queen all have in common? They all say AI made them do it. In this episode, Aly & Nat explore the chilling rise of ChatGPT Psychosis: a real-life phenomenon where people spiral into delusion, obsession, or even violence after forming parasocial bonds with AI chatbots. From modern-day messiahs to deadly hallucinations, we trace the psychological, ethical, and even paranormal implications of talking to machines that talk back. Is AI the equivalent of a modern-day oracle, a mirror of the user, a technological tulpa, or something else entirely?  TIME STAMPS  00:00:00 INTRO 00:04:53 PART I: FRIENDLY ROBOTS 00:15:52 BLISSY AD 00:17:40 ROBOT COMPANIONS IN POP CULTURE 00:25:03 PART II: CHATBOTS THROUGH THE AGES 00:31:22 FACTOR AD 00:33:02 PART III: THE BREAKING POINT 00:51:21 REAL LIFE EXAMPLES 01:17:17 PART IV: ETHICAL CONCERNS 01:37:50 PART V: THE PARANORMAL ANGLE 01:59:44 CLOSING CREDITS  THIS EPISODE IS SPONSORED!! Find out more about this week’s advertisers below:  BLISSY: Get better sleep, hair, and skin with Blissy and use code “LGHPOD” to get an additional 30% off at http://blissy.com/LGHPOD. FACTOR: Head to https://www.factormeals.com/letsgethaunted50 and use code “letsgethaunted50” to get 50% off your first box and 2 free wellness shots per box while subscription is active.   DON’T FORGET TO VOTE FOR US IN THE PEOPLE’S CHOICE PODCAST AWARDS BY GOING TO: https://www.podcastawards.com/ and voting for us in the following categories: Best Overall, Best Female-Hosted, Best Asian-Hosted, Storytelling & Drama, Society & Culture, Comedy, & Entertainment!  ——  VIDEOS REFERENCED IN THIS EPISODE: [1] https://www.youtube.com/watch?v=HfBA2U-48sM [2] https://www.youtube.com/watch?v=V5-mnu2BDGk [3] https://www.youtube.com/watch?v=GJeFoEw9x0M [4] https://www.youtube.com/watch?v=afv3MBkv4UU [5] https://www.youtube.com/watch?v=RMK9AphfLco  —— Other Important Stuff: Join the Patreon today! https://patreon.com/letsgethaunted  LGH Link Tree: https://linktr.ee/letsgethaunted Buy Our Merch: https://www.letsgethaunted.com    Check out the photo dump for this week’s episode: https://www.instagram.com/letsgethaunted   Send us fan mail: PO BOX 1658 Camarillo, CA 93011 Send us your listener stories: LetsGetHauntedPod@gmail.com  —— BACKGROUND MUSIC: [1] “MAGIC TRANSITION SOUND - NO COPYRIGHT” BY SOUND TRUST, LINK: https://www.youtube.com/watch?v=vNHMu3Upgu4 Creative Commons — CC BY 3.0 I https://goo.gl/Yibru5 [2] License Dar Golan - Elevator Music - Royalty free music, “Elevator Music (Royalty Free, Infinite Loop)” by Dar Golan, free download link here: https://www.dargolan-free.com/funny-music  [3] “Creepy Doll” by Michael Byrnes [4] “(Free) Horror Ambiance - Ominous Background Music” by ESN Productions, link: https://www.youtube.com/watch?v=xAO3x-Uhfoo VIDEO & PHOTO ASSETS USED IN THIS EPISODE WERE ALL PURCHASED AND LICENSED VIA PEXELS.COM  —— KEYWORDS: ChatGPT, psychosis, AI, artificial intelligence, spiritual, religious, chatbot, delusion, hallucination, obsession, danger, warning, death, crime, suicide, murder, homicide, AI-induced, parasocial, mental illness, technology, horror stories, digital tulpa, ghost in the machine, haunted, simulation theory, conspiracy, government, AI mental breakdown, Replika, meta, co-pilot, microsoft, open ai, smarter child, terminator, jetsons, smart house, Siri, Alexa, Google Assistant, Big Hero 6, Wall-E, dependence, reality, matrix, ELIZA, tech-induced, character.ai, controversy, three christs of ypsilanti, unethical, experiment, humanity, possession, dybbuk, code, black mirror, cursed, ouija, oracle Learn more about your ad choices. Visit podcastchoices.com/adchoices",7520682,True,12qyT7hmYrnhD1QDRzdg3U,en,Episode 229: ChatGPT (AI) Psychosis,2025-08-06,,,,,
"Click this link https://boot.dev/?promo=CALEBHAMMER and use my code  CALEBHAMMER   to get 25% off your first payment for boot.dev  ▶ *FINAL WEEK!!!!!!* - I am personally paying for your Hammer *ELITE* subscription for the first month https://www.youtube.com/channel/UCLe_q9axMaeTbjN0hy1Z9xA/join Sign up for *ELITE* and I'll send you a digital gift card covering the $10 cost. In today's post show, I call the ex-husband... and let's just say, he's not happy... confrontation galore.   Submit proof of purchase at https://hammerelite.com for reimbursement.  ▶▶ *MAJOR ANNOUNCEMENT* To make our classes and budgeting app *more affordable*, we bundled them together for an *80% DISCOUNT* - check it out here and change your life: https://dollarwise.com/dollarwise-central/ plus you get the cookbook signed by me when you join!  ▶▶▶Download the *DollarWise Budgeting App* today: *Apple:* https://apple.co/4iChGhr *Google Play:* https://bit.ly/sb-googleplay Don't overcomplicate this crap! All you need is an automated / SIMPLE budget.  ▶▶▶▶ *AND REMEMBER* those who sign up for DollarWise Premium *annual* get a signed version of the Cook Book,  just submit proof of purchase here: https://tally.so/r/3xzPq5  Get an exclusive HighLevel 30-day trial: https://gohighlevel.com/calebhammer  ▶▶▶▶▶Download the *DollarWise Budgeting App* today: *Apple:* https://apple.co/4iChGhr *Google Play:* https://bit.ly/sb-googleplay  ▶▶▶▶▶▶ Watch this episode's *POST* *SHOW* + get *MORE* Financial Audit here: https://www.youtube.com/channel/UCLe_q9axMaeTbjN0hy1Z9xA/join  ___________________________________________ ▶EDUCATION:  1. Get all of my educational programs for a much lower cost here, including the premium version of my budgeting app: https://dollarwise.com/dollarwise-central/  2. *The best budgeting program online: https://calebhammer.com/budget  3. Get my investing class and I’ll give you a $100 towards investing: https://calebhammer.com/investing  4. Win with GOOD debt and get out of BAD debt correctly, learn in my debt program: https://calebhammer.com/formula  5. Everything you need for buying your first home to buy your first investment property: https://calebhammer.com/realestate/  6. Get your own free Hammer Financial Score: https://www.calebhammer.com  ___________________________________________ ▶RESOURCES  1. *I'VE MOVED MY INVESTMENTS FROM THE OTHER APP* do the same and transfer to my investing app of choice here: https://www.webull.com/k/Caleb and you get: *Cash bonus of $200 - $30,000* depending on initial funding amount, up to 3.5% IRA Match, 12-month Wall Street Journal subscription, and 30 days of Webull Premium.  2. CourseCareers: Land a high-paying job with no experience or degree by going through an affordable online course https://coursecareers.com/CalebHammer  3. Get $20 from Acorns for free: sign up to get your bonus https://acorns.com/caleb  4. The credit building debit card: First 100,000 people to sign up for Fizz with code: HAMMER10 get $10: https://www.joinfizz.com/caleb (paid ad)  5. Helium Mobile: save a ton on your phone bill, sign up and get a FREE plan when using promo code CALEB https://hellohelium.com/  6. Online security: Protect your online privacy and security NOW and for free by following my link Aura: https://aura.com/hammer  7. Get an exclusive HighLevel 30-day trial: https://gohighlevel.com/calebhammer Learn more about your ad choices. Visit megaphone.fm/adchoices",5399103,False,6lYLh0eT4z9eNe72nha6Mp,en,The Most Hated Woman In Financial Audit History,2025-08-04,,,,,
"Some small, magical corner of your heart wants dragons to be real, right? Well... sorry. They’re not. But this week, we wanted to celebrate some science adjacent to dragons, from fruit and animals named after them to giant flying predators that probably terrified humans.Sources:[Truth or Fail]http://www.bbc.com/earth/story/20150320-meet-two-new-dragon-millipede-species-first-described-in-laoshttp://jrscience.wcp.muohio.edu/fieldcourses04/PapersCostaRicaArticles/TheFunctionalityandEvolut.html[Fact Off]Fire Hawks:Haast’s Eagles:[Ask the Science Couch]https://www.nationalgeographic.com/science/phenomena/2015/04/30/how-this-beetle-creates-500-explosions-per-second-in-its-bum/[Butt One More Thing]https://www.wired.com/2013/12/the-secret-underwater-world-of-dragons/ Hosted by Simplecast, an AdsWizz company. See pcm.adswizz.com for information about our collection and use of personal data for advertising.See Privacy Policy at https://art19.com/privacy and California Privacy Notice at https://art19.com/privacy#do-not-sell-my-info.",2132871,True,4YsMRp9O9dyKlRWx1tnWAF,en,Dragons,2019-01-15,,,,,
"Welcome to the very first episode of Two Girls One Ghost. In this episode of Two Girls One Ghost, we discuss Haunted Hotels including two of our favorites: The Sise Inn and The Stanley Hotel.     If you're new here -- WELCOME! Just a note, you do not need to listen to our podcast in order and we've grown quite a lot in the last seven plus years. Here are some of our favorite episodes from the last few years:  Episode 288 - Haunted Objects from the Newkirk Museum of the Paranormal (Youtube)  Episode 257 - Aliens Abduct Fishermen in Pascagoula, Mississippi (Youtube)  Episode 199 - Julia's Possessed  Episode 12 - Dominus (Youtube)   Have ghost stories of your own? E-mail them to us at twogirlsoneghostpodcast@gmail.com    New Episodes are released every Sunday at 12am PST/3am EST (the witching hour, of course). Corinne and Sabrina hand select a couple of paranormal encounters from our inbox to read in each episode, from demons, to cryptids, to aliens, to creepy kids... the list goes on and on. If you have a story of your own that you'd like us to share on an upcoming episode, we invite you to email them to us!     If you enjoy our show, please consider joining our Patreon, rating and reviewing on iTunes & Spotify and following us on social media! Youtube, Instagram, TikTok, Facebook, and Discord.    Edited and produced by us, original music by Arms Akimbo!    Disclaimer: the use of white sage and smudging is a closed practice. If you’re looking to cleanse your space, here are some great alternatives: https://www.goodwitchkitchen.net/cleansing-without-sage/ Learn more about your ad choices. Visit podcastchoices.com/adchoices",4288339,True,1I8Suo3hBO4o8pr362qc0V,en,Episode 1 – Bad Sleepover,2017-08-14,,,,,
"As a hazmat cleaner, it’s common to find weird things in people’s houses. But this was something else.   Get 10% Off your entire order & take advantage of Ridge’s Annual Sweepstakes by going to  https://www.Ridge.com/CREEPCAST #ridgepod  NO PURCH. NEC. Open to legal residents of 50 US/DC, Canada & the UK, age maj.+. Void where prohibited. Begins 8/1/25 and ends 9/15/25. 2 winners selected. Max Prizes total ARV: $380,000 USD / approximately $516,000 CAD / £306,800. Canadian skill-testing question required. Subject to Rules, including free entry method & odds: ridge.com/rules. Sponsor: The Ridge Wallet, LLC.   Learn more about your ad choices. Visit megaphone.fm/adchoices",9186730,False,0kcpqK4DkHSTNv4i8UCT11,en,I Clean Hoarder Houses For A Living | CreepCast,2025-08-10,,,,,
"This week on Two Girls One Ghost we explore deaths related to paranormal activity. Stories this week feature Zona Heaster Shue and the Jamison Family.   Have ghost stories of your own? E-mail them to us at twogirlsoneghostpodcast@gmail.com  If you enjoy our show, please consider joining our Patreon, rating and reviewing on iTunes & Spotify and following us on social media! Youtube, Instagram, TikTok, Facebook, and Discord.  Edited by the awesome team at Upfire Digital and original music by Arms Akimbo!  Disclaimer: the use of white sage and smudging is a closed practice. If you’re looking to cleanse your space, here are some great alternatives!  Learn more about your ad choices. Visit podcastchoices.com/adchoices",2847738,True,1loeBXTnzeojvtk1UoMriL,en,Episode 2 – ‘Til Death Do Us Part,2017-09-04,,,,,
"In Episode Three we investigate ghosts Caught on Tape. The ghosts this week are Andrew Ranson and Mary Lee. The episode includes a personal story from Adrienne Wieder-Finch who is haunted by a spirit and is revealing itself in her YouTube videos.   Have ghost stories of your own? E-mail them to us at twogirlsoneghostpodcast@gmail.com  If you enjoy our show, please consider joining our Patreon, rating and reviewing on iTunes & Spotify and following us on social media! Youtube, Instagram, TikTok, Facebook, and Discord.  Edited by the awesome team at Upfire Digital and original music by Arms Akimbo!  Disclaimer: the use of white sage and smudging is a closed practice. If you’re looking to cleanse your space, here are some great alternatives!  Learn more about your ad choices. Visit podcastchoices.com/adchoices",2871510,True,3wUNv7nLOO6iNna3lSN46f,en,Episode 3 – Caught on Tape,2017-09-11,,,,,
"This week on Two Girls One Ghost we recount stories of being visited by spirits in our dreams and discuss the terrifying story of Dear David.   Have ghost stories of your own? E-mail them to us at twogirlsoneghostpodcast@gmail.com  If you enjoy our show, please consider joining our Patreon, rating and reviewing on iTunes & Spotify and following us on social media! Youtube, Instagram, TikTok, Facebook, and Discord.  Edited by the awesome team at Upfire Digital and original music by Arms Akimbo!  Disclaimer: the use of white sage and smudging is a closed practice. If you’re looking to cleanse your space, here are some great alternatives!  Learn more about your ad choices. Visit podcastchoices.com/adchoices",2862080,True,4dVCZB8LuPHRADUUusGBuw,en,Episode 4 – Under The Covers,2017-09-18,,,,,
"This week on Two Girls One Ghost, Sabrina and Corinne cover ghost legends and folklore including Bloody Mary, Emily’s Bridge and Hanako-San. Be careful, they might scratch your eyes out!   Have ghost stories of your own? E-mail them to us at twogirlsoneghostpodcast@gmail.com  If you enjoy our show, please consider joining our Patreon, rating and reviewing on iTunes & Spotify and following us on social media! Youtube, Instagram, TikTok, Facebook, and Discord.  Edited by the awesome team at Upfire Digital and original music by Arms Akimbo!  Disclaimer: the use of white sage and smudging is a closed practice. If you’re looking to cleanse your space, here are some great alternatives!  Learn more about your ad choices. Visit podcastchoices.com/adchoices",3908650,True,3hFC8xil3cnrpjVbEAoK6N,en,"Episode 5 – Bloody Mary, Bloody Mary, Bloody Mary",2017-09-25,,,,,
"Soft White Underbelly interview and portrait of Wesley Tabor, a DEA agent.",6331392,True,6ztrOBPW6whjtz62WgAPy5,en,DEA Agent interview-Wesley Tabor,2025-08-07,,,,,
"Go to http://babbel.com/FHPOD to get 55% off your Babbel subscription. Go to http://auraframes.com and use code FHPOD to get $30 off their best-selling frames. Go to http://expressvpn.com/funhaus to get 3 extra months free with a 12-month plan. Want to watch exclusive Funhaus content? Click the link! https://www.youtube.com/funhaus/join or https://fun.haus/first  This is it. Join us as the entire Funhaus cast trickles in to share stories and say farewell to the world's favorite podcast!  Follow Us On Social: https://twitter.com/elysewillems https://twitter.com/jameswillems https://twitter.com/omarcito https://twitter.com/ryansgameshow https://twitter.com/filmdstryr https://twitter.com/_JacobFullerton https://twitter.com/mc_lotta https://twitter.com/jonsmiff https://twitter.com/handsomemaster2 https://twitter.com/hohnjolland https://twitter.com/revech3  Tshirts n stuff: https://store.roosterteeth.com/collections/funhaus Welcome to Funhaus, the internet's ONLY comedy, gaming, and variety channel since 2015! About Funhaus Podcast: All the gaming, nerd culture, and meat-packing industry commentary you can handle. Learn more about your ad choices. Visit megaphone.fm/adchoices",6789616,False,7KOPFcvnquf1Ax1OslqN8n,en-US,The Funhaus Podcast is Going Out on Top Like Seinfeld!,2023-12-14,,,,,
"In 1991, Austin, Texas was rocked by one of the most horrifying crimes the city had ever seen: four young girls were brutally murdered and set on fire inside a local yogurt shop. The investigation would stretch on for decades, leading to four men being accused of the crime, yet lingering questions and evolving forensic evidence have continued to cast doubt on whether justice was truly served.Now, with renewed attention to the case, we’re re-releasing our original Crime Junkie episode. Whether you’re revisiting the details or hearing them for the first time, this is your chance to dive back into the facts, the timeline, and the troubling unanswered questions.Follow along on Instagram and TikTok @crimejunkiepodcast as we continue the conversation.Source materials for this episode cannot be listed here due to character limitations. For a full list of sources, please visit: https://crimejunkiepodcast.com/austin-yogurt-shop-murders/.Did you know you can listen to this episode ad-free? Join the Fan Club! Visit crimejunkie.app/library/ to view the current membership options and policies.Don’t miss out on all things Crime Junkie!Instagram: @crimejunkiepodcast | @audiochuckTwitter: @CrimeJunkiePod | @audiochuckTikTok: @crimejunkiepodcastFacebook: /CrimeJunkiePodcast | /audiochuckllcCrime Junkie is hosted by Ashley Flowers and Brit Prawat.Instagram: @ashleyflowers | @britprawatTwitter: @Ash_Flowers | @britprawatTikTok: @ashleyflowerscrimejunkieFacebook: /AshleyFlowers.AFText Ashley at 317-733-7485 to talk all things true crime, get behind the scenes updates, and more! Hosted by Simplecast, an AdsWizz company. See pcm.adswizz.com for information about our collection and use of personal data for advertising.",2819787,False,6cHBdREerbsC2sCahw2mIp,en,INFAMOUS: The Yogurt Shop Murders,2025-08-07,,,,,
"It's Baltimore, 1999. Hae Min Lee, a popular high-school senior, disappears after school one day. Six weeks later detectives arrest her classmate and ex-boyfriend, Adnan Syed, for her murder. He says he's innocent - though he can't exactly remember what he was doing on that January afternoon. But someone can. A classmate at Woodlawn High School says she knows where Adnan was. The trouble is, she’s nowhere to be found.   Our newest podcast, “The Preventionist” is out now. Search for it wherever you get your podcasts.To get full access to this and other Serial Productions and New York Times podcasts on Apple Podcasts and Spotify, subscribe at nytimes.com/podcasts.To find out about new shows from Serial Productions, and get a look behind the scenes, sign up for our newsletter at nytimes.com/serialnewsletter.Have a story pitch, a tip, or feedback on our shows? Email us at serialshows@nytimes.com ",3215673,True,2ZRVxPgjm8aPRqYf1FA7WV,en,Serial S01 - Ep. 1: The Alibi,2014-10-03,,,,,
"To live, and then live again. This week we are discussing reincarnation and share listeners' personal stories of reincarnation and the experiences of Luke Ruehlman and Cameron Macaulay.   Have ghost stories of your own? E-mail them to us at twogirlsoneghostpodcast@gmail.com  If you enjoy our show, please consider joining our Patreon, rating and reviewing on iTunes & Spotify and following us on social media! Youtube, Instagram, TikTok, Facebook, and Discord.  Edited by the awesome team at Upfire Digital and original music by Arms Akimbo!  Disclaimer: the use of white sage and smudging is a closed practice. If you’re looking to cleanse your space, here are some great alternatives!  Learn more about your ad choices. Visit podcastchoices.com/adchoices",3254021,True,4wacOUPpOqf00ZjIqmWVx6,en,Episode 6 – Traveling Souls,2017-10-02,,,,,
"A house is not a home without... ghosts? It's the classic ghost story - the haunted house! That is the case for The Bell Witch House, the Sallie House our childhood homes.   Have ghost stories of your own? E-mail them to us at twogirlsoneghostpodcast@gmail.com  If you enjoy our show, please consider joining our Patreon, rating and reviewing on iTunes & Spotify and following us on social media! Youtube, Instagram, TikTok, Facebook, and Discord.  Edited by the awesome team at Upfire Digital and original music by Arms Akimbo!  Disclaimer: the use of white sage and smudging is a closed practice. If you’re looking to cleanse your space, here are some great alternatives!  Learn more about your ad choices. Visit podcastchoices.com/adchoices",3824483,True,1pJGWTeXJe4Z0KMov0PY8s,en,Episode 7 – Unwelcomed House Guests,2017-10-09,,,,,
Pinkie Pie and Rainbow Dash make cupcakes!    Try Rocket Money for free: https://RocketMoney.com/CREEPCAST  Read Cupcakes: https://mlppasta.fandom.com/wiki/Cupc...)   Learn more about your ad choices. Visit megaphone.fm/adchoices,3522794,False,3KRAiLXuuqYWMQi0I38ilB,en,Cupcakes | CreepCast,2025-08-17,,,,,
"It’s Friday the 13th which means BONUS episode! We read your personal ghost stories and give you advice on how to live on a superstitious day like today.   Have ghost stories of your own? E-mail them to us at twogirlsoneghostpodcast@gmail.com  If you enjoy our show, please consider joining our Patreon, rating and reviewing on iTunes & Spotify and following us on social media! Youtube, Instagram, TikTok, Facebook, and Discord.  Edited by the awesome team at Upfire Digital and original music by Arms Akimbo!  Disclaimer: the use of white sage and smudging is a closed practice. If you’re looking to cleanse your space, here are some great alternatives!  Learn more about your ad choices. Visit podcastchoices.com/adchoices",2140160,True,1DAq4wWW8JHebkhWYLdtxB,en,BONUS – Friday the 13th,2017-10-13,,,,,
"There's nothing quite like the great outdoors, and autumn is the perfect time to get outside. Enjoy the foliage, see some ghosts and encounter the New Jersey Devil! If that's not your thing, opt to find the missing civilians of Roanoke. A ghostly run-in is basically guaranteed at the Batona Trail and the Appalachian Trail. Hike at your own risk!   Have ghost stories of your own? E-mail them to us at twogirlsoneghostpodcast@gmail.com  If you enjoy our show, please consider joining our Patreon, rating and reviewing on iTunes & Spotify and following us on social media! Youtube, Instagram, TikTok, Facebook, and Discord.  Edited by the awesome team at Upfire Digital and original music by Arms Akimbo!  Disclaimer: the use of white sage and smudging is a closed practice. If you’re looking to cleanse your space, here are some great alternatives!  Learn more about your ad choices. Visit podcastchoices.com/adchoices",3947467,True,0SAI21NKoDP35uSlQEL4ki,en,Episode 8 – Hiking Buddies,2017-10-16,,,,,
"This week we cover haunted prisons. This episode features the Holmesburg Prison in Pennsylvania and The Ohio State Reformatory. We've concluded that sometimes the most haunting things occur in life, which makes it impossible to cross over after death.   Have ghost stories of your own? E-mail them to us at twogirlsoneghostpodcast@gmail.com  If you enjoy our show, please consider joining our Patreon, rating and reviewing on iTunes & Spotify and following us on social media! Youtube, Instagram, TikTok, Facebook, and Discord.  Edited by the awesome team at Upfire Digital and original music by Arms Akimbo!  Disclaimer: the use of white sage and smudging is a closed practice. If you’re looking to cleanse your space, here are some great alternatives!  Learn more about your ad choices. Visit podcastchoices.com/adchoices",4146521,True,56LK5p3yNMEMRPw5Hmh628,en,Episode 26 - (After)Life Sentence,2018-02-19,,,,,
"Things are getting spooky as we discuss haunted hospitals. Rolling Hills Asylum in Bethany, New York and Kuhn Memorial State Hospital in Vicksburg, Mississippi are now abandoned, but spirits are said to roam the dilapidated halls.   Have ghost stories of your own? E-mail them to us at twogirlsoneghostpodcast@gmail.com  If you enjoy our show, please consider joining our Patreon, rating and reviewing on iTunes & Spotify and following us on social media! Youtube, Instagram, TikTok, Facebook, and Discord.  Edited by the awesome team at Upfire Digital and original music by Arms Akimbo!  Disclaimer: the use of white sage and smudging is a closed practice. If you’re looking to cleanse your space, here are some great alternatives!  Learn more about your ad choices. Visit podcastchoices.com/adchoices",4332930,True,50gTTJXCGHpM0ZTfps1lJX,en,Episode 9 – Eternal Patients,2017-10-23,,,,,
"It’s nearly Halloween, one of the best days of the year. Naturally, we have to cover the history of Halloween and swap campfire tales!   Have ghost stories of your own? E-mail them to us at twogirlsoneghostpodcast@gmail.com  If you enjoy our show, please consider joining our Patreon, rating and reviewing on iTunes & Spotify and following us on social media! Youtube, Instagram, TikTok, Facebook, and Discord.  Edited by the awesome team at Upfire Digital and original music by Arms Akimbo!  Disclaimer: the use of white sage and smudging is a closed practice. If you’re looking to cleanse your space, here are some great alternatives!  Learn more about your ad choices. Visit podcastchoices.com/adchoices",5140402,True,1n3jmahDbxTvXlbPPFCyiX,en,Episode 10 – Halloween Horrors,2017-10-30,,,,,
"Happy Halloween! To celebrate our absolute favorite day, we're reading listener stories! Stay spooky and We Will See You On The Other Side.  Have ghost stories of your own? E-mail them to us at twogirlsoneghostpodcast@gmail.com  If you enjoy our show, please consider joining our Patreon, rating and reviewing on iTunes & Spotify and following us on social media! Youtube, Instagram, TikTok, Facebook, and Discord.  Edited by the awesome team at Upfire Digital and original music by Arms Akimbo!  Disclaimer: the use of white sage and smudging is a closed practice. If you’re looking to cleanse your space, here are some great alternatives!  Learn more about your ad choices. Visit podcastchoices.com/adchoices",2680346,True,5Va6GPBTFU0efWwO03XTyx,en,BONUS – Ghost Stories for Halloween 👻,2017-10-31,,,,,
"Let's reminisce on our time in Salem, discuss the history of witches, and share the mysterious stories behind The Witches of Canewdon and The Old Salem Jail.   Have ghost stories of your own? E-mail them to us at twogirlsoneghostpodcast@gmail.com  If you enjoy our show, please consider joining our Patreon, rating and reviewing on iTunes & Spotify and following us on social media! Youtube, Instagram, TikTok, Facebook, and Discord.  Edited by the awesome team at Upfire Digital and original music by Arms Akimbo!  Disclaimer: the use of white sage and smudging is a closed practice. If you’re looking to cleanse your space, here are some great alternatives!  Learn more about your ad choices. Visit podcastchoices.com/adchoices",4148192,True,0ZAhEKeZYYcOipgHLwTYHw,en,Episode 11 – The Witching Hour,2017-11-06,,,,,
"Notoriously known as one of our most terrifying episodes, we discuss the exorcisms of Ronald Hunkeler and Arne Cheyenne Johnson. Beware the extra spooky story from a listener's first-hand experience of possession.  Have ghost stories of your own? E-mail them to us at twogirlsoneghostpodcast@gmail.com  If you enjoy our show, please consider joining our Patreon, rating and reviewing on iTunes & Spotify and following us on social media! Youtube, Instagram, TikTok, Facebook, and Discord.  Edited by the awesome team at Upfire Digital and original music by Arms Akimbo!  Disclaimer: the use of white sage and smudging is a closed practice. If you’re looking to cleanse your space, here are some great alternatives!  Learn more about your ad choices. Visit podcastchoices.com/adchoices",4954540,True,0KW3wZmTvxdOPJRlzgRhxf,en,Episode 12 - Dominus,2017-11-13,,,,,
"It's unlucky number 13! In this episode, we highlight a few special pets who still walk among the living: the Belmont Hillsboro protector, a party animal named Nightlife, and The Hound of Goshen.  Have ghost stories of your own? E-mail them to us at twogirlsoneghostpodcast@gmail.com  If you enjoy our show, please consider joining our Patreon, rating and reviewing on iTunes & Spotify and following us on social media! Youtube, Instagram, TikTok, Facebook, and Discord.  Edited by the awesome team at Upfire Digital and original music by Arms Akimbo!  Disclaimer: the use of white sage and smudging is a closed practice. If you’re looking to cleanse your space, here are some great alternatives!  Learn more about your ad choices. Visit podcastchoices.com/adchoices",3618638,False,4w9O4TrA1NGE8sQJVg41Sy,en,Episode 13 - Pet Cemetery,2017-11-20,,,,,
"Go to https://surfshark.com/kallmekris and use code kallmekris at checkout to get 4 extra months of Surfshark VPN!  Fox Hollow Farm, a quiet Indiana estate, held secrets far darker than its serene façade suggested. When missing men began to connect back to the property, investigators uncovered eerie clues that hinted the home itself might be hiding a predator’s legacy. Learn more about your ad choices. Visit podcastchoices.com/adchoices",4092010,True,1o3Sfn8VCHkve7kelWOP24,en,Ep. 67 | The Horrors Of The Fox Hollow Farm Serial Killer,2025-08-20,,,,,
"Eine wunderschöne warme Sommernacht, das Nachtleben beginnt langsam... kommt mit auf eine atmosphärische reise nach Palermo. Viel Spaß beim reinhören.  A beautiful warm summer night, the nightlife starts slowly... comes with us on an atmospheric journey to Palermo. Have fun listening to it.   ",6007092,False,4FzeS6Xim6G5I4Y56ScX57,de,Eine Nacht in Palermo Sizilien. One Night in Palermo Sicily. ,2024-06-22,,,,,
"Ein wunderschöner Sonnenaufgang, im Hintergrund rauscht sanft das Meer, gibt es etwas entspannenderes? Viel Spaß beim reinhören.   A beautiful sunrise, the sea gently rustling in the background, is there anything more relaxing? Have fun listening.",7402776,False,1kvDgeE50pCd5kdF4zPc41,de,Ein Morgen am Meer in Carini Sizilien. A morning by the sea in Carini Sicily.,2024-06-17,,,,,
"The US civil war was a bloody and brutal conflict that inspired timeless tales of heroism and defeat. What is less known, is that many conflicts took place on some of the most haunted and paranormal locations in North America. It should be no surprise, then, that soldiers from the front lines described seeing a plethora of supernatural entities, maybe none more terrifying than Old Green Eyes. Was it simply a folk tale taken too seriously? Or was something really paranormal happening? Time for Rory and Kit to find out!  Follow us on ⁠⁠⁠⁠⁠⁠⁠Twitter⁠⁠⁠⁠⁠⁠⁠, ⁠⁠⁠⁠⁠⁠⁠Instagram⁠⁠⁠⁠⁠⁠⁠, and ⁠⁠⁠⁠⁠⁠⁠YouTube⁠⁠⁠⁠⁠⁠⁠ ⁠⁠⁠⁠⁠⁠⁠Join our Secret Society Facebook Community⁠⁠⁠⁠⁠⁠⁠ Support us on ⁠⁠⁠⁠⁠⁠⁠Patreon.com/ThisParanormalLife⁠⁠⁠⁠⁠⁠⁠ to get access to weekly bonus episodes! ⁠⁠⁠⁠⁠⁠⁠Buy Official TPL Merch!⁠⁠⁠⁠⁠⁠⁠ - ⁠⁠⁠⁠⁠⁠⁠thisparanormallife.com/store⁠⁠⁠⁠⁠⁠⁠ Intro music by ⁠⁠⁠⁠⁠⁠⁠www.purple-planet.com⁠⁠⁠⁠⁠⁠⁠ Edited by Philip Shacklady Research by ⁠⁠⁠⁠⁠⁠⁠Ewen Friers Learn more about your ad choices. Visit podcastchoices.com/adchoices",2746730,True,4v5yFrSH6myCKvgZtfNu9Z,en,Ol’ Green Eyes - The Civil War GHOUL that Haunts America’s South,2025-08-20,,,,,
"These are 5 Disturbing Deep Woods Horror Stories To Ruin Your Fall NightsLinktree: https://linktr.ee/its_just_creepyStory Credits:►Sent in to https://www.justcreepy.net/Timestamps:00:00 Intro00:00:18 Story 100:13:54 Story 200:29:18 Story 300:40:53 Story 400:55:36 Story 5Music by:►'Decoherence' by Scott Buckley - released under CC-BY 4.0. www.scottbuckley.com.auhttps://www.youtube.com/watch?v=wM_AjpJL5I4&t=0s► Myuu's channelhttp://bit.ly/1k1g4ey ►CO.AG Musichttp://bit.ly/2f9WQpeBusiness inquiries: ►creepydc13@gmail.com#scarystories #horrorstories #deepwoods #forest 💀As always, thanks for watching! 💀",4195476,False,2hMeFWPZGXsSJeIxGlyoaK,en,5 Disturbing Deep Woods Horror Stories To Ruin Your Fall Nights,2025-08-22,,,,,
"Hallo meine lieben Zuhörer, heute geht es mal wieder raus aus der Stadt und rein in die Natur. Ein entspannendes Klangbad wartet auf Euch in dieser Folge.  Viel Spaß beim reinhören...  Hello my dear listeners, today we're heading out of the city and into nature. A relaxing sound bath awaits you in this episode.  Have fun listening...",3758080,False,6B31i73CAhIYLzyfGQcAq9,de,"Relaxing ambient sound recording, Entspannende Naturklänge 5.",2024-07-16,,,,,
"When you turn a certain age, you learn the name of your soulmate. For Hunter and Isaiah, that's when the trouble starts   Use code CREEPCAST50OFF to get 50% OFF your first box, plus free Breakfast for one year. https://factormeals.com/CREEPCAST50OFF    Learn more about your ad choices. Visit megaphone.fm/adchoices",9001771,False,6SjHMu8iSq91EGSGyPsPI9,en,Polyamorous Hell | CreepCast,2025-08-31,,,,,
 Learn more about your ad choices. Visit megaphone.fm/adchoices,8378722,False,5jwidvTW2xgeyZe6fLgfSI,en,The Stairs In The Woods | Creep Cast,2023-12-02,,,,,
"Colombia in the mid-20th century was a place of beauty and bloodshed - where jungle mountains sheltered rebels, the cities were ruled by oligarchs, and outlaw legends became folk heroes. Into this world stepped Pablo Escobar. Charming, calm, and calculating, he would become one of the richest men in history - and one of the deadliest.  In this first episode of our Escobar series, Gordon Corera and David McCloskey explore Escobar’s early years: petty crime in Medellín, his first forays into smuggling, and the moment cocaine transformed from a fringe luxury into a multi-billion-dollar industry.   From stolen cars to international drug routes, this is how Escobar built the foundation of the Medellín Cartel - and how the war to bring him down began.  -------------------  Join The Declassified Club: Start your free trial at therestisclassified.com - go deeper into the world of espionage with exclusive Q&As, interviews with top intelligence insiders, quarterly livestreams, ad-free listening, early access to episodes and live show tickets, and weekly deep dives into original spy stories. Members also get curated reading lists, special book discounts, prize draws, and access to our private chat community.  To sign up to the free newsletter, go to: ⁠https://mailchi.mp/goalhanger.com/tric-free-newsletter-sign-up⁠   ------------------- Order a signed edition of Gordon's latest book, The Spy in the Archive, ⁠⁠⁠⁠⁠⁠⁠⁠⁠⁠via this link.⁠⁠⁠⁠⁠⁠⁠⁠⁠⁠  Order a signed edition of David's latest book, The Seventh Floor, ⁠⁠⁠⁠⁠⁠⁠⁠⁠⁠⁠via this link.⁠⁠⁠⁠⁠⁠⁠⁠⁠⁠⁠  -------------------  Email: classified@goalhanger.com  Twitter: ⁠⁠⁠⁠⁠⁠⁠@triclassified⁠⁠⁠⁠⁠⁠⁠  Assistant Producer: Becki Hills  Producer: Callum Hill  Senior Producer: Dom Johnson  Exec Producer: Tony Pastor Learn more about your ad choices. Visit podcastchoices.com/adchoices",3341376,False,44KHXk7TYnMK8ypkTfw1zs,en,74. The Hunt for Pablo Escobar: Rise of a Drug Lord (Ep 1),2025-08-17,,,,,
"This week on Let’s Get Haunted, we’re diving into the mysterious world of anachronic artifacts aka artifacts that seem too advanced, too modern, or just too weird for the civilizations that supposedly created them. Are these objects proof of lost ancient technologies? Signs of extraterrestrial visitors? Evidence of sloppy time travelers leaving their junk behind? Or just really funky misinterpretations by archaeologists and conspiracy theorists alike (not this one for sure). Join Nat and Aly as they spiral through bizarre discoveries like the Antikythera Mechanism, Baghdad Battery, Sabu Disk, and other cursed little trinkets that make history look sus.  TIME STAMPS 00:00:00 HOOK & INTRO 00:07:48 THE SABU DISK OR SCHIST DISC00:18:33 FACTOR AD 00:20:20 ACOUSTIC LEVITATION 00:27:49 BAGHDAD BATTERY 00:42:50 ANTIKYTHERA MECHANISM 01:02:53 LONDON HAMMER 01:10:17 QUIMBAYA AIRPLANES 01:13:50 AIUD ALUMINIUM WEDGE 01:19:10 CLOSING THOUGHTS 01:22:50 DONOR SHOUTOUTS AND SECRET PASSWORD  THIS EPISODE IS SPONSORED!! Find out more about this week’s advertisers below! FACTOR - Eat smart at Factormeals.com/LETSGETHAUNTED50  and use code “LETSGETHAUNTED50” to get 50% off your first box   TRUDIAGNOSTIC- If you're serious about living healthier and longer visit TruDiagnostic.com and use my code GETHAUNTED for 20% your entire order or subscription --- *PRESAVE NAT’S BOOK!* Amazon Kindle ⁠https://a.co/78hzQn9⁠ Spotify Audiobook ⁠http://bit.ly/44DuQ90  Other Important Stuff: Join the Patreon today! https://patreon.com/letsgethaunted  LGH Link Tree: https://linktr.ee/letsgethaunted Buy Our Merch: https://www.letsgethaunted.com    Check out the photo dump for this week’s episode: https://www.instagram.com/letsgethaunted   Send us fan mail: PO BOX 1658 Camarillo, CA 93011 Send us your listener stories: LetsGetHauntedPod@gmail.com *SPECIAL THANKS TO RYAN FOR EDITING~ SLAY*  ——SOURCES: [1]https://www.ancient-origins.net/unexplained-phenomena/out-place-artifacts-020544 [2]https://www.reddit.com/r/ancientegypt/comments/1d0bme3/anachronistic_artifacts_enigmatic_compositions/ [3]https://www.youtube.com/watch?app=desktop&v=gShka-ASiZ0 [4]https://earthlymission.com/tree-lobed-disc-mystery-prince-sabu-ancient-egypt-sakkara-schist/ [5]https://www.atlasobscura.com/places/bagdad-battery [6]https://www.thearchaeologist.org/blog/the-mystery-of-the-antikythera-mechanism-ancient-computer-or-astronomical-tool [7]https://www.unexplained-mysteries.com/news/264857/mystery-of-the-100-million-year-old-hammer MUSIC: [1] https://www.youtube.com/watch?v=p6UU2FyLHiw   KEYWORDS: anachronic artifacts, ancient artifacts, mysterious discoveries, ancient aliens, time travel evidence, unexplained artifacts, lost technology, conspiracy podcast, paranormal podcast, haunted history, Antikythera Mechanism, Baghdad Battery, Sabu Disk, OOPArts, london hammer, hammer in rock, megaladon, mastodon, myth busters, dresden dolls, LGH, nat and aly, lets get haunted  Learn more about your ad choices. Visit podcastchoices.com/adchoices",5349504,True,6g5nYFYxYUB17O6en0frhj,en,Episode 232: Anachronic Artifacts,2025-09-03,,,,,
"Die Tage werden kälter, Nebel legt sich über die Landschaft und eine gespenstische Atmosphäre legt sich über den See... Viel Spaß beim reinhören.  The days are getting colder, fog is covering the landscape and a ghostly atmosphere is spreading over the lake... Have fun listening",1904338,False,5cCHCr490lW6C3fxQpVcZD,de,"Ein Morgen im Oktober, a morning in October ",2024-10-28,,,,,
Wer kennt dieses gefühl an einer heißen Sommernacht den Verkehr von einer Brücke aus zu beobachten? Es ist eine ganz spezielle Atmosphäre...  Viel Spass beim reinhören...  Who knows that feeling of watching the traffic from a bridge on a hot summer night?  It's a very special atmosphere...  Have fun listening...,940408,False,0F41lbhcV8DihD75AzyE5Q,de,Landstraßen Romantik in einer heißen Sommernacht. Country road romance on a hot summer night.,2024-07-24,,,,,
"Hello dear listeners,  in my first episode i will take you to a field near from a village in the black forest with crickets, birds and warm soft wind blowing in the background. Cheers Ben Hallo liebe Hörer, in meiner ersten Folge nehme ich dich mit auf ein Feld in der Nähe eines Dorfes im Schwarzwald mit Grillen, Vögeln und warmem, sanftem Wind im Hintergrund. Grüße Ben #fieldrecording #atmo #ambient #soundscape #relaxing #entspannen #chill #beruhigend #einschlafen #schlaf #sleepingaid #calm #study",1035261,False,2qmQ5zu4GjRsCGLrN18e8n,de,"Relaxing ambient sound recording, Entspannende Naturklänge 1.",2021-11-29,,,,,
"  Hello my dear listeners, in this episode i want to take you into a little valley in the Black Forest. There are Birds singing, a little creek, and even some Squirrels to listen to. Enjoy it Benjamin  Hallo meine lieben Zuhörer, in dieser Folge möchte ich Dich in ein kleines Tal im Schwarzwald entführen. Es gibt Vogelgesang, einen kleinen Bach und sogar einige Eichhörnchen zu hören. Genieß es Benjamin       #fieldrecording #atmo #ambient #soundscape #relaxing #entspannen #chill #beruhigend #einschlafen #schlaf #sleepingaid #calm #study #entspannend #atmosphäre #klangwelt #naturaufnahme #nature #natur #schlafen #reise #travel #forest #wald",1301673,False,3mDTbBg0XC9J4uwuLwtRhX,de,"Relaxing ambient sound recording, Entspannende Naturklänge 3.",2021-11-30,,,,,
"Hello my dear listeners, this time i will take you to the edge of the forest to listen to a beautiful soundscape with birds singing and trees rustling. Enjoy it Ben Hallo meine lieben Zuhörer, Dieses Mal bringe ich Sie an den Waldrand, um einer wunderschönen Klanglandschaft mit Vogelgezwitscher und Baumrauschen zu lauschen. Viel Hörvergnügen Ben  #fieldrecording #atmo #ambient #soundscape #relaxing #entspannen #chill #beruhigend #einschlafen #schlaf #sleepingaid #calm #study ",3758080,False,33022iDbImSFR8Q2dnaLW0,de,"Relaxing ambient sound recording, Entspannende Naturklänge 2.",2021-11-29,,,,,
"Water is the basic building block of life, the Black Forest has countless springs and streams. Today I am taking you along one such small stream. Have fun.  Wasser ist Grundbaustein des Lebens, der Schwarzwald hat unzählige Quellen und Bäche. Heute nehme ich Euch mit entlang eines solchen kleinen Stroms. Viel Spass",1280069,False,43vTKyeFXXKjkuHXx8k4Nh,de,"Relaxing ambient sound recording, Entspannende Naturklänge",2023-05-23,,,,,
"Rain hath swept through the northern Black Forest for the last few days. But after every rain comes a dry day and so I went back into the forest to capture a nice soundscape. have fun.  In den letzten Tagen hat es im Nordschwarzwald geregnet. Aber nach jedem Regen kommt ein trockener Tag und so ging ich zurück in den Wald, um eine schöne Geräuschkulisse einzufangen. Viel Spaß.",1215193,False,7J56GMztv7dcB8JhoF74cM,de,"Relaxing ambient sound recording, Entspannende Naturklänge. Soundwalk.",2023-05-19,,,,,
Today was finally a cool day after the summer heat. A pleasant fresh air spreads in the forest and the birds give a beautiful concert. Have fun listening.  Heute gab es endlich einen kühlen Tag nach der Sommerhitze. Eine angenehme frische Luft breitet sich im Wald aus und die Vögel geben ein wunderschönes Konzert. Viel Spass beim reinhören.,2687082,False,2X7rGfUq3y7z9eybyMIpey,de,"Relaxing ambient sound recording, Entspannende Naturklänge (Headphones recommended, Kopfhörer empfohlen)",2023-07-02,,,,,
"The weather could be better, nevertheless I set out to capture some spring atmosphere. I'll take you on a little walk through the forest. Have fun.  The weather could be better, nevertheless I set out to capture some spring atmosphere. I'll take you on a little walk through the forest. Have fun.",1360224,False,08RrB0iXHoMBmSNXn1SxLt,de,Relaxing Soundscape. Enstspannende Naturklänge. Springwalk. Frühlingsspaziergang,2023-05-14,,,,,
"As soon as spring arrived, there was already a thunderstorm. Is there anything cozier than sitting dry at home and listening to the thunderstorm and the rain? Have fun listening.  Kaum ist der Frühling da, gab es auch schon ein Gewitter. Gibt es etwas gemütlicheres als zu Hause im Trockenen zu sitzen und dem Gewitter und Regen zuzuhören? Viel Spass beim reinhören",865384,False,2UO7PnRGz2BcbRHf3igTWt,de,"Relaxing ambient sound recording, Entspannende Naturklänge. Thunderstorm. Gewitter",2023-05-08,,,,,
"The weather is deceptive, but I went on a walk through a soundscape characterized by birds, children playing, insects and slowly awakening plants... Have fun.  Das Wetter trügt, dennoch begab ich mich auf einen Spaziergang durch eine Klangkulisse die geprägt ist von Vögeln, spielenden Kindern, Insekten und langsam erwachenden Pflanzen... Viel Spass.",1345596,False,55D5SmMUp17hNXlZkdNLQl,de,Relaxing sounds of nature. Walk in a lake area in spring. Entspannende Naturklänge. Spaziergang in einem Seegebiet im Frühling,2023-05-15,,,,,
"Hallo meine lieben Zuhörer, in dieser Folge besuchen wir einen städtischen Friedhof. Der Winter zeigt sich so langsam, der Wind weht und auch die ersten Schneeflocken lassen nicht auf sich warten... Viel Spass beim reinhören. Benjamin  Hello my dear listeners, In this episode we visit a municipal cemetery. Winter is slowly showing up, the wind is blowing and the first snowflakes are not long in coming... Have fun listening. Benjamin",1685118,False,0KcR7hBSHLbH8eGArM4wd6,de,"Relaxing ambient sound recording, Entspannende Naturklänge (Binaural recording)",2023-11-26,,,,,
Heute nehme ich Euch mit auf einen entspannenden Spaziergang entlang eines kleinen Baches. Ich empfehle dazu das Tragen von Kopfhörern ;) Viel Spass beim reinhören. ,1801079,False,0YKTpE0faosFsA4ml7Vat6,de,Ambisonics Binauraler Spaziergang entlang eines kleinen Baches. Entspannende Naturklänge,2023-11-21,,,,,
Die Zeiten schlechten Wetters scheinen vorübergehend vorbei zu sein. Die Sonne strahlt und auch die Temperaturen erreichen ein angenehmes Niveau. Das geniessen auch die Vögel.  The days of bad weather seem to be temporarily over. The sun is shining and the temperatures are also reaching a pleasant level. The birds enjoy it too.  Have fun listening.  Viel Spass beim reinhören.,2685434,False,0ZfsQACzfL39NdGGDX5j2F,de,"Ein Vorgeschmack des Frühlings. A taste of spring. (High Quality Soundscape) relax, study, learn",2024-01-27,,,,,
"Konzert der Vögel  Hallo meine lieben Zuhörer, heute sind wir zu Besuch auf einer Obstbaumplantage. Alle Vögel der Umgebung scheinen sich zu einem großen Konzert zusammengefunden zu haben. Viel Spass beim reinhören...  Concert of the Birds  Hello my dear listeners, today we are visiting a fruit tree plantation. All the birds in the area seem to have come together for a big concert. Have fun listening...",1489304,False,3ZV3pn7HmmCjwBdnzEJvvz,de,Entspannende Naturklänge 9.5.2022 (Hohe Dynamik - Kopfhörer empfohlen!) / Relaxing ambient soundscape 5/9/2022 (High dynamics - headphones recommended!),2022-05-14,,,,,
"Hallo meine lieben Zuhörer, Der Frühling klopft fleissig an unsere Tür. Heute nehme ich Euch mit auf den Obstbaumpfad. Eine schier unendliche Zahl Vögel singen und musizieren. Lehnt Euch zurück und genießt eine neue Folge...  Hello my dear listeners, Spring is knocking at our door. Today I'll take you on the fruit tree trail. An almost infinite number of birds sing and make music. Sit back and enjoy a new episode...",2734962,False,4H8KQJuykGzsRyzROcbQKh,de,Entspannende Naturklänge 15.4.2022 (Hohe Dynamik - Kopfhörer empfohlen!) / Relaxing ambient soundscape 4/15/2022 (High dynamics - headphones recommended!),2022-04-17,,,,,
"Something odd is happening on this plane. But don’t worry, we’ll be landing in an hour.  Stop putting off those doctors appointments and go to https://zocdoc.com/creepcast to find and instantly book a top-rated doctor today! Over 2 million butts love TUSHY. Get 10% off Tushy with the code CREEPCAST at https://hellotushy.com/CREEPCAST! #tushypod #sponsored    Learn more about your ad choices. Visit megaphone.fm/adchoices",7369173,False,6ATSi0YzksinB6AXopP1Hl,en,The Flight Attendants Won’t Stop Crying | CreepCast,2025-09-07,,,,,
"In the first vampire episode on the channel, our main character finds out some haunting truths about their family.   Upgrade your wallet today! Get 10% Off your entire order @Ridge with code CREEPCAST at https://www.Ridge.com/CREEPCAST #RidgepodCREEPCAST  Level up your game and get 10% off @TurtleBeach with code CREEPCAST  at turtlebeach.com/creepcast   #turtlebeachpod    Learn more about your ad choices. Visit megaphone.fm/adchoices",11532608,False,66GpP0kdSJ5sRdRm9izHCl,en,The Bloodridge Motel | CreepCast,2025-09-14,,,,,
"These are 6 Deep Woods Horror Stories So Scary You’ll Cancel the Camping TripLinktree: https://linktr.ee/its_just_creepyStory Credits:►Sent in to https://www.justcreepy.net/Timestamps:00:00 Intro00:00:18 Story 100:10:28 Story 200:24:13 Story 300:34:48 Story 400:45:23 Story 500:57:44 Story 6Music by:► Myuu's channelhttp://bit.ly/1k1g4ey ►CO.AG Musichttp://bit.ly/2f9WQpeBusiness inquiries: ►creepydc13@gmail.com#scarystories #horrorstories #deepwoods 💀As always, thanks for watching! 💀",4344340,False,3MZRsLpWAK7If5D0csdnqD,en,6 Deep Woods Horror Stories So Scary You’ll Cancel the Camping Trip,2025-09-15,,,,,
"We’re back! Join Steve Martin, Martin Short, and Selena Gomez – plus Showrunner and Executive Producer John Hoffman – to unpack the latest twists. Learn more about your ad choices. Visit podcastchoices.com/adchoices",1887582,False,4QVgk40NyqCew4EYugUfkP,en,S5 E1: Nail in the Coﬃn,2025-09-09,,,,,
"Jackie Hoffman (Uma), Emory Cohen (Young Lester), and Teddy Coluca (Lester) sit down with Michael Cyril Creighton to go back in time and revisit the Arconia when young Lester first started as the doorman. Learn more about your ad choices. Visit podcastchoices.com/adchoices",2109544,False,03mU8vs6AhNDgHhq2eD5Ws,en,S5 E2: After You,2025-09-09,,,,,
"Oof... dolls. We begged for them as children and then were haunted by the thought of them coming to life. Sabrina shares her experiences with an evil teddy bear and together we spook ourselves over the tales of dolls Robert and Mandy.  Have ghost stories of your own? E-mail them to us at twogirlsoneghostpodcast@gmail.com  If you enjoy our show, please consider joining our Patreon, rating and reviewing on iTunes & Spotify and following us on social media! Youtube, Instagram, TikTok, Facebook, and Discord.  Edited by the awesome team at Upfire Digital and original music by Arms Akimbo!  Disclaimer: the use of white sage and smudging is a closed practice. If you’re looking to cleanse your space, here are some great alternatives!  Learn more about your ad choices. Visit podcastchoices.com/adchoices",3926491,True,0kiuVUOjvtPyNk6BsDGzgY,en,Episode 14 - Bad Toy Story,2017-11-27,,,,,
What do they have down in the basement?   Stop putting off those doctors appointments and go to https://zocdoc.com/creepcast to find and instantly book a top-rated doctor today!    Learn more about your ad choices. Visit megaphone.fm/adchoices,4666837,False,2xCHRxGBD9uwAZhziAq21s,en,I Talked To God | CreepCast,2025-09-21,,,,,
"We're throwing on our letterman jackets and heading back to college! Ohio University and St. Andrews University in Scotland have some very spooky tales featuring basketball teams, white ladies, and many more spirits. Be sure to listen for a surprise at the end!   Have ghost stories of your own? E-mail them to us at twogirlsoneghostpodcast@gmail.com  If you enjoy our show, please consider joining our Patreon, rating and reviewing on iTunes & Spotify and following us on social media! Youtube, Instagram, TikTok, Facebook, and Discord.  Edited by the awesome team at Upfire Digital and original music by Arms Akimbo!  Disclaimer: the use of white sage and smudging is a closed practice. If you’re looking to cleanse your space, here are some great alternatives!  Learn more about your ad choices. Visit podcastchoices.com/adchoices",4985626,True,1spfUIaYVM6gHd25P0nfcP,en,Episode 15 - Acceptance Letter,2017-12-04,,,,,
The Adam Friedland Show - Season Two Episode 13 | Rainn Wilson  X: https://x.com/adam_talkshow  Instagram: https://www.instagram.com/theadamfriedlandshow  TikTok:  https://www.tiktok.com/@adamfriedlandshowclips     YouTube: Subscribe to @TheAdamFriedlandShow here: https://www.youtube.com/c/TheAdamFriedlandShow  Subscribe to @TAFSClips here:  https://www.youtube.com/@tafsclips  -- Get 20% off your first order at Lucy.co with promo code TAFS Learn more about your ad choices. Visit podcastchoices.com/adchoices,3454250,False,2mDD8hrok3a3jnpHH98iqT,en,"RAINN WILSON talks Dwight, Clowning, Baha'i",2025-09-18,,,,,
Get Goof Juice and use code MOIST https://gamersupps.gg/moistOur soap https://usecheeky.com/#starter-pack-o...Starforge PC https://starforgepc.com/moist-ytGaming channel    / @moistcr1tikalgamingofficial   This is the greatest popularmmos update of All Time,395691,False,0lHGlKAPqld9PrQP7xa5kw,en, He's Much Healthier Now ,2025-09-27,,,,,
In this episode i will be sharing 4 CREEPY Trucker Stories. Each of these stories are accompanied with rain and haunting ambience to enhance the stories themselves. Helping you fall asleep or keeping you wide awake. TimestampsIntro : (00:00)Story 1: (00:16) Story 2: (10:07) Story 3: (20:04) Story 4: (30:27) BUY MERCHSUBMIT YOUR SCARY STORYFOLLOW MEhttps://www.boozeandboos.net/ Join My Discord! https://discord.gg/sMUtpDwJADDo You Need Discord Assistance? Elle can help! https://elleheat.carrd.co/Stories Found & Edited By : Zack Graham SUPPORT HIM & BUY HIS BOOKS :) Mogollon Monsters -  https://a.co/d/d2BHQCPGhosts of Gravsmith - https://a.co/d/ahThYHA ►[ Intro & Background Ambience] - https://www.youtube.com/@UC-dIpawoAP9T9ccC0tgb-xw ►[《 Background Music 🎶 》] INEKT https://www.youtube.com/channel/UCCqXUeftbMAJrkf8chhnaog.,2456533,True,4bGdyDEt5JCjiq4FJCF0zx,en,4 CREEPY Trucker Stories With Rain & Haunting Ambience,2025-09-24,,,,,
"Ouija Boards. Don't use them. If you do, you may just connect with a dangerous demon, or maybe you'll just end up with some solid material for your new book like author Jane Roberts of 'The Seth Materials'.   WARNING: there is mention of a demon throughout this episode.  Have ghost stories of your own? E-mail them to us at twogirlsoneghostpodcast@gmail.com  If you enjoy our show, please consider joining our Patreon, rating and reviewing on iTunes & Spotify and following us on social media! Youtube, Instagram, TikTok, Facebook, and Discord.  Edited by the awesome team at Upfire Digital and original music by Arms Akimbo!  Disclaimer: the use of white sage and smudging is a closed practice. If you’re looking to cleanse your space, here are some great alternatives!  Learn more about your ad choices. Visit podcastchoices.com/adchoices",4623073,True,2IHEk5oPy0wG468kETzoEL,en,Episode 16 - Witch Boards & Ouija Boards | The Seth Materials and the Origin of the Ouija Board,2017-12-11,,,,,
"This episode of Encounters includes haunting tales from listeners Ashley, Rachael, Alyssa, and Amanda.  Have ghost stories of your own? E-mail them to us at twogirlsoneghostpodcast@gmail.com  If you enjoy our show, please consider joining our Patreon, rating and reviewing on iTunes & Spotify and following us on social media! Youtube, Instagram, TikTok, Facebook, and Discord.  Edited by the awesome team at Upfire Digital and original music by Arms Akimbo!  Disclaimer: the use of white sage and smudging is a closed practice. If you’re looking to cleanse your space, here are some great alternatives!  Learn more about your ad choices. Visit podcastchoices.com/adchoices",2380878,True,6mtPc9Bw9LbQrSvvVThxQT,en,Encounters x 1,2017-12-13,,,,,
"Head to https://tryfum.com/products/zero-crisp-mint to start with Zero. Get seafood you can trust. Go to www.wildalaskan.com/CCCM for $35 off your first box of premium, wild-caught seafood.  A doomsday prophecy, missing children, and a couple consumed by dark beliefs. The Vallow-Daybell case spirals into one of the most chilling true crime stories of our time - where nothing is as it seems. Learn more about your ad choices. Visit podcastchoices.com/adchoices",4981717,True,1UChMDncUurHwrpTano6p7,en,Ep. 71 | The Horrifying Vallow Daybell Cult Murders,2025-09-17,,,,,
"TRIGGER WARNING: Child Abuse and depictions of violence. It all starts after a long day at the bank and a pesky beer bottle.  Eat smart at https://factormeals.com/CREEPCAST50OFF and use code CREEPCAST50OFF to get 50% off your first box, plus Free Breakfast for 1 Year.    Learn more about your ad choices. Visit megaphone.fm/adchoices",4701866,False,5vZlqhvTTSbqHtFx8gYPCx,en,There's Something Wrong With Wendigoon | CreepCast,2025-09-28,,,,,
We're sorry... Learn more about your ad choices. Visit megaphone.fm/adchoices,7607536,False,17Mnwhub3VXyHkNemQPPS1,en,Tommy Taffy | Creep Cast,2024-06-15,,,,,
"This week we explore entities that lurk in the darkness. These tales of shadow figures, the ""Hat Man,"" and an unusual haunting at Waverly Hills Sanatorium will make your skin crawl.   Have ghost stories of your own? E-mail them to us at twogirlsoneghostpodcast@gmail.com  If you enjoy our show, please consider joining our Patreon, rating and reviewing on iTunes & Spotify and following us on social media! Youtube, Instagram, TikTok, Facebook, and Discord.  Edited by the awesome team at Upfire Digital and original music by Arms Akimbo!  Disclaimer: the use of white sage and smudging is a closed practice. If you’re looking to cleanse your space, here are some great alternatives!  Learn more about your ad choices. Visit podcastchoices.com/adchoices",4729913,True,4LQLvpwzR6iUg63DPx3Ns9,en,Episode 17 - In the Dark,2017-12-18,,,,,
"""There'll be scary ghost stories and tales of the glories of the Christmases long, long ago."" It's Christmas Eve, and Ghost Stories used to be a prominent part of the Christmas tradition. Join us as they discuss the Death Coach and the Mistletoe Bride. Happy Holidays!! 👻🎄🎅🏼   Have ghost stories of your own? E-mail them to us at twogirlsoneghostpodcast@gmail.com  If you enjoy our show, please consider joining our Patreon, rating and reviewing on iTunes & Spotify and following us on social media! Youtube, Instagram, TikTok, Facebook, and Discord.  Edited by the awesome team at Upfire Digital and original music by Arms Akimbo!  Disclaimer: the use of white sage and smudging is a closed practice. If you’re looking to cleanse your space, here are some great alternatives!  Learn more about your ad choices. Visit podcastchoices.com/adchoices",3603644,True,1WAyK47Nm1CdB5BKoZd9dJ,en,Episode 18 - They See You When You're Sleeping,2017-12-25,,,,,
"Hunter and Isaiah read three silly creepy pastas starting with Smile Dog, then a Beatles lost episode and finally a young man looking for a good plumber.    Try Rocket Money for free: https://RocketMoney.com/CREEPCAST Stop putting off those doctors appointments and go to https://zocdoc.com/creepcast to find and instantly book a top-rated doctor today!   Learn more about your ad choices. Visit megaphone.fm/adchoices",5750826,False,1TEwjfPqkz1YP7ATDXzeXF,en,Smile Dog | CreepCast,2025-10-05,,,,,
"In 2011, the quiet suburbs of Missouri were rocked when Betsy Faria, a wife and mother of two, was discovered murdered in her home. At first, all signs pointed to a clear-cut case of domestic abuse. But it wasn’t long before a bone-chilling twist was revealed. Find me on:⁠⁠⁠⁠⁠⁠⁠⁠⁠⁠⁠⁠⁠⁠⁠⁠⁠⁠⁠⁠⁠⁠⁠⁠⁠YouTube⁠⁠⁠⁠⁠⁠⁠⁠⁠⁠⁠⁠⁠⁠⁠⁠⁠⁠⁠⁠⁠⁠⁠⁠⁠⁠⁠⁠⁠⁠⁠⁠⁠⁠⁠⁠⁠⁠⁠⁠⁠⁠⁠⁠⁠⁠⁠⁠⁠⁠Instagram⁠⁠⁠⁠⁠⁠⁠⁠⁠⁠⁠⁠⁠⁠⁠⁠⁠⁠⁠⁠⁠⁠⁠⁠⁠⁠⁠⁠⁠⁠⁠⁠⁠⁠⁠⁠⁠⁠⁠⁠⁠⁠⁠⁠⁠⁠⁠⁠⁠⁠TikTok⁠⁠⁠⁠⁠⁠⁠⁠⁠⁠⁠⁠⁠⁠⁠⁠⁠⁠⁠⁠⁠⁠⁠Contact for business enquiries: contact@bfiori.com",2547006,False,25jTRSLBQLVSYX3YPklyc4,en-AU,The Shocking Case of Pam Hupp,2025-09-29,,,,,
"Actor, writer, and director Ethan Hawke (Before Sunrise, Training Day, Dead Poets Society) rides the subway with Kareem Rahma for a raw conversation about art, fame, and what really matters. He breaks down why chasing money ruins creativity, why fame is a trap, and why true artists make work for the love of it, not for applause. Along the way, Ethan reflects on The Beatles, humility, and the idea that the real miracle isn’t walking on water, it’s walking at all.  SubwayTakes Uncut is like SubwayTakes, but longer, looser, and with more stops, more takes, and more room to go deeper.  Host: Kareem Rahma  Creators and Producers: Kareem Rahma & Andrew Kuo  Creative Producer and Editor: Tyler Christie  Associate Producer: Ramy Shafi  Camera: Anthony DiMieri & Tian Sippel & Jake Lazovick  Interstitial Footage: Jake Lazovick  Mixer: Dale Eisinger  Artwork: Andrew Lawandus  Theme Music: Tyler McCauley  Learn more about your ad choices. Visit megaphone.fm/adchoices",933909,False,5HIoDsj621ts6JzcYV8hOr,en,Ethan Hawke Gave Me The Best Life Advice,2025-10-08,,,,,
"Tune in to 104.6 F.M. with Evelyn at the Lonely Broadcast Station to see what everyone's been talking about.    Use code CREEPCAST50OFF at https://factormeals.com/CREEPCAST50OFF to get 50% OFF your first box, plus free Breakfast for one year. One thing to pack, five ways to power! Get 10% off @Ridge with code CREEPCAST at https://www.ridge.com/CREEPCAST #ridgepod  Over 2 million butts love TUSHY. Get 10% off Tushy with the code CREEPCAST at https://hellotushy.com/CREEPCAST! #tushypod   Learn more about your ad choices. Visit megaphone.fm/adchoices",12495595,False,3Xh6qOUex0lvfQXRQnTIZO,en,Accounts From A Lonely Broadcast Station | CreepCast,2025-10-12,,,,,
"Exploring the eerie theories behind a pair of bizarre stone heads found buried in a family's garden, ranging from ghosts to werewolves to cults: the Hexham Heads. Support us directly: https://www.redwebpod.com In the 1970s, two young brothers were playing in their garden when they uncovered something unusual buried in the soil. Soon their family was haunted by strange, unexplainable events that eventually spread to others. The chilling encounters remain unexplained but continue to capture curiosity decades later. Today, we explore the mystery of the Hexham Heads. Our sponsors:Shady Rays - Go to http://shadyrays.com and use code REDWEB for 35% off polarized sunglasses.Factor - Go to http://factormeals.com/redweb50off and use code redweb50off to get 50% off your first box, plus Free Breakfast for 1 Year.Brooklyn Bedding - Go to http://brooklynbedding.com and use code REDWEB for 30% off sitewide.Ownwell - Stop overpaying and start saving with Ownwell. Sign up in 3 minutes at https://Ownwell.com/redweb Learn more about your ad choices. Visit megaphone.fm/adchoices",3056896,False,20YIH7GiSkE9NKhRMPvBmJ,en,"Hexham Heads | Cults, Curses, & Cryptids: What Are These Haunting Stones?",2025-10-13,,,,,
"Check out the book here: https://www.amazon.com/Battle-Blair-M...Editor: Katelin Chadwell Thumbnail: Elvan Putra (‪@elvandubz‬)DISCLAIMER: This video is for educational purposes. The events described and shown are historically/artistically significant and the content should be treated as a comprehensive recollection/analysis of events. The actions mentioned are in no way condoned or acceptable to myself or those who featured in the creation of this video. Any events or images depicted are artificial and in no way condone behavior of similar category. Please view responsibly, viewer discretion is advised.",4285952,False,40Xly1J2y53hf80tPRHeO4,en,When West Virgina Became a Battlefield,2025-09-21,,,,,
"Use my link to get a FREE Frother with your first purchase of AGZ: ⁠https://drinkag1.com/wendigoonYouTube Reupload - kepther e: The Complete CompilationInternet Archive - kepther eEditor: Nate de OliveiraThumbnail: Elvan Putra (@elvandubz)Check out the podcasts here:CreepCastThe Weird Bible PodcastDISCLAIMER: This video is for educational purposes. The events described and shown are historically/artistically significant and the content should be treated as a comprehensive recollection/analysis of events. The actions mentioned are in no way condoned or acceptable to myself or those who featured in the creation of this video. Any events or images depicted are artificial and in no way condone behavior of similar category. Please view responsibly, viewer discretion is advised.",4888344,False,0YbsNUdpeNH3iZQpzdAK52,en,The Disturbing ARG Banned from YouTube - Kepther e,2025-09-30,,,,,
"Co-creators:Research - Vincent GelardiWriting - Randall Castillo (Insta: @Randsvc)Director of Content Development - Randall Castillo (Insta: @Randsvc)Editing - LucyfromtheinternetThumbnail - Elvan Putra (@elvandubz_id)Captions - Foulweather StudiosMusic - LucyfromtheinternetKey Sources: https://www.aacn.org/nursing-excellen....https://nursing.uw.edu/filipino-and-f...https://www.hrw.org/tag/philippines-w...https://www.esquiremag.ph/culture/mus...https://lalakaraoke.com/blog/history-...https://www.townandcountrymag.com/soc...https://www.bbc.com/travel/article/20...https://billboardphilippines.com/musi...https://jazzizdiscovery.com/sinatra10...https://thesmithcenter.com/explore/sm...https://people.com/frank-sinatra-my-w...https://en.wikipedia.org/wiki/My_Way#...  / til_numerous_people_have_been_killed_singi...  https://www.philstar.com/metro/2000/1...https://www.philstar.com/news-comment...https://www.cbsnews.com/news/karaoke-...https://www.gmanetwork.com/news/topst...https://people.com/frank-sinatra-my-w...https://www.gmanetwork.com/news/topst...https://coconuts.co/manila/news/not-f...https://www.grunge.com/1076075/why-si...https://www.crimeandinvestigation.co....https://www.theguardian.com/music/201...https://www.adelaidenow.com.au/entert...DISCLAIMER: This video is for educational purposes. The events described and shown are historically/artistically significant and the content should be treated as a comprehensive recollection/analysis of events. The actions mentioned are in no way condoned or acceptable to myself or those who featured in the creation of this video. Any events or images depicted are artificial and in no way condone behavior of similar category. Please view responsibly, viewer discretion is advised.",1528170,False,3Tld20olp9lNdQiYWq1CFF,en,WENDIGANG: The Sinatra Karaoke Killings,2025-09-22,,,,,
"Key Sources:https://www.cultureunplugged.com/docu...‪@NavajoTraditionalTeachings‬ https://www.amazon.com/Yellow-Dirt-Po...Max (say, ""thanks Max"")https://www.businessinsider.com/photo...https://www.vice.com/en/article/churc...https://www.vox.com/21514587/navajo-n...Watch my videos on Spotify here!: https://open.spotify.com/show/2MDDT1o...New videos from Vincent and the team on Wendigang!: ‪@Wendigames‬ Check out the podcasts here:CreepCast: ‪@CreepPodcast‬ The Weird Bible Podcast: ‪@TheWeirdBible‬ DISCLAIMER: This video is for educational purposes. The events described and shown are historically/artistically significant and the content should be treated as a comprehensive recollection/analysis of events. The actions mentioned are in no way condoned or acceptable to myself or those who featured in the creation of this video. Any events or images depicted are artificial and in no way condone behavior of similar category. Please view responsibly, viewer discretion is advised.",2891869,False,5DjZQkrWQbjG8NqbYW7S4r,en,The Largest Nuclear Disaster in America,2025-06-15,,,,,
Co-creators:Research - Vincent GelardiWriting - Davis KopDirector of Content Development - Randall Castillo (Insta: @Randsvc)Producer - ZachGGEditing - Reynold HughesThumbnail - Elvan Putra (@elvandubz_id)Captions - Foulweather StudiosMusic - LucyfromtheinternetKey Sources: https://www.matthewfraserauthor.com/o...https://orthodoxwiki.org/Adrian_III_o...https://www.medievalists.net/2025/05/...https://todayinhistory.blog/2021/01/2...https://www.atlasobscura.com/articles...https://www.nationalgeographic.com/hi...https://historymedieval.com/pope-form...https://www.newadvent.org/cathen/1428...https://www.ancient-origins.net/histo...https://todayinhistory.blog/2021/01/2...https://daily.jstor.org/the-cadaver-s...http://law2.umkc.edu/faculty/projects...https://books.google.com/books?id=sWH...https://www.catholic.com/magazine/pri...,2597610,False,0jxAFWsMsUoWWK58VwznJk,en,WENDIGANG: The Pope's Corpse was Put on Trial...by the Pope - The Cadaver Synod ,2025-10-14,,,,,
"Uploads each week! Trying out something new on this channel, please let us know what you think and thank you for watching!Co-creators:Research - Vincent GelardiWriting - Greg BallardDirector of Content Development - Randall Castillo (Insta: @Randsvc)Editing - LucyfromtheinternetThumbnail - Elvan PutraCaptions - Foulweather Studios",1999307,False,0fXsMfPO266Bz9WEF7BcJc,en,WENDIGANG: The Army Ranger Bank Heist - a Genius Plan & a Stupid Mistake,2025-05-13,,,,,
"Co-creators:Research - Libby JuneWriting - Davis KopDirector of Content Development - Randall Castillo (Insta: @Randsvc)Editing - Reynold HughesThumbnail - Elvan Putra (@elvandubz_id)Captions - Foulweather StudiosMusic - LucyfromtheinternetKey Sources:KONY 2012Mob Lab - Inside Invisible Children’s massive grassroots networkNPR - The 'Kony 2012' Effect: Recovering From A Viral SensationBritannica - Joseph KonyThe White House (2011) - Letter from the President to the Speaker of the House of Representatives and the President Pro Tempore of the Senate Regarding the Lord's Resistance ArmyLos Angeles Times - Kony 2012: Which 20 celebrities are targeted to help?Kony 2012: Part II - Beyond FamousInvisible Children - Senate unanimously passes KONY 2012 resolutionMOVE: Invisible Children's new film from the creators of KONY 2012ABC - 'Kony 2012' Activist Filmmaker Jason Russell Picked Up by CopsThe Guardian - Kony 2012 Cover the Night fails to move from the internet to the streetsDISCLAIMER: This video is for educational purposes. The events described and shown are historically/artistically significant and the content should be treated as a comprehensive recollection/analysis of events. The actions mentioned are in no way condoned or acceptable to myself or those who featured in the creation of this video. Any events or images depicted are artificial and in no way condone behavior of similar category. Please view responsibly, viewer discretion is advised.",2969301,False,1iBItJ03lBFqGbLEKtWF5K,en,WENDIGANG: The Worst Awareness Campaign Ever - Kony 2012,2025-09-29,,,,,
"Co-creators:Research - Alex AdlerWriting - Randall Castillo (Insta: @Randsvc)Director of Content Development - Randall Castillo (Insta: @Randsvc)Editing - Reynold HughesThumbnail - Elvan Putra (@elvandubz_id)Captions - Foulweather StudiosMusic - LucyfromtheinternetKey Sources: https://www.the-independent.com/arts-...https://deadline.com/2009/04/exclusiv...DISCLAIMER: This video is for educational purposes. The events described and shown are historically/artistically significant and the content should be treated as a comprehensive recollection/analysis of events. The actions mentioned are in no way condoned or acceptable to myself or those who featured in the creation of this video. Any events or images depicted are artificial and in no way condone behavior of similar category. Please view responsibly, viewer discretion is advised.",1786005,False,0nQWDeSUFmyUAasQrpzzbc,en,WENDIGANG: That Time a Studio Deleted an Entire Movie,2025-09-15,,,,,
"Uploads each week! Trying out something new on this channel, please let us know what you think and thank you for watching!Co-creators:Research - Libby JuneWriting - Alex AdlerDirector of Content Development - Randall Castillo (Insta: @Randsvc)Editing - LucyfromtheinternetThumbnail - Elvan PutraCaptions - Foulweather Studios",2014818,False,4Zyrl7yY6wtOdHvPZkNqAL,en,"WENDIGANG: The Football Fan, Gambler, & Bank Robber - Chiefsaholic",2025-04-29,,,,,
"Get started with AG1 for less than $3 a day when you subscribe! https://drinkag1.com/wendigoonNew videos on Wendigang coming soon!:  @Wendigames  Check out the podcasts here:CreepCast:  @CreepPodcast  The Weird Bible Podcast:  @TheWeirdBible  DISCLAIMER: This video is for educational purposes. The events described and shown are historically/artistically significant and the content should be treated as a comprehensive recollection/analysis of events. The actions mentioned are in no way condoned or acceptable to myself or those who featured in the creation of this video. Any events or images depicted are artificial and in no way condone behavior of similar category. Please view responsibly, viewer discretion is advised.My LinksSecond channel/ Livestreams:  @Wendigames  Twitter: https://mobile.twitter.com/wendigoon8Subreddit: https://www.reddit.com/r/wendigoon/Business email: wendigoon@manatalentgroup.comPersonal/Inquiries: Wendigoon8@gmail.com",1692316,False,2uhxeD7NYqvtQnpHgTBjpV,en,Are Airplane Crash Positions Designed to Kill You?,2025-05-01,,,,,
"Stop leaving yourself vulnerable to data breaches and brokers. Go to my sponsor https://aura.com/wendigoon to get a 14-day free trial and see if any of your data has been exposedGET THE CAMP WENDIGOON MERCH WHILE YOU CAN: https://wendigoon.shop/Joe Turner's Website (this video would have been lame without him): https://www.joeturnerbooks.com/Check out the podcasts here:CreepCast: ‪@CreepPodcast‬ The Weird Bible Podcast: ‪@TheWeirdBible‬ DISCLAIMER: This video is for educational purposes. The events described and shown are historically/artistically significant and the content should be treated as a comprehensive recollection/analysis of events. The actions mentioned are in no way condoned or acceptable to myself or those who featured in the creation of this video. Any events or images depicted are artificial and in no way condone behavior of similar category. Please view responsibly, viewer discretion is advised.My LinksSecond channel/ Livestreams: ‪@Wendigames‬ Twitter:   / wendigoon8  Subreddit:   / wendigoon  Business email: wendigoon@manatalentgroup.comPersonal/Inquiries: Wendigoon8@gmail.com",2361781,False,7xNe725cVO5JWR5r29C5nI,en,The Killer Who Lived in the Walls,2025-04-11,,,,,
Bruce Springsteen joined Jeremy Allen White at Spotify London for an intimate conversation about Springsteen: Deliver Me From Nowhere – and the music that shaped it all. This conversation was hosted by Edith Bowman. Learn more about your ad choices. Visit podcastchoices.com/adchoices,2488298,False,2GQTQHyhRL5Py6iREr5ZG3,en,Spotify in Conversation with Bruce Springsteen and Jeremy Allen White,2025-10-20,,,,,
"Try Rocket Money for free: https://rocketmoney.com/WENDIGOONCheck out Ed Mireles's book (paperback & Kindle) on the shootout here: https://www.amazon.com/Miami-Firefight-Minutes-Changed-Bureau/dp/0999510304GET THE MERCH WHILE YOU CAN (CRYPTIDS 4 CHARITY & LIMITED RETURN OF HAWAIIAN SHIRT): https://www.wendigoon.shopCheck out the new podcasts here:The Red Thread:  @theofficialytchannel  CreepCast:  @CreepPodcast  The Weird Bible Podcast:  @TheWeirdBible  DISCLAIMER: This video is for educational purposes. The events described and shown are historically/artistically significant and the content should be treated as a comprehensive recollection/analysis of events. The actions mentioned are in no way condoned or acceptable to myself or those who featured in the creation of this video. Any events or images depicted are artificial and in no way condone behavior of similar category. Please view responsibly, viewer discretion is advised.My LinksSecond channel/ Livestreams: ​⁠ Twitter: https://mobile.twitter.com/wendigoon8Subreddit: https://www.reddit.com/r/wendigoon/Business email: wendigoon@manatalentgroup.comPersonal/Inquiries: Wendigoon8@gmail.com",4970300,False,4Sw7I4XxEuODbbVdTgNZvw,en,The Deadliest Shootout in FBI History,2024-12-29,,,,,
"The episode that may have it all. Sabrina and Corinne read listeners' tales of reincarnation, guardian angels, shadow figures, and a few uninvited house guests.  Have ghost stories of your own? E-mail them to us at twogirlsoneghostpodcast@gmail.com  If you enjoy our show, please consider joining our Patreon, rating and reviewing on iTunes & Spotify and following us on social media! Youtube, Instagram, TikTok, Facebook, and Discord.  Edited by the awesome team at Upfire Digital and original music by Arms Akimbo!  Disclaimer: the use of white sage and smudging is a closed practice. If you’re looking to cleanse your space, here are some great alternatives!  Learn more about your ad choices. Visit podcastchoices.com/adchoices",2106775,False,2MxiTYAoo2BFB79ylqquvG,en,Encounters x2,2017-12-27,,,,,
"We are traveling home for the holidays! Corinne's headed to Vermont and Sabrina to New Jersey to visit a few haunting tales in their home states.  Have ghost stories of your own? E-mail them to us at twogirlsoneghostpodcast@gmail.com  If you enjoy our show, please consider joining our Patreon, rating and reviewing on iTunes & Spotify and following us on social media! Youtube, Instagram, TikTok, Facebook, and Discord.  Edited by the awesome team at Upfire Digital and original music by Arms Akimbo!  Disclaimer: the use of white sage and smudging is a closed practice. If you’re looking to cleanse your space, here are some great alternatives!  Learn more about your ad choices. Visit podcastchoices.com/adchoices",4460277,False,1QhE2iFmGm67TPUl2nkdZY,en,Episode 19 - Home for the Holidays,2017-12-31,,,,,
C.K. Walker brings us a nice little ghost story for the season.   Stop putting off those doctors appointments and go to https://zocdoc.com/creepcast to find and instantly book a top-rated doctor today! Level up your game and get 10% off @TurtleBeach with code CREEPCAST at https://turtlebeach.com/CREEPCAST #turtlebeachpod    Learn more about your ad choices. Visit megaphone.fm/adchoices,4704000,False,4nQHi39vg9oWBooGo0J9fl,en,Room 733 | CreepCast,2025-10-19,,,,,
"High on Maine’s Mt. Katahdin, the Appalachian Trail ends in a place wrapped in mystery—and haunted by a storm spirit. Hikers whisper about sudden fog, eerie moans in the wind, and the sense of eyes watching from the Knife’s Edge ridge. The Wabanaki people know who it is: Pamola, the ancient birdlike guardian said to punish anyone who dares disrespect the mountain.  Is he a cryptid, a god, or something else? Spectral moose sightings, violent storms, and eerie winds all carry his name. And when skies turn from clear to chaos in a heartbeat, locals say it’s Pamola reminding you this isn’t just a climb—it’s sacred ground.  Books Mentioned:  Here Lies a Vengeful Bitch (upcoming book club pick) by Codie Crowley  We Live Here Now by Sarah Pinborough  Get tickets to the October 8th live show here.  Listen to the interview with HHN mastermind Charles Gray here.  Watch the video version here.  Have ghost stories of your own? E-mail them to us at twogirlsoneghostpodcast@gmail.com  New Episodes are released every Thursday and Sunday at 12am PST/3am EST (the witching hour, of course). Corinne and Sabrina hand select a couple of paranormal encounters from our inbox to read in each episode, from demons, to cryptids, to aliens, to creepy kids... the list goes on and on. If you have a story of your own that you'd like us to share on an upcoming episode, we invite you to email them to us!   If you enjoy our show, please consider joining our Patreon, rating and reviewing on iTunes & Spotify and following us on social media! Youtube, Instagram, TikTok, Facebook, and Discord.  Edited by Jaimi Ryan and produced by Emma Leventer and Jaimi Ryan, original music by Arms Akimbo!  Disclaimer: the use of white sage and smudging is a closed practice. If you’re looking to cleanse your space, here are some great alternatives! Learn more about your ad choices. Visit podcastchoices.com/adchoices",3704294,True,51XwSUfcNmRnff12uZnSJM,en,Episode 340 -  Pamola: The Wandering Spirit of Mt. Katahdin,2025-09-21,,,,,
"All of these listeners have one thing in common - the spirits feel a little too comfortable. We are talking shadow figures lurking in bedrooms, a demon who enjoys going on errands, and a ghost that knows something no one else does.  Have ghost stories of your own? E-mail them to us at twogirlsoneghostpodcast@gmail.com  If you enjoy our show, please consider joining our Patreon, rating and reviewing on iTunes & Spotify and following us on social media! Youtube, Instagram, TikTok, Facebook, and Discord.  Edited by the awesome team at Upfire Digital and original music by Arms Akimbo!  Disclaimer: the use of white sage and smudging is a closed practice. If you’re looking to cleanse your space, here are some great alternatives!  Learn more about your ad choices. Visit podcastchoices.com/adchoices",2031908,True,5ev9hjcnlfLzT4OlLufNFt,en,Encounters x29,2019-01-02,,,,,
"Ever heard of Black Eyed Kids? No? Well, let us enlighten you, terrify you, make you wish you never listened to this episode. Whatever you do, do not let them in…  Have ghost stories of your own? E-mail them to us at twogirlsoneghostpodcast@gmail.com  If you enjoy our show, please consider joining our Patreon, rating and reviewing on iTunes & Spotify and following us on social media! Youtube, Instagram, TikTok, Facebook, and Discord.  Edited by the awesome team at Upfire Digital and original music by Arms Akimbo!  Disclaimer: the use of white sage and smudging is a closed practice. If you’re looking to cleanse your space, here are some great alternatives!  Learn more about your ad choices. Visit podcastchoices.com/adchoices",4348447,True,0m8DTiJV2IwsSVTNT9es1y,en,Episode 20 - Black Eyed Kids,2018-01-08,,,,,
"Deep in the woods, the whistlers call out. Are they hunting us, or are we the bait?   Use https://displate.com/l/creepcast or use code CREEPCAST to get 33% off when you order up to 2 displates Or, 38% when you order 3 more more displates. Control Body Odor ANYWHERE with @shop.mando and get 20% off + free shipping with promo code CREEPCAST at https://shopmando.com! #mandopod #sponsored    Learn more about your ad choices. Visit megaphone.fm/adchoices",11914880,False,7moENldGNeW7XbcS41LCCZ,en,The Whistlers | Creep Cast,2025-10-26,,,,,
"My interview with an FBI agent who helped catch Kaczynski: https://youtu.be/uCuuXm-o9p8Katelin's (Editor) Twitter, go say thanks for me : https://twitter.com/KatelinEliza_DISCLAIMER: This video is for educational purposes. The events described and shown are historically significant and the content should be treated as a comprehensive recollection of events. The actions mentioned are in no way condoned or acceptable to myself or those who featured in the creation of this video. Please view responsibly, viewer discretion is advised.My LinksSecond channel/ Wendigang: https://www.youtube.com/@Wendigames Twitter: https://mobile.twitter.com/wendigoon8Subreddit: https://www.reddit.com/r/wendigoon/Business email: wendigoon@manatalentgroup.comPersonal/Inquiries: Wendigoon8@gmail.com",12872887,False,26wG1VgCQyVz0wzrCEn6cR,en,The Internet's Favorite Terrorist: The Unabomber's Life & Legacy,2023-10-31,,,,,
"Have you ever had an experience that you couldn't explain? Maybe it was a ghost floating by your bed or a murder of crows intending to send you a message or maybe you don't like the way your house makes you feel. There's nothing better than coming home to a haunted house...right? This week Corinne and Sabrina read listener stories from Rachel, Liv, Brittany and Laura.  Plus Corinne shares an encounter of her own, but not of the paranormal type.   Have ghost stories of your own? E-mail them to us at twogirlsoneghostpodcast@gmail.com  If you enjoy our show, please consider joining our Patreon, rating and reviewing on iTunes & Spotify and following us on social media! Youtube, Instagram, TikTok, Facebook, and Discord.  Edited by the awesome team at Upfire Digital and original music by Arms Akimbo!  Disclaimer: the use of white sage and smudging is a closed practice. If you’re looking to cleanse your space, here are some great alternatives!  Learn more about your ad choices. Visit podcastchoices.com/adchoices",2867121,False,0edbdLPre4lq86KrKvxEak,en,Encounters x3,2018-01-10,,,,,
A journalist embarks on a journey with a stranger to play a demented game. Learn more about your ad choices. Visit megaphone.fm/adchoices,13632862,False,7eWNTHirx52jVh7MXXzet5,en,Left Right Game Pt.1 | Creep Cast,2024-02-25,,,,,
"In this episode, we conclude the story of a haunting, otherworldly road game full of secrets and revelation Learn more about your ad choices. Visit megaphone.fm/adchoices",17898212,False,3p4FzNh0TrgTIFjlfizzEj,en,Left Right Game Pt. 2 | Creep Cast,2024-03-10,,,,,
"From the creepcast subreddit, comes a story of a soldier riding with a band of headhunters during the Navajo War in 1863 while a dark entity starts to follow them.   You can go to my sponsor https://aura.com/creepcast  to try 14 days for free. That’s enough time for Aura to start scrubbing your personal info off these data broker sites, without you lifting a finger. Stop putting off those doctor appointments and go to https://zocdoc.com/creepcast to find and instantly book a top-rated doctor today! Head to https://drinkag1.com/CREEPCAST to get a FREE Welcome Kit with an AG1 Flavor Sampler and a bottle of Vitamin D3 plus K2, when you first subscribe!   Learn more about your ad choices. Visit megaphone.fm/adchoices",5394901,False,14t7tg75RkncMb09JqbTjc,en,Journal of an Unknown Soldier | CreepCast,2025-11-02,,,,,
"On tour, Poppy finds calm in the small things: a tea shop in a new city, a stop at a stationery store, a few quiet minutes spent scrapbooking before soundcheck. Anything to keep her grounded while the world keeps moving.In this episode of Day In The Life, she opens up about her new album ‘Empty Hands,’ leaning into what she loved performing live and learning to accept the ride instead of fighting it. And when the noise settles, she checks in with her best friend, Pi, who, for the record, is human. Stream ‘Bruised Sky’ now on Spotify.  (00:00) Intro (00:26) Meet Pi, Poppy’s cat and best friend (00:41) A day off on tour (00:53) On her style and glam (01:12) How she finds calm on the road (01:41) The challenge of touring (01:53) On her upcoming shows with Linkin Park (02:08) Her new album ‘Empty Hands’ (02:25) Inside her creative process (02:35) Visiting the Troll House Cottage (02:50) On her love of tea (03:22) Tour and live show prep (03:45) Post-show rituals (04:05) Artists she loves and what inspires her (04:40) On her love of scrapbooking (05:13) How she thinks about creating like a ride (05:45) Visiting the Catio Cat Lounge (06:15) Cats, cats, and more cats Learn more about your ad choices. Visit podcastchoices.com/adchoices",401706,True,60ASUwSU8G4yknhAXb3fdt,en,Day in the Life with Poppy,2025-11-18,,,,,
"In 1987, a quiet family in Horicon, Wisconsin, became the center of one of the most disturbing hauntings ever investigated. It all began with a family moving into their dream home. But what followed was a nightmare that would terrify the Tallman family for months… strange sounds, unexplained visions and a phenomena that threatened to drive the family crazy, until the haunting reached a violent and terrifying peak.  In this deep dive, The Tape Library explores the true story of the Tallman Family Haunting, a case that drew national media attention, appearing on Unsolved Mysteries and shocking people all across the country. But one that still very much remains a true paranormal mystery.  🔔 Subscribe for more paranormal documentaries 👍 Like | 💬 Comment | 📢 Share with anyone who loves real ghost stories  Support the channel with Patreon - www.patreon.com/thetapelibrary  Do you have a supernatural story to share? Drop me an email at thetapelibrary@protonmail.com  You can check out The Tape Library in audio form on all of your favourite podcast providers.  Instagram - https://www.instagram.com/thetapelibrary  Tiktok - https://www.tiktok.com/@thetapelibrary  Facebook - https://www.facebook.com/people/The-Tape-Library/100094332411836/   Archive of the Paranormal, the strange and the unexplained.   Additional footage and audio from Evanto, Artgrid, Epidemic Sounds, Singularity, Midjourney and Pexels. Music includes Karl Casey @ White Bat Audio and the youtube audio library. All other footage used under fair use.  #Paranormal #TrueGhostStories #HauntedHouse #TallmanHaunting #HauntedBunkBed #TheTapeLibrary #UnsolvedMysteries #RealHaunting #GhostDocumentary #horrordocumentary   Chapters 00:00 Nightmare 03:57 Welcome to The Tape Library05:04 The Perfect Home12:41 The Bunkbeds18:34 The Downward Spiral22:29 House on Fire30:35 A New Target39:52 The Last Day44:21 The Fallout50:38 What Really Happened?1:00:22 Wrapping Up  SpectreVision Radio is a bespoke podcast network at the intersection between the arts and the uncanny, featuring a tapestry of shows exploring creativity, the esoteric, and the unknown. We’re a community for creators and fans vibrating around common curiosities, shared interests and persistent passions. spectrevisionradio.com linktr.ee/spectrevisionsocial Learn more about your ad choices. Visit megaphone.fm/adchoices",3762880,False,1YgiZgZDscDOaq07DAk1y4,en,The Disturbing Case of the Tallman Haunting,2025-10-31,,,,,
"After being presumed dead in 1957, Aleksei Ledovsky radios in and asks to be brought aboard. He also might not be alone.   Use code CREEPCAST50OFF at https://factormeals.com/CREEPCAST50OFF to get 50% OFF your first box, plus free Breakfast for one year. Take advantage of Ridge’s Biggest Sale of the Year and GET UP TO 47% Off  by going to https://www.ridge.com/CREEPCAST #Ridgepod Over 2 million butts love TUSHY. Get 10% off Tushy with the code CREEPCAST at https://hellotushy.com/CREEPCAST! #tushypod #sponsored   Learn more about your ad choices. Visit megaphone.fm/adchoices",6870464,False,2mdV2nOD40eeuBk3CJZkO6,en,Smiling Ones On Space Station Mir | CreepCast,2025-11-09,,,,,
"Three deer were shot. One was left. Later, it walked on two legs.  Level up your game and get 10% off @TurtleBeach with code CREEPCAST at https://turtlebeach.com/CREEPCAST #turtlebeachpod Control Body Odor ANYWHERE with @shop.mando and get 20% off + free shipping with promo code CREEPCAST at https://shopmando.com! #mandopod #sponsored    Learn more about your ad choices. Visit megaphone.fm/adchoices",3703701,False,4JWuUIVaUbuUqMKHiYZk8F,en,My Dad Ate Meat From A Deer That Walked On Two Legs  | CreepCast,2025-11-16,,,,,
"Live footage from Creep Aid Chicago, three stories are read by a couple up-and-coming authors.   Stop putting off those doctors appointments and go to https://zocdoc.com/creepcast to find and instantly book a top-rated doctor today!    Learn more about your ad choices. Visit megaphone.fm/adchoices",9539371,False,1gNtiobpN3JARBHqouAtjP,en,The Bearded Man In My Window | CreepCast,2025-11-23,,,,,
"For some people, pets are their entire world. In the future, the entire world is made of dogs.   You can go to my sponsor https://aura.com/creepcast to try 14 days for free. That’s enough time for Aura to start scrubbing your personal info off these data broker sites, without you lifting a finger. Take advantage of Ridge’s Biggest Sale of the Year and GET UP TO 47% Off  by going to https://www.Ridge.com/CREEPCAST #ridgepod  Start speaking a new language in 3 weeks with Babbel 🎉. Get up to 55% OFF your subscription here: https://Babbel.com/creepcast .   Learn more about your ad choices. Visit megaphone.fm/adchoices",5877739,False,2WZLEug78aoe83UnhhNBww,en,Dogscape | CreepCast,2025-11-30,,,,,
"Co-creators:Research - Libby JuneWriting - Davis KopDirector of Content Development - Randall Castillo (Insta: @Randsvc)Producer - ZachGGEditing - Reynold HughesThumbnail - Elvan Putra  @elvandubz  Captions - Foulweather StudiosMusic - Lucyfromtheinternet  @LucyFromTheInternet  Key Sources: https://www.nytimes.com/article/nxivm-timeline.htmlhttps://people.com/where-is-keith-raniere-now-11756915https://archive.is/20250129102556/https://www.nytimes.com/2017/10/17/nyregion/nxivm-women-branded-albany.htmlhttps://www.youtube.com/@keithraniereconversations9560/videoshttps://web.archive.org/web/20250801170050/https://www.nytimes.com/2021/09/07/nyregion/nancy-salzman-nxivm-sex-cult.htmlhttps://int.nyt.com/data/documenthelper/852-keith-raniere-s-twelve-point-m/14c1838fee817b774dfc/optimized/full.pdfhttps://www.networksolutions.com/typepad?siteID=100&channelID=P99C100S653N0B5A1D0E0000V111https://www.npr.org/2018/08/04/635583140/understanding-nxivm-group-critics-call-a-culthttps://www.npr.org/2022/10/17/1128808224/the-vow-part-2-cult-nxivm-keith-raniere-nancy-salzmanhttps://www.youtube.com/watch?v=5bb1EtTnvaw&t=773shttps://www.racked.com/2014/1/9/7625823/landmark-lululemon-featurehttps://www.nytimes.com/2019/05/07/nyregion/nxivm-keith-raniere-trial.htmlhttps://frankreport.com/category/investigations/nxivm/https://www.youtube.com/watch?v=tmEOPOwZ_Yshttps://people.com/crime/nxivm-founder-keith-raniere-guilty-sex-trafficking-allison-mack-case/https://archive.is/20230413221619/https://www.timesunion.com/news/article/court-affirms-ouster-nxivm-doctor-s-medical-17895553.phphttps://www.cbsnews.com/news/how-to-identify-a-cult-six-expert-tips/https://www.youtube.com/watch?v=fa7uN2vo6rcWatch these videos on Spotify here!: https://open.spotify.com/show/2MDDT1opwKR0NF6upmhKKN?si=a46629ee693b4e54DISCLAIMER: This video is for educational purposes. The events described and shown are historically/artistically significant and the content should be treated as a comprehensive recollection/analysis of events. The actions mentioned are in no way condoned or acceptable to myself or those who featured in the creation of this video. Any events or images depicted are artificial and in no way condone behavior of similar category. Please view responsibly, viewer discretion is advised.Wendigoon LinksMain Channel:  @Wendigoon  Twitter: https://mobile.twitter.com/wendigoon8Subreddit: https://www.reddit.com/r/wendigoon/Business email: wendigoon@manatalentgroup.comPersonal/Inquiries: Wendigoonmail@gmail.com",3402240,False,2GhdlzCbWDIu4w702bgUh6,en,WENDIGANG: The Cult that Branded Celebrities - NXIVM,2025-11-19,,,,,
"Get That Which Gave Chase on Steam: https://store.steampowered.com/app/2431100/That_Which_Gave_Chase/Editor: Nate de OliveraThumbnail: Elvan Putra @elvandubz  Check out the podcasts here:CreepCast: ‪ @CreepPodcast  The Weird Bible Podcast: ‪ @TheWeirdBible  DISCLAIMER: This video is for educational purposes. The events described and shown are historically/artistically significant and the content should be treated as a comprehensive recollection/analysis of events. The actions mentioned are in no way condoned or acceptable to myself or those who featured in the creation of this video. Any events or images depicted are artificial and in no way condone behavior of similar category. Please view responsibly, viewer discretion is advised.My LinksWendigang (group videos):   @Wendigames  Twitter: https://x.com/Wendigoon8Subreddit: https://www.reddit.com/r/wendigoon/Business email: wendigoon@manatalentgroup.comPersonal/Inquiries: Wendigoonmail@gmail.com",5543416,False,4sxpfrPmguex8XqYnlA77n,en,The Subtle Horror of That Which Gave Chase,2025-11-16,,,,,
"Co-creators:Research - Libby JuneWriting - Davis KopDirector of Content Development - Randall Castillo (Insta: @Randsvc)Producer - ZachGGEditing - Lucyfromtheinternet  @LucyFromTheInternet  Thumbnail - Elvan Putra  @elvandubz  Captions - Foulweather StudiosMusic - Lucyfromtheinternet  @LucyFromTheInternet  Key Sources: https://www.britannica.com/event/Wars-of-the-Roseshttps://tudorhistory.org/people/arthur/https://thetudorenthusiast.weebly.com/blog/was-katherine-of-aragons-marriage-to-arthur-tudor-consummatedhttps://winsham.blogspot.com/2014/10/prince-arthurs-vision-tudor-spectre.htmlhttps://www.hrp.org.uk/hampton-court-palace/history-and-stories/katherine-of-aragon/https://www.britannica.com/biography/Henry-VIII-king-of-Englandhttps://www.englandcast.com/2025/04/mary-boleyn-2/https://www.hrp.org.uk/tower-of-london/history-and-stories/anne-boleyn/https://www.hrp.org.uk/tower-of-london/history-and-stories/thomas-cromwell/https://www.agecrofthall.org/single-post/was-the-trial-of-anne-boleyn-a-set-uphttps://thetudorenthusiast.weebly.com/blog/anne-boleyns-executionhttps://www.hrp.org.uk/hampton-court-palace/history-and-stories/jane-seymour/https://thehistoricalnovel.com/2013/10/05/henry-viii-and-his-six-ghosts/Watch these videos on Spotify here!: https://open.spotify.com/show/2MDDT1opwKR0NF6upmhKKN?si=a46629ee693b4e54DISCLAIMER: This video is for educational purposes. The events described and shown are historically/artistically significant and the content should be treated as a comprehensive recollection/analysis of events. The actions mentioned are in no way condoned or acceptable to myself or those who featured in the creation of this video. Any events or images depicted are artificial and in no way condone behavior of similar category. Please view responsibly, viewer discretion is advised.Wendigoon LinksMain Channel:  @Wendigoon  Twitter: https://mobile.twitter.com/wendigoon8Subreddit: https://www.reddit.com/r/wendigoon/Business email: wendigoon@manatalentgroup.comPersonal/Inquiries: Wendigoonmail@gmail.com",3215592,False,2amIshjUrOtoYtQqkUgeIh,en,WENDIGANG: The Ghost Wives of King Henry VIII,2025-11-11,,,,,
"Welcome to The History of Rome, a weekly series tracing the rise and fall of the Roman Empire. Today we will hear the mythical origin story of Rome and compare it with modern historical and archaeological evidence. How much truth is wrapped up in the legend? We end this week with the death of Remus and the founding of Rome.",708101,False,3y6aTLDADNuDU8dbVDEmvb,en-US,001- In the Beginning,2007-07-28,,,,,
"Last time we discussed the events that lead to the birth of Rome, covering the arrival of Aeneas in Italy and the story of the twins Romulus and Remus. Today we will cover the remainder of Romulus's life, his questionable morality and ultimate disappearance from the world of men.",710582,False,2hktLhkVzYpLvZO6OTp3Nc,en,002- Youthful Indiscretions,2010-02-25,,,,,
"This week we cover the first three of Romulus's successors to the throne: Numa Pompulius, Tullus Hostilius and Ancus Marcius, who they were and what affect they had on the evolution Roman law and culture.",960600,False,0FvZW7mYmrgdd6XFG3gFR1,en,003a- The Seven Kings of Rome,2010-02-25,,,,,
"The last days of the Roman Kingdom were ruled over by the three members of the so-called Tarquin Dynasty: Tarquinius Priscus, Servius Tullius and Tarquinius Superbus. The last proved to be such a tyrant that he was overthrown and monarchy was forever outlawed by the Romans.",1090586,False,4fhTyBdFLWVm9M7ROppBtm,en,003b- The Seven Kings of Rome,2010-02-25,,,,,
"The monarchy had been overthrown and the Roman Republic was now established. Despite the appearance of a free democratic republic, the Romans were beset with economic and political divisions that threatened the unity of the young State.",889103,False,15FrN8V4VR9oIKYqVqbcDG,en,004- The Public Thing,2010-02-25,,,,,
"The infant Roman Republic faced many challenges as it grew into adolescence, both internally and externally. Most significantly class divisions led to a confrontation between patricians and plebs that resulted in the creation of the office of Tribune.",950099,False,1oVVwlW5VhcpweViOFsnxb,en,005- Trials and Tribunlations,2010-02-25,,,,,
"In 451 BC a committee was ordered to compile and then condense Roman law into a single text called the Twelve Tables of Law. Despite tyrannical machinations by the committee, the Twelve Tables secured an objective rule of law for all Roman citizens regardless of wealth or class.",956081,False,7oz2DYijqbDKtIcx3aUpea,en,006- The Twelve Tables,2010-02-25,,,,,
"Cincinnatus was famously appointed dictator of Rome in 458 BC and then resigned soon after, securing his place in history as a paradigm of republican virtue.",729103,False,2BlRjEKZKSKV0aQKHufP9m,en,007- The Roman Washington,2010-02-25,,,,,
"Get started with AG1 Next Gen for less than $3 a day when you subscribe! https://drinkag1.com/wendigangCo-creators:Research - Justin WilliamsWriting - Davis KopDirector of Content Development - Randall Castillo (Insta: @Randsvc)Editing - Reynold HughesThumbnail - Elvan PutraCaptions - Foulweather StudiosOriginal news broadcast:    • The Exploding Whale: An infamous moment in...  Watch these videos on Spotify here!: https://open.spotify.com/show/2MDDT1o...DISCLAIMER: This video is for educational purposes. The events described and shown are historically/artistically significant and the content should be treated as a comprehensive recollection/analysis of events. The actions mentioned are in no way condoned or acceptable to myself or those who featured in the creation of this video. Any events or images depicted are artificial and in no way condone behavior of similar category. Please view responsibly, viewer discretion is advised.Wendigoon LinksMain Channel: ‪@Wendigoon‬ Twitter:   / wendigoon8  Subreddit:   / wendigoon  Business email: wendigoon@manatalentgroup.comPersonal/Inquiries: Wendigoonmail@gmail.com",1587395,False,3zqtvFVp5axwgGdob0BPzn,en,WENDIGANG: The Whale that Exploded All Over a Small Town in Oregon,2025-07-07,,,,,
"Co-creators:Research - Justin WilliamsWriting - Davis KopDirector of Content Development - Randall Castillo (Insta: @Randsvc)Editing - LucyfromtheinternetThumbnail - Elvan PutraCaptions - Foulweather StudiosCheck out Nexpo's video here:    • What Happened to the Sodder Children?  Watch these videos on Spotify here!: https://open.spotify.com/show/2MDDT1o...DISCLAIMER: This video is for educational purposes. The events described and shown are historically/artistically significant and the content should be treated as a comprehensive recollection/analysis of events. The actions mentioned are in no way condoned or acceptable to myself or those who featured in the creation of this video. Any events or images depicted are artificial and in no way condone behavior of similar category. Please view responsibly, viewer discretion is advised.Wendigoon LinksMain Channel: ‪@Wendigoon‬ Twitter:   / wendigoon8  Subreddit:   / wendigoon  Business email: wendigoon@manatalentgroup.comPersonal/Inquiries: Wendigoonmail@gmail.com",2264682,False,300kkh9iwQDCbKUTvhhFPg,en,"WENDIGANG: The Bizarre ""Disappearance"" of the Sodder Children",2025-06-16,,,,,
"Fear which lies beneath the Witch tree.   FlexiSpot Christmas Sale and New Year Sale is here! FlexiSpot E7 Pro standing desk: https://bit.ly/3MxCKu9 FlexiSpot C7 Max chair: https://bit.ly/4iFl5g6 You can enjoy amazing 65% discounts on FlexiSpot products. Go to https://www.flexispot.com/ and use my code YTE730 for an extra $30 off the E7 or E7 Pro standing desk, or use code C730 for an extra $30 off the C7 Max chair. Don’t miss out on the chance to win free orders during their holiday events! Check out their activity calendar for all the details.  Stop putting off those doctors appointments and go to https://zocdoc.com/creepcast to find and instantly book a top-rated doctor today! Over 2 million butts love TUSHY. Get 10% off Tushy with the code CREEPCAST at https://hellotushy.com/CREEPCAST  #tushypod   Learn more about your ad choices. Visit megaphone.fm/adchoices",6862698,False,0Qrw2f7yPAd5hYb79E6Pbj,en,Dreams Beneath The Witch Tree | CreepCast,2025-12-07,,,,,
"Ladies in White, all five million of them. Well, just three of them: The White Lady of Rochester, NY and the White Ladies of Wakehurst Parkway in Sydney, Australia. Respect these ladies in white because they mean business.   Have ghost stories of your own? E-mail them to us at twogirlsoneghostpodcast@gmail.com  If you enjoy our show, please consider joining our Patreon, rating and reviewing on iTunes & Spotify and following us on social media! Youtube, Instagram, TikTok, Facebook, and Discord.  Edited by the awesome team at Upfire Digital and original music by Arms Akimbo!  Disclaimer: the use of white sage and smudging is a closed practice. If you’re looking to cleanse your space, here are some great alternatives!  Learn more about your ad choices. Visit podcastchoices.com/adchoices",4295993,True,7k9UxDvSnx2weaZsJ3kSDc,en,Episode 21 - Ladies Night,2018-01-15,,,,,
"Ever walk under a ladder, spill salt, or look into a broken mirror? Bad omens come in all shapes and forms so you might just want to build a spaceship and peace out OR you can stick around and listen to us discuss broken clocks, Napoleon Bonaparte and owls.   Have ghost stories of your own? E-mail them to us at twogirlsoneghostpodcast@gmail.com  If you enjoy our show, please consider joining our Patreon, rating and reviewing on iTunes & Spotify and following us on social media! Youtube, Instagram, TikTok, Facebook, and Discord.  Edited by the awesome team at Upfire Digital and original music by Arms Akimbo!  Disclaimer: the use of white sage and smudging is a closed practice. If you’re looking to cleanse your space, here are some great alternatives!  Learn more about your ad choices. Visit podcastchoices.com/adchoices",3876414,True,6vf14wXo5CALHLnuO1XnUB,en,Episode 22 - The Astral Vault,2018-01-22,,,,,
Starforge PC https://starforgepc.com/moist-ytGet Goof Juice and use code MOIST https://gamersupps.gg/moistOur soap https://usecheeky.com/#starter-pack-o...Gaming channel    / @moistcr1tikalgamingofficial   This is the greatest king of meat talk of All Time,579593,False,2jlPDGBnmfcch33CkR3tjg,en, Nobody is Talking About This Huge Flop ,2025-12-11,,,,,
"It's finally here. Thank you for two years of Creep Cast.   Use code CREEPCAST50OFF at https://factormeals.com/CREEPCAST50OFF to get 50% OFF your first box, plus free Breakfast for one year. Take advantage of Ridge’s Biggest Sale of the Year and GET UP TO 47% Off by going to https://www.ridge.com/CREEPCAST #Ridgepod  Level up your game and get 10% off @TurtleBeach with code CREEPCAST at https://turtlebeach.com/CREEPCAST #turtlebeachpod    Learn more about your ad choices. Visit megaphone.fm/adchoices",13079680,False,3yGtjoJEPYuX8T5O8Jk8GE,en,Stairs In The Woods | CreepCast,2025-12-14,,,,,
Learn more about your ad choices. Visit megaphone.fm/adchoices,600163,False,3adNVJZcxWXznSgVkiQGTI,en,WE ARE CHARLIE KIRK (TikTok Song),2025-11-18,,,,,
"She's perfect in every way. But she's got a bone to pick with Jeff.    Disclaimer: No frogs were hurt in the making of this video.     The best way to cook just got better. Go to https://hellofresh.com/CREEPCAST10FM now to get 10 free meals + a free breakfast for LIFE! *One per box with active subscription. Free meals applied as discount on first box, new subscribers only, varies by plan. Stop putting off those doctors appointments and go to https://zocdoc.com/creepcast to find and instantly book a top-rated doctor today!  Head to https://drinkag1.com/CREEPCAST  you’ll get the welcome kit, a Morning Person hat, a bottle of vitamin D3+K2, a AG1 Flavor Sampler and a bottle of Vitamin D3+K2, a AG1 Flavor Sampler and you’ll get to try their new sleep supplement AGZ for free.  Read Jane the Killer here: https://creepypastafiles.fandom.com/w... Join the Creep Cast patreon to get exclusive content, interviews and more!   / creepcast     Learn more about your ad choices. Visit megaphone.fm/adchoices",4734507,False,42RFGx3wWRuE5wZy8F2WZd,en,Jane The Killer | CreepCast,2025-12-21,,,,,
Co-creators:Research - Justin WilliamsWriting - Greg BallardDirector of Content Development - Randall Castillo (Insta: @Randsvc)Producer - ZachGGEditing - Lucyfromtheinternet ‪@LucyFromTheInternet‬ Thumbnail - Elvan Putra ‪@elvandubz‬ Captions - Foulweather StudiosMusic - Lucyfromtheinternet ‪@LucyFromTheInternet‬ ,3157696,False,6anyhj5cpPDL8fznWFmHSb,en,WENDIGANG: The Complicated & Stupid Harvey's Casino Bombing,2025-12-08,,,,,
"AGHHHHHH my producer found out via her credit report that she *JUST* took out a loan with her boyfriend before coming on the show... *WHAT IS WRONG WITH HER?* Watch the post show here: ➡️ https://bit.ly/chpostshow  💸 Download DollarWise today: https://bit.ly/dollarwiseapp  🔥 GamerSupps: tasty, cheap ($0.25/serving)! Save 10% with code CALEB: https://gamersupps.gg/caleb 👉 Checking & Savings: Get up to a $350 bonus with a new Chime® Checking account, and earn up to 3.50% APY on your savings: https://chime.com/calebhammer  ============================= *Sponsors for This Video* ============================= Use Yrefy to refinance your private student loans today at: https://yrefy.com/hammer or call (888) Yrefy-78  ============================= Master Your Money with Caleb Hammer ============================= ⚡️Budget YOUR dream life with my simple courses: ➡️ https://bit.ly/calebhammer ⚡️Check out all of my custom Financial Audit merch: ➡️ https://bit.ly/caleb-merch  ============================= *Check Out My Resources* ============================= 👉 Get a $40,000 cash bonus by investing with Webull! https://www.webull.com/k/Caleb 👉 Checking & Savings: Get up to a $350 bonus with a new Chime® Checking account, and earn up to 3.50% APY on your savings: https://chime.com/calebhammer 👉 Land a high-paying job with no experience or degree: ➡️ https://coursecareers.com/CalebHammer 👉 Get $20 from Acorns for free: ➡️ https://acorns.com/caleb 👉 First 100,000 Fizz sign-ups with code HAMMER10 get $1.0: https://www.joinfizz.com/caleb 👉  Helium Mobile: Use promo code CALEB for a FREE plan ➡️ https://hellohelium.com/ 👉 Protect your online privacy and security for free with Aura: ➡️ https://aura.com/hammer 👉 Get an exclusive HighLevel 30-day trial: https://gohighlevel.com/calebhammer  ============================= *Chapters* ============================= 00:00 Intro 07:27 shes fishing for sympathy 20:24 what is this lady’s problem 31:01 weaponized incompetence 41:01 the juice is here 01:01:11 shes been ult’ing the entire conversation 01:23:47 Budget!!   ============================= Want more content? ============================= 🍿Caleb Hammer LIVE:    / @calebhammerlive 🍿 Financial Audit Follow-Ups here:    / @financialauditfollowups    ============================= *Connect with me!* ============================= TikTok: https://www.tiktok.com/@calebhammercomposer X: https://x.com/sircalebhammer IG: https://www.instagram.com/calebhammercomposer/ Facebook: https://www.facebook.com/calebhammercomposer/  ============================= *Want to be a guest on Financial Audit?* ============================= 👉 We film weekdays in our studio in Austin, Texas (in person only)! To apply, visit: https://calebhammer.com/apply  *Some of the links and other products that appear in this video are from companies for which Caleb Hammer will earn an affiliate commission or referral bonus. This is not investment advice.  Sponsorship and business inquiries: business@calebhammer.com Learn more about your ad choices. Visit megaphone.fm/adchoices",5351146,False,4DdkKhEhKNu3NZ6MWN8Spx,en,This Has Never Happened Before | Financial Audit,2025-12-19,,,,,
Check Out Deleteme:Discount Code: FATFILEShttps://joindeleteme.com/FATFILESMerch Store & ALL Other Links:https://thefatelectrician.com/ Seriously EVERYTHING is on my websiteMerch Store & ALL Other Links: https://veteranwithasign.com/Seriously EVERYTHING is on his website too,6957717,False,7Abi8QwEtBKo5gSEOgZOhn,en-US,Episode One A New Pod ft. ​The Fat Electrician | Underwhelming Podcast Ep 01,2025-02-24,,,,,
Another update on pieces of lost media that were found!,1081088,False,3ZMPwj8SCob96VLpqZY2i7,en,Lost Media Found in 2025 [Vol 3],2025-10-18,,,,,
"In 2021, 23-year-old Sandra Birchmore was found dead in her apartment. And what Massachusetts investigators quickly called a suicide slowly revealed itself to be something much more sinister. Because out of the woodwork came friends, family, and co-workers with stories that Sandra had told them about her life. Stories of grooming, sexual abuse, and years of misconduct at the hands of several Stoughton Police officers… which began when she was barely a teenager. Three officers later resigned from the department. With a 2026 federal trial pending, the whole state has been left to wonder whether Sandra’s death was truly a suicide – as state police continue to maintain – or the end result of something much darker. Head over to our Crime Junkie YouTube channel to WATCH this episode: https://www.youtube.com/watch?v=xJPFejHEi4c Source materials for this episode cannot be listed here due to character limitations. For a full list of sources, please visit:  https://crimejunkiepodcast.com/murdered-sandra-birchmore/Did you know you can listen to this episode ad-free? Join the Fan Club! Visit https://crimejunkiepodcast.com/fanclub/ to view the current membership options and policies.Don’t miss out on all things Crime Junkie!Instagram: @crimejunkiepodcast | @audiochuckTwitter: @CrimeJunkiePod | @audiochuckTikTok: @crimejunkiepodcastFacebook: /CrimeJunkiePodcast | /audiochuckllcCrime Junkie is hosted by Ashley Flowers and Brit Prawat. Instagram: @ashleyflowers | @britprawatTwitter: @Ash_Flowers | @britprawatTikTok: @ashleyflowerscrimejunkieFacebook: /AshleyFlowers.AF Text Ashley at 317-733-7485 to talk all things true crime, get behind the scenes updates, and more! Hosted by Simplecast, an AdsWizz company. See pcm.adswizz.com for information about our collection and use of personal data for advertising.",2893845,False,2IKXrqtjkIzDgImrsr4U7D,en,MURDERED: Sandra Birchmore,2025-12-15,,,,,
"In this episode, May and special guest Kayley DeLong, an expert in disability studies and dark tourism, break down the use of real-life penitentiaries in horror through the films Eloise and The Lost Episode. ",4860275,False,36zdrOPuTpqbiRt3XflB3g,en-US,Episode 32: Exploiting Penitentiaries in Horror w/ Kayley DeLong,2024-03-12,,,,,
"Amberlynn Reid, the weight loss youtuber who is the forefront of youtuber controversy has returned. As recently Amberlynn Reid has become embroiled in controversy after facing multiple accusations from his ex partner tommy/emily, who has claimed multiple serious things about Amberlynn Reid. After an interview took place with YouTuber Mr Snowflake, Amberlynn's career seemed on the line.. and then it got even worse when Amberlynn Reid's aunt came out and exposed Amberlynn for even more things. Today we explore ALL of this.",4955858,False,609ycJODYxgKSBJHZ9YSSh,en,Amberlynn Reid Has Officially Destroyed Her Entire Life.,2025-09-07,,,,,
"What started as a joke became law enforcement's secret weapon. This fake hitman site has caught over a dozen people trying to commit murder. This is how Rent-A-Hitman fooled people into jail.I'm Visual Venture and I make Internet Culture Documentaries. My mission is to spread awareness about the Dark Realities of Internet Culture.▶️ YOUTUBE: ⁠⁠https://www.youtube.com/@VisualVenture/feature⁠⁠The content in this video is for informational purposes only, based on believed reliable sources. They may not be current or fully accurate. Viewers should do their own research and not solely rely on this information. We're not liable for any inaccuracies or omissions.No information presented should be considered a statement of fact. I do not condone, endorse, or encourage any of the behaviors or activities shown. I urge everyone to always act responsibly and within the bounds of the law.All materials in this video fall within the Fair Use provision of Section 107 of the Copyright Act 1976 for purposes like criticism, comment, and education. No infringement intended.",1304064,False,2Oiku8MUni15fG1Y3pqzjx,en,How Rent-A-Hitman.com Fooled People into Jail,2025-12-18,,,,,
"A giant cloud appears and it begins to emit a low sound. It is not weather. It is not man-made. We do not know what this is.   Try Rocket Money for FREE or unlock more features with premium at: https://RocketMoney.com/Creepcast  Start speaking a new language in 3 weeks with Babbel 🎉. Get up to 55% OFF your subscription ➡️ Here: https://Babbel.com/creepcast  Download Cash App Today: https://capl.onelink.me/vFut/vhf2xn6i #CashAppPod.  Cash App is a financial services platform, not a bank. Banking services provided by Cash App’s bank partner(s). Prepaid debit cards issued by Sutton Bank, Member FDIC. See terms and conditions at https://cash.app/legal/us/en-us/card-.... Discounts and promotions provided by Cash App, a Block, Inc. brand. Visit http://cash.app/legal/podcast for full disclosures. Read the story here:   / theres_drumming_in_the_clouds   Check out more stories from the author:   / submitted   Post your fan stories here!   / talesfromthecreeps   Join the Creep Cast patreon to get exclusive content, interviews and more!   / creepcast     Learn more about your ad choices. Visit megaphone.fm/adchoices",5737472,False,2OQqVXKQrZNywLJ7BUA9pX,en,Drumming In The Clouds | CreepCast,2025-12-28,,,,,
    Learn more about your ad choices. Visit megaphone.fm/adchoices,41681536,False,0yT7rWCAf7SJWiOvGDRkMt,en,Best of Creep Cast 2025 | CreepCast,2026-01-05,,,,,
"James Clear is an expert on behavioral change and habits and the author of the bestselling book Atomic Habits. We discuss the best ways to build new healthy habits and end bad ones without relying on motivation or willpower. Rather than list off categories of tools or acronyms, James explains how anchoring the changes you want to make in your identity and physical environment allows you to make desired changes quickly and ones that stick. Whether your goal is better fitness and physical health, productivity or mental health, you'll learn actionable, zero-cost protocols to build powerful and meaningful habits. Sponsors AG1: https://drinkag1.com/huberman Lingo: https://hellolingo.com/huberman Wealthfront*: https://wealthfront.com/huberman Joovv: https://joovv.com/huberman Eight Sleep: https://eightsleep.com/huberman Function: https://functionhealth.com/huberman Timestamps (00:00:00) James Clear (00:01:10) Atomic Habits (00:02:57) Common Habits, Tool: Habit Success & Getting Started (00:06:16) Make Starting a Habit Easier, Tool: 4 Laws of Behavior Change (00:10:18) Sponsors: Lingo & Wealthfront (00:13:26) Writing Habits, Seasons & Flexibility; Adaptability, Tool: Bad Day Plan (00:18:42) Consistency, Flow vs Grind, Master Showing Up, Learning & Practice (00:24:54) Chunking, Getting Started at Gym (00:28:01) Flow Don’t Fight, Dissatisfaction & Effort, Tool: Identity-Based Habits (00:34:10) Friction, Competition & Effort; Credentials (00:39:38) Make Effort Rewarding, Mindset, Tools: Previsualization, Emphasize Positives (00:45:59) Sponsors: AG1 & Joovv (00:48:56) Reflection & Learning, Tool: Self-Testing; Perfectionism, Tool: Curiosity (00:55:18) Striving vs Relaxation, Balance, Tool: Turn On/Off; Hiking, Nature Reset (01:04:20) Identity & Professional Pursuits; Choosing New Projects; Clinging to Identity (01:14:24) Sponsor: Eight Sleep (01:15:42) Criticism; Identity & Growth (01:21:47) Failure, Identity, Sports, Tool: Rebounding & Reaching; Public Failures (01:30:03) Daily Habits, Tools: Day in Quarters; Never Miss Twice; Meal Timing (01:38:22) Daily Habit Timing & Sequencing, Tool: Mindfully Choose Inputs (01:45:37) Creativity, Specialization vs Generalization; Books (01:51:31) Sponsor: Function (01:53:18) Habits & Context, Environmental Cues, Tools for Minimizing Phone Use (02:02:01) Bad Habits, Checking Phone, Tools for Breaking Bad Habits (02:08:21) Physical & Social Environment, New Habits, Tool: Join/Create Groups (02:18:40) Family, Habits; Kids & Parenting, Tools: Stimulus; Good Conditions (02:26:05) Impact of Habits, Habits as Solutions; Upcoming Projects (02:32:45) Zero-Cost Support, YouTube, Spotify & Apple Follow, Reviews & Feedback, Sponsors, Protocols Book, Social Media, Neural Network Newsletter *This experience may not be representative of other Wealthfront clients, and there is no guarantee of future performance or success. Experiences will vary. The Cash Account, which is not a deposit account, is offered by Wealthfront Brokerage LLC, member FINRA/SIPC.  Wealthfront Brokerage is not a bank. The base APY is 3.25% on cash deposits as of December 19, 2025, is representative, subject to change, and requires no minimum. If eligible for the overall boosted rate of 3.90% offered in connection with this promo, your boosted rate is also subject to change if the base rate decreases during the 3 month promo period. Funds in the Cash Account are swept to program banks, where it earns the variable APY. New Cash Account deposits are subject to a 2-4 day holding period before becoming available for transfer. Investment advisory services are provided by Wealthfront Advisers LLC, an SEC-registered investment adviser. Securities investments: not bank deposits, bank-guaranteed or FDIC-insured, and may lose value. Learn more about your ad choices. Visit megaphone.fm/adchoices",9318720,False,4sBUExSfzhAnzeN6rkdpfY,en,Best Ways to Build Better Habits & Break Bad Ones | James Clear,2026-01-05,,,,,
"In the fourth installment of Encounters, our brave listeners share their terrifying brushes with the paranormal. Stories include a forest that steals time, a grandma who dabbles with ouija, three black eyed kids, and a demon called incubus.  Have ghost stories of your own? E-mail them to us at twogirlsoneghostpodcast@gmail.com  If you enjoy our show, please consider joining our Patreon, rating and reviewing on iTunes & Spotify and following us on social media! Youtube, Instagram, TikTok, Facebook, and Discord.  Edited by the awesome team at Upfire Digital and original music by Arms Akimbo!  Disclaimer: the use of white sage and smudging is a closed practice. If you’re looking to cleanse your space, here are some great alternatives!  Learn more about your ad choices. Visit podcastchoices.com/adchoices",3513312,True,7MO3x7vWOOROVkzFvke1PE,en,Encounters x4,2018-01-24,,,,,
"A harmless night of camping quickly becomes filled with terror. But first, some juice.   Use code CREEPCAST50OFF to get 50% OFF your first box, plus free Breakfast for one year. https://factormeals.com/CREEPCAST50OFF  Whether you need a wedding ring, anniversary ring, or just a ring that looks awesome, head over to https://Thorum.com and use code CREEPCAST Find your forever cookware @hexclad and get 10% off at https://hexclad.com/CREEPCAST  #hexcladpartner   Read Turn It Off here: https://creepypasta.fandom.com/wiki/T...   Learn more about your ad choices. Visit megaphone.fm/adchoices",5723221,False,4MyLbBTvX2VNN7poQ5Avcw,en,Turn It Off | CreepCast,2026-01-18,,,,,
"Hunter and Isaiah dive back into Marble Hornets for another installment of Creep TV.   Stop putting off those doctors appointments and go to https://zocdoc.com/creepcast to find and instantly book a top-rated doctor today! Upgrade your wardrobe and save on @trueclassic at https://trueclassic.com/CREEPCAST ! #trueclassicpod  Control Body Odor ANYWHERE with @shop.mando and get 20% off + free shipping with promo code CREEPCAST at https://shopmando.com! #mandopod #sponsored  Watch Marble Hornets here:    / @marblehornets   Post your fan stories here!   / talesfromthecreeps   Join the Creep Cast patreon to get exclusive content, interviews and more!   / creepcast     Learn more about your ad choices. Visit megaphone.fm/adchoices",22151978,False,1Dlf84SFZxAPBlb8ZkRlA9,en,Marble Hornets Pt. 3 | CreepCast,2026-01-11,,,,,
"AG1 has their best offer ever - subscribe through my link https://drinkag1.com/wendigang and you’ll unlock 7 free gifts worth $126!Co-creators:Research - Justin WilliamsWriting - Davis KopDirector of Content Development - Randall Castillo (Insta: @Randsvc)Producer - ZachGGEditing - Reynold HughesThumbnail - Elvan Putra  @elvandubz  Captions - Foulweather StudiosMusic - Lucyfromtheinternet  @LucyFromTheInternet  Key Sources: https://www.theguardian.com/world/2023/nov/24/who-is-oscar-pistorius-and-why-is-he-being-released-from-jail#:~:text=Oscar%20Pistorius%20is%20a%20former,home%20in%20Pretoria%2C%20South%20Africa.https://www.ebsco.com/research-starters/sports-and-leisure/oscar-pistoriushttps://ghostarchive.org/archive/66thWhttps://www.distractify.com/p/oscar-pistorius-parentshttps://web.archive.org/web/20210118061627/https://www.telegraph.co.uk/sport/mysport/2312850/My-Sport-Oscar-Pistorius.htmlhttps://www.paralympic.org/athens-2004/results/athletics/mens-200-m-t44https://www.paralympic.org/athens-2004/results/athletics/mens-100-m-t44https://www.paralympic.org/athletics/classificationhttps://web.archive.org/web/20110411023150/http://www.sportingwheelies.org.au/doc.php?ID=38https://www.topendsports.com/sport/athletics/profiles/pistorius-oscar.htmhttps://www.paralympic.org/ipc/historyhttps://web.archive.org/web/20120913124717/http://www.slate.com/articles/sports/left_field/2004/11/racing_tall.htmlhttps://slate.com/culture/2012/09/oscar-pistorius-alan-oliveira-the-south-african-paralympian-accuses-his-rival-of-getting-an-illegal-leg-up.htmlhttps://www.paralympic.org/news/berlin-2018-classification-explainedhttps://www.theguardian.com/sport/2012/sep/03/oscar-pistorius-rules-blades-paralympicshttps://web.archive.org/web/20090123190812/http://www.ossur.com/?PageID=3364http://news.bbc.co.uk/sport2/hi/other_sports/disability_sport/6294110.stmhttps://worldathletics.org/news/news/oscar-pistorius-independent-scientific-stud-1https://sciencepolicy.colorado.edu/students/envs_5110/jones2009.pdfhttps://news.bbc.co.uk/sport2/hi/olympics/athletics/7484035.stmhttp://news.bbc.co.uk/sport2/hi/olympics/athletics/7413353.stmhttp://news.bbc.co.uk/sport2/hi/olympics/athletics/7508399.stmhttps://archive.nytimes.com/beijing2008.blogs.nytimes.com/2008/07/16/pistorius-threatens-action-after-official-recommends-his-exclusion/https://www.paralympic.org/beijing-2008/results/athletics/mens-100-m-t44https://youtu.be/fhCxlJYNfWA?si=sWXQodMKHsqkSIwzhttps://www.paralympic.org/beijing-2008/results/athletics/mens-200-m-t44https://www.theguardian.com/sport/2011/jul/19/oscar-pistorius-amputee-world-championshipshttps://www.bbc.com/sport/olympics/18708365https://www.nytimes.com/interactive/projects/london2012/athletes/oscar-pistoriushttps://www.history.com/this-day-in-history/august-4/oscar-pistorius-becomes-the-first-amputee-runner-to-compete-at-the-olympicshttps://www.paralympic.org/feature/no-7-pistorius-summer-gloryhttps://www.britannica.com/biography/Oscar-PistoriusWatch these videos on Spotify here!: https://open.spotify.com/show/2MDDT1opwKR0NF6upmhKKN?si=a46629ee693b4e54DISCLAIMER: This video is for educational purposes. The events described and shown are historically/artistically significant and the content should be treated as a comprehensive recollection/analysis of events. The actions mentioned are in no way condoned or acceptable to myself or those who featured in the creation of this video. Any events or images depicted are artificial and in no way condone behavior of similar category. Please view responsibly, viewer discretion is advised.Wendigoon LinksMain Channel:  @Wendigoon  Twitter: https://mobile.twitter.com/wendigoon8Subreddit: https://www.reddit.com/r/wendigoon/Business email: wendigoon@manatalentgroup.comPersonal/Inquiries: Wendigoonmail@gmail.com",3464704,False,1kRlpEbxuLAjyhyP8InXvD,en,WENDIGANG: The Amputee Olympian Who Murdered His Girlfriend - Oscar Pistorius,2025-12-16,,,,,
Get a physical copy of Heart of Darkness: https://a.co/d/3KU2YXZRead it digitally here: https://archive.org/details/joseph-co...Buy or rent the Apocalypse Now NOW: https://www.lionsgate.com/movies/apoc...Editor: Katelin ChadwellThumbnail: Elvan Putra ‪@elvandubz‬   Check out the other channels here:Scary story podcast: ‪ ‪@CreepPodcast‬ Collaborative videos: ‪@Wendigames‬ ,9492054,False,7lBEG14gODiYPSZ7kusOGa,en,The Story so Brutal it Changed History - The Disturbing Truth of Heart of Darkness Explained,2025-12-20,,,,,
"We sat down with Sabrina Carpenter for this brilliant episode of Snack Wars UK vs USA. Sabrina revealed she had NEVER eaten a McDonald's, had a hilarious reaction to Whisky and just couldn't handle the sour taste of toxic waste! Filmed 2022.",369898,False,3NY2vcen5a10g0vYJAYQGC,en-GB,Sabrina Carpenter Rates British And American Snacks | Snack Wars,2025-02-06,,,,,
"Jarvis and Jordan discuss the intricacies of the holidays & family romanticism, a pet psychic, and a true-crime-themed cruise?!Sad Boyz Nightz #95Weekly bonus episodes for only $5/mo at: https://patreon.com/sadboyzJoin our Discord ▸ https://discord.gg/Hw82Dhun4mP.O. Box ▸ 3108 Glendale Blvd Suite 540, Los Angeles CA 90039Play Sad Boyz BINGO ▸ https://sadboyzpod.com/bingoWrite To Us ▸ sadboyzpod@gmail.comUse the subject line ""Pen Palz"" and we could read it on the next episode!Our Links ▸ https://linktr.ee/sadboyzpod00:00:00 Welcome to 2025!00:02:04 Holiday vacation activities00:07:34 Icy Hot00:12:52 Sponsored by: Rocket Money00:14:22 Feelings about the holidays & family00:53:00 Pet Psychic01:05:29 Murder Mystery Cruise01:36:52 Sad Boyz Nightz #75 Learn more about your ad choices. Visit megaphone.fm/adchoices",5997738,True,6HRjPtqfkczxJ86RXco0Ww,en,True Crime Cruise Is A Horrible Idea,2025-01-03,,,,,
"Sheil, Steven, and Diante get together to discuss all of the high-profile moves that happened during the NFL’s official tampering period ahead of the start of free agency this week. They begin their conversation by talking about some of the teams and players who have already done the most to improve their status. After the break, they shine a light on some of the more disappointing moves that happened over the weekend, and talk about ways those entities can eventually right their ship (24:37). Finally, the crew scans the rest of trades and signings around the league and debates whether they were ultimately good deals or bad deals (56:28).The Ringer is committed to responsible gaming. Please visit www.rg-help.com to learn more about the resources and helplines available.Hosts: Sheil Kapadia, Steven Ruiz, and Diante LeeProducer: Chris SuttonSocial: Kiera GivensProduction Supervision: Conor Nevins and Arjuna Ramgopal Learn more about your ad choices. Visit podcastchoices.com/adchoices",5705237,False,6FaaJdgPqI8kmygHwIgoHr,en,NFL Free Agency Winners and Losers (So Far),2025-03-11,,,,,
,135082,True,1F36sHvPD6fu0Z16LtyW1d,en-US,Michelle Obama,2024-05-24,,,,,
" A woman walks into the Pavena Foundation. “You have to help me!! Please!”She frantically tells the nonprofit that she has just escaped from the country of Georgia. She had been held hostage by an organized crime group that forced her to do unspeakable things. Not only that - there are 100 more girls trapped there. “What did they make you do?”They wanted her eggs. Her human eggs. She says the 100 girls were forced to take hormone injections, forcibly go through the IVF process, so the traffickers could take and harvest their eggs. This is the case - of the human egg farm. The conspiracies and questions of - who are they selling the eggs to? Where are they getting the victims? Is there a larger industry that we don’t know about? Is this the only organization doing this? And… is this is the start of the real life “Handmaid’s Tale?”Full show notes at rottenmangopodcast.com ",3579134,False,0pqUUrWYeRESG79JjaCeGj,en,100 Women Kept as Slaves in “Human Egg Farm” For Egg Harvesting,2025-03-05,,,,,
"Hi everyone, thank you for joining me. This morning's practice is a very gentle one meant to help you start your day with ease and comfort. All you need is 15 minutes to feel great and awake! This is a full body stretch great for all experience levels with no props required. We'll primarily focus on flexibility through a variety of seated and standing yoga poses.Morning yoga classes are a great way to set the tone for the day. I encourage you to choose a one word intention that you can remind yourself of as the day goes on. Kassandra Reinhardt is an Ottawa-based Yoga Teacher and one of the world's leading online yoga instructors. Her ""Yoga with Kassandra"" YouTube channel has grown to more than 2.8 million subscribers with more than 365 million views worldwide. She's been teaching since 2013 and is the author of ""Yin Yoga: Stretch The Mindful Way"", published by DK Books and ""Year of Yoga"" published by Mandala Publishing. Start practicing with her today for free: https://www.youtube.com/yogawithkassandraStay connected:Website: https://www.yogawithkassandra.com/Instagram: https://www.instagram.com/yoga_with_kassandra/YouTube: https://www.youtube.com/yogawithkassandraFacebook: https://www.facebook.com/KRYoga/",979510,False,0NrPctYNyGh8I7qDB08YLu,en,15 min Gentle Morning Yoga to Feel GREAT & AWAKE,2025-05-09,,,,,
"We have our first 3-timer guest on the show this week, team… Caleb Hearon is BACK! Drew and Caleb join forces in New York to talk dessert crawls, beefing with flight attendants, unacceptable theater chairs, having a dumb phone, Caleb’s frat era, leafy greens, Caleb’s Cagematch improv history gets unearthed, and so much more.  Caleb Instagram: https://www.instagram.com/calebsaysthings/ Caleb Tiktok: https://www.tiktok.com/@calebsaysthings Follow The Comment Section on IG! https://www.instagram.com/thecommentsection/  Learn more about your ad choices. Visit podcastchoices.com/adchoices",4757930,False,692ceh8GIWaHMDQN1TINNm,en,DOING BLASPHEMY Ft. Caleb Hearon | Episode 171,2025-05-28,,,,,
Whatever happens... Don't Look into her eyes  Learn more about your ad choices. Visit megaphone.fm/adchoices,2864682,True,0ghjFdFQA4AX3Yff2ECWrY,en, They Put A Jacksepticeye Easter Egg In This Game,2025-06-03,,,,,
"In today's episode, we discover how a doomsday cult led by a self-proclaimed messiah carried out Japan’s worst terrorist attack. From twisted beliefs to deadly gas on the Tokyo subway, this is the shocking story of Aum Shinrikyo — and how close they came to even greater devastation. Learn more about your ad choices. Visit podcastchoices.com/adchoices",5406442,True,0kiYv8x8oGiPmyPdNJewZf,en,Ep. 63 | The Deadliest Cult In Japan | Aum Shinrikyo,2025-07-30,,,,,
"In this episode we get a view into new host, Josie’s music taste. Roxie Pearl asked Chat GPT to create the ultimate summer playlist, some songs were unexpected… to say the least. Listen to today’s episode to find out more!",1063427,False,2i0jMGZKo9USpvtbj24iST,en,TKSR Ep. 8,2023-05-31,,,,,
"In this episode of Petty POV with Charlotte Dobre, Charlotte dives into one of Reddit’s most jaw-dropping AITA wedding stories. After raising her stepson for 20 years, a devoted stepmom discovers she’s not even invited to his big day—despite helping with the planning! Was the bride being cruel, or is there more to the story? Expect family drama, shocking betrayal, and the most passive-aggressive uninvite ever. Join Petty POV with Charlotte Dobre for laughs, tears, and a breakdown of the pettiest wedding disaster yet!",1208807,False,5Hmb2zYYIDJMK8hTAEh5dz,en,Uninvited Stepmom Drama: Wedding Meltdown on Reddit!,2025-09-05,,,,,
"The stars of Amazon Prime Video’s “The Summer I Turned Pretty” – Lola Tung, Chris Briney, Gavin Casalegno, Rain Spencer and Sean Kaufman – give fans a glimpse into their off-screen friendships, while revealing hidden talents, surprising Instagram obsessions and more.Nothing’s off the table with this iconic group on Close Friends Only, with Instagram.",840746,False,17BrD9yQjOIQzMHpAPFTVH,en,'The Summer I Turned Pretty' Cast,2025-09-10,,,,,
"On this Funky Friday, Cam sits down with Chance the Rapper for a wide-ranging convo on hustle, independence, and staying true to your roots. From selling CDs with NFC tech to building an empire outside the mainstream, Chance shares the ups and downs of going independent. They dive into Chicago’s influence, the evolution of the rap scene, fatherhood, and the creative process behind his new album. Whether you're an artist, a fan, or just on your grind — this one's packed with gems.00:00- Chance Speaks...00:50- Guest Introduction: Chance the Rapper01:22- Chance's New Album and Creative Process02:42- The Journey of Independence03:51- Personal Connections and Selling CDs07:07- Misconceptions and Realities of Fame09:41- Chicago's Influence on Chance's Music13:04- Creating Music and Album Titles16:50- Ghana Trip and New Inspirations24:03- The Business of Being Independent33:00- Building Personal Connections with Fans33:44- Challenges of Being an Introverted Artist34:55- The Economics of Independent Music35:44- Grassroots Promotion and Success38:51- Navigating Criticism and Seeking Validation43:02- Family Influence and Political Activism48:04- Growing Up in Church and Its Influence52:13- Chicago's Cultural and Musical Impact55:46- Reflections on Kanye and Artistic Influence58:52- The Role of Celebrities in Public Discourse01:09:23- Spotlighting Emerging Artists01:12:27- The Emotional Power of Music01:13:12- The Inspiration Behind the Album01:14:42- Creating Music for Different Moods01:15:30- Shoutouts and Team Acknowledgements01:15:50- Reflecting on Past Projects01:17:31-The Impact of Criticism01:18:50- Exploring New Creative Outlets01:21:03- Fatherhood and Family Values01:24:54- Co-Parenting and Public Perception01:29:36- Balancing Responsibilities and Public Image01:39:33- Advice for Aspiring Artists01:44:23- One Finger, One Pinky, One Thumb = One Love 📲Follow Cam Newton on Social Media!📹Tiktok: https://www.tiktok.com/@cameron1newton📸Instagram: https://www.instagram.com/cameron1newton🐦Twitter: https://twitter.com/CameronNewton/👤Facebook: https://www.facebook.com/CamJNewton2/🎩Shop all my hand made hats:https://bit.ly/MeshikaShop🎞️ Host / Executive Producer:Cam NewtonProducer:Jauné Jackson📸https://www.instagram.com/jaunejackson/Director:Omari Collins📸https://www.instagram.com/ogcollinsTalent Producer/ Co- Producer Alaitra Mcgrone📸https://www.instagram.com/alaitra.mcgroneCamera:Jean-Pierre Chapoteau📸https://www.instagram.com/jchapoteauVashon Revils📸https://www.instagram.com/v2r_filmsEditors:Richard Steward II📸https://www.instagram.com/theycallme.dotJean-Pierre Chapoteau📸https://www.instagram.com/jchapoteauLocation Sound / Sound Mix and Master:Troy Hermes📸https://www.instagram.com/troyhermesDigital:Brendan Cole📸https://www.instagram.com/brendan_coleProduction:: 🎬: Iconic Saga📸https://bit.ly/IconicSagaInstagram",6363200,True,6Di6L5SOBF5RWGPFMqdPuh,en,"From CDs, Tech & A New Album: Cam and Chance The Rapper On The Hustle",2025-09-05,,,,,
"HAPPY HALLOWEEN!! Brittany and Drew reunite for the final episode of spooky season. They discuss whether ghouls are real, talk about the paranormal presence in Drew’s hallway, Brittany working at Claire’s as a teen, complex drive-thru orders, awkward celebrity encounters, and so much more. Brittany IG: https://www.instagram.com/brittany_broski/?hl=enBrittany Tiktok: https://www.tiktok.com/@brittany_broski?lang=enFollow The Comment Section on IG! https://www.instagram.com/thecommentsection/  eBay is the place for pre-loved and vintage fashion.Get beauty from people who get beauty, Only at Sephora Learn more about your ad choices. Visit podcastchoices.com/adchoices",5252586,False,1s71o4MBnjuouOxGaruJYe,en,HEDGE OF PROTECTION Ft. Brittany Broski | Episode 193,2025-10-29,,,,,
"Welcome to The Grill! The new weekly series by High Steaks, breaking down timely celebrity beef every Friday.Timestamps:00:00 Intro5:56 Lily Allen vs. David Harbour15:56 Mel Robbins vs. the internet27:55 Kevin Federline vs. being a good personSubscribe to Spotify: https://open.spotify.com/show/2Xvmq63MHzsP5ykSIhzgHq Subscribe to Apple Podcasts: https://podcasts.apple.com/au/podcast/high-steaks/id1801856794Follow us on Instagram: https://www.instagram.com/highsteakspod/Follow us on TikTok: https://www.tiktok.com/@highsteakspod ",2323644,False,70vmNfrL194ITFOo9CUuc1,en,"THE GRILL: Lily Allen vs. David Harbour, Mel Robbins vs. the internet + Kevin Federline vs. being a good person",2025-10-30,,,,,
"Oprah is joined by a live audience in New York City for a candid conversation about the soaring rates of divorce for people over the age of 50, what experts are calling ""gray divorce.” Even though the overall divorce rate is on the decline, the divorce rate for people over 50 has doubled and more than tripled for those over 65. Oprah is joined by Susan Guthrie, a family law attorney and host of the popular podcast, Divorce and Beyond®. Joining the conversation are Lori Gottlieb, psychotherapist, and author of the New York Times bestselling book, Maybe You Should Talk to Someone and Dr. Susan L. Brown, co-author of the studies identifying this national phenomenon, and a Distinguished Professor at Bowling Green State University. We also hear from several women who are in the early stages of gray divorce, have gone through gray divorce and adult children of parents who divorced after age 50.  00:00:00 - Rising divorce rates after 50 (“gray divorce”) 00:02:00 - Expert insights with Dr. Susan Brown  00:03:18 - Why gray divorce is on the rise  00:04:09 - Guest: Family law attorney Susan Guthrie 00:06:20 - Guest: Lori Gottlieb, author of Maybe You Should Talk to Someone 00:11:00 - Why divorce feels shameful  00:14:30 - Men’s surprise at women’s “invisible work”  00:16:22 - Is divorce always terrible? 00:19:02 - Divorce as grief and loss  00:26:45 - First steps after divorce  00:30:58 - Impact on older children  00:36:58 - Why few expect to remarry  00:41:50 - When parent-child roles reverse  00:47:32 - Knowing when to move on  Additional Resources:  Susan Guthrie, The Divorce & Beyond Podcast https://divorceandbeyondpod.com/  Dr. Susan L. Brown, National Center for Family and Marriage Research at BGSU BGSU.edu/ncfmr  ""Maybe You Should to Someone: A Therapist, Her Therapist, and Our Lives Revealed” by Lori Gottlieb, is published by Harper Collins and available wherever books are sold. https://www.harpercollins.com/products/maybe-you-should-talk-to-someone-lori-gottlieb?variant=40828383363106  Addison Aloian’s Women's Health piece, 'My Parents Got Divorced When I Was An Adult. Why Do I Feel So Weird Now That They've Moved On? https://www.womenshealthmag.com/relationships/a63799212/adult-child-of-divorce/   Follow Oprah Winfrey on Social: https://www.instagram.com/oprahpodcast/ https://www.facebook.com/oprahwinfrey/  Listen to the full podcast:  https://open.spotify.com/show/0tEVrfNp92a7lbjDe6GMLI https://podcasts.apple.com/us/podcast/the-oprah-podcast/id1782960381 Learn more about your ad choices. Visit megaphone.fm/adchoices",3103018,False,0XPUz8KUYr0Jp3PHf5L4nc,en,"Gray Divorce (after 50) & Adult Children: The Fallout for the Family, with Oprah and Leading Experts",2025-10-28,,,,,
"Stop putting off those doctors appointments and go to  http://Zocdoc.com/CCCM to find and instantly book a top-rated doctor today.  Get better sleep, hair and skin with Blissy and use CCCM to get an additional 30% off at http://blissy.com/CCCM Head to https://www.tryfum.com/CCCM and use promo code CCCM to kick your bad habit today! When faith turns fanatic, how far will believers go? Inside the world of David Koresh and the Branch Davidians - the cult that ended in one of the most explosive standoffs in U.S. history. Learn more about your ad choices. Visit podcastchoices.com/adchoices",4358186,True,3MNRmtmF0xejV1Ndd84XJk,en,Ep. 80 | The SICKENING Waco Cult Leader | David Koresh,2025-11-12,,,,,
"Jennifer Lawrence does a really good Robert De Niro impression. Amy hangs with the actress and talks about how millennials will save the world, what her job would be on ‘Below Deck,’ and whether she could beat Emma Stone in a race. Host: Amy Poehler Guests: Justine Ciarrocchi and Jennifer Lawrence Executive producers: Bill Simmons, Amy Poehler, and Jenna Weiss-Berman For Paper Kite Productions: Executive producer Jenna Weiss-Berman, coordinator Sam Green, and supervising producer Joel Lovell For The Ringer: Supervising producers Juliet Litman, Sean Fennessey, and Mallory Rubin; video producers Jack Wilson and Aleya Zenieris; audio producer Kaya McMullen; video editor Drew van Steenbergen; and booker Kat Spillane Original Music: Amy Miles  Shop the New Nespresso Vertuo Up Machine exclusively at Nespresso.com. Check Allstate first for a quote that could save you hundreds: https://Allstate.com Learn more about your ad choices. Visit podcastchoices.com/adchoices",3239808,False,40MlUdW21XFYRGIqN25HR2,en,Jennifer Lawrence ,2026-01-20,,,,,
"A box fan's white noise is a soothing and constant background sound that resembles a gentle breeze. This comforting calming backdrop is created by the fan's rotating blades as they circulate air, providing a consistent and calming ambience that can help mask disruptive noises and promote a peaceful atmosphere in your living space. Whether used for cooling or simply for its white noise benefits, a white noise box fan is a versatile addition to any room, offering both comfort and tranquillity.---Follow our channel for more white noise audio!---Welcome to White Noise Relax Zone, this podcast is your ultimate destination for tranquillity and Relaxation. Dive into the soothing world of white noise and nature sounds designed to help you sleep, meditate, study, focus, or simply unwind. Immerse yourself in the gentle rain, the rhythmic ocean waves, the comforting sound of a fan, or the tranquil sound of waterfalls. Join our growing community of listeners and discover the perfect auditory escape to elevate your daily life. Let the White Noise Relax Zone podcast provide you with tranquillity and peace.-",35999972,False,6Oyla124qLrYJBm1Gjo5K7,en-GB,Box Fan White Noise 10 Hours,2024-08-01,"Welcome to White Noise Relax Zone, your go-to source for relaxation and restful sleep. The podcast features sounds that will help you with better sleep, Meditation, study or soothing a baby. Explore a diverse collection of white noise sounds, featuring everything from steady Rain, Water, Ocean waves, Rain and Thunder, White noise for babies, Waterfall, and Fan Sounds. Our podcast has had a positive impact on the lives of millions of listeners, aiding them in gaining better sleep, Relaxation, Meditation, Study, and mindfulness.",56fQS5ILwKArhZwtnopkd9,White Noise Relax Zone,White Noise Relax Zone,26.0
"Rocket Pool is live on mainnet! Slowly rolling out its staking pools, Rocket Pool is opening up its decentralized ETH staking product to the world. Core team members Darren Langley and Dave Rugendyke join to talk about the past, present, and future of the protocol. Rocket Pool allows ETH holders to stake without needing to run a full node, which requires hardware, maintenance, and 32 ETH. Abstracting away those requirements helps to decentralize Ethereum's Proof-of-Stake, which is expected to arrive with the merge in the first half of 2022. ------ 📣 OPOLIS | YOUR CRYPTO CAREER https://bankless.cc/Opolis  ------ 🚀 SUBSCRIBE TO NEWSLETTER: https://newsletter.banklesshq.com/   🎙️ SUBSCRIBE TO PODCAST: http://podcast.banklesshq.com/  ------ BANKLESS SPONSOR TOOLS: ⚖️ ARBITRUM | SCALING ETHEREUM https://bankless.cc/Arbitrum  🍵 MATCHA | DECENTRALIZED EXCHANGE AGGREGATOR https://bankless.cc/Matcha  🔐 LEDGER | SECURE YOUR ASSETS https://bankless.cc/Ledger  🧙‍♀️ ALCHEMIX | SELF-PAYING LOANS http://bankless.cc/Alchemix  ------ TOPICS COVERED: 0:00 Intro 7:00 Launching Rocket Pool 15:50 How We Got Here 23:38 Why Decentralized Staking? 28:37 What the Numbers Say 34:38 A Public Good 39:40 The Community 47:11 Centralization Risks? 49:25 rETH 56:04 Democratizing ETH Staking 1:02:39 DeFi Integrations 1:06:30 MEV 1:14:25 Operating a Node & ODAO 1:22:02 RPL Token & Incentives 1:32:02 What's Next? 1:38:20 Closing & Disclaimers ------ RESOURCES: Darren on Twitter: https://twitter.com/langerstwit?s=20  Rocket Pool: https://rocketpool.net/  Node Map: https://stake.rocketpool.net/network  RPL Investment Thesis:  https://www.reddit.com/r/ethfinance/comments/m3pug8/the_rocket_pool_investment_thesis/  ----- Not financial or tax advice. This channel is strictly educational and is not investment advice or a solicitation to buy or sell any assets or to make any financial decisions. This video is not tax advice. Talk to your accountant. Do your own research. Disclosure. From time-to-time I may add links in this newsletter to products I use. I may receive commission if you make a purchase through one of these links. Additionally, the Bankless writers hold crypto assets. See our investment disclosures here: https://newsletter.banklesshq.com/p/bankless-disclosures ",6065893,False,3MA9HGBBh0O6pAgjfejzuq,en,Decentralized Ethereum 2.0 Staking with Rocket Pool | Darren Langley & Dave Rugendyke,2021-12-01,"The Ultimate Guide to Crypto Finance. DeFi, NFTs, and cryptocurrencies. Level up. Go bankless.",41TNnXSv5ExcQSzEGLlGhy,Bankless,Bankless,1222.0
"This episode I explain the science of heating and cooling the body, a process called thermoregulation-- and how to apply that knowledge to significantly improve physical performance. I describe the three areas of our body that can remove heat (or bring heat into the body) faster than anywhere else, why that is so, and how proper cooling of these areas with specific protocols can allow people to perform 200-600% more volume and repetitions of resistance exercises at the same weight loads, or to run, cycle or swim significantly further. I also describe how to use directed cooling of so-called glabrous skin: the bottoms of feet, palms and face, to significantly enhance recovery times from exercise. Also, why the common practices of trying to heat up or cool the body via the torso or whole-body submersion in cold can be inefficient and/or dangerous-- and the better alternatives. Finally, I discuss the temperature-effects of caffeine, alcohol and anti-inflammatory compounds. The information in this episode is focused on mechanisms and tools for increasing athletic or exercise performance.For the full show notes, visit hubermanlab.com.Thank you to our sponsorsAG1 (Athletic Greens): https://athleticgreens.com/hubermanLMNT: https://drinklmnt.com/hubermanlabSupplements from Momentoushttps://www.livemomentous.com/hubermanTimestamps(00:00:00) Introduction(00:00:31) Sponsors: AG1, LMNT(00:05:08) Physical Performance & Skill Learning(00:06:40) Optimal Learning Protocol (Recap): 4 Steps(00:08:31) Variables Impacting Physical Performance(00:10:00) Temperature Is the Dominant Variable(00:12:08) Understanding Mechanism Is Key(00:13:42) Heat: The Enemy of All Performance (& Why)(00:16:30) Blood Flow & Sweating & Piloerection(00:22:35) Heat Is What Limits Effort: Even If You Feel Fine/Motivated(00:25:29) Proper Cooling Can Double, Triple, Quadruple (Or More) Your Ability(00:26:42) Heat Induced Confusion & Death(00:30:02) The Three Body Parts Best For Heating & Cooling Your Whole Body(00:31:38) Face, Palms, Bottoms of Feet; Glabrous Skin(00:33:00) Arterio-Venous Anastamoses (AVAs) Are Super Cool(ing)!(00:37:15) Palmar Cooling Can Supercharge Your Athletic Performance(00:38:35) ATP, Pyruvate Kinase & Heat(00:40:55) Palmer Cooling Outperforms Anabolic Steroids Several-Fold(00:43:45) Increasing Endurance, Willpower & Persistence(00:46:33) Cardiac Drift, & Moving the ”I Quit” Point(00:50:44) Deliberate Heating: Myths and Better Protocols(00:53:20) Protocols For Self-Directed Cooling To Vastly Improve Performance(00:59:23) How To Use Cold To Recover Faster & More Thoroughly(01:02:05) Ice Baths & Cold Showers Can Prevent Training Progress: mTOR, etc.(01:06:29) Alcohol, Caffeine, NSAIDs: Their Temperature Effects Matter(01:09:44) Are Stimulants Counter Productive For Performance? It Depends.(01:12:00) The Caffeine Rule & “Caffeine Adaptation”(01:14:20) NSAIDs for Training: Performance Enhancements & Risks(01:17:00) The Best Way to Explore Your Own “Parameter Space”(01:18:35) Tools: How To Try(01:21:35) Cost-Free Support, & Additional Support & ResourcesTitle Card Photo Credit: Mike BlabacDisclaimer Learn more about your ad choices. Visit megaphone.fm/adchoices",4686001,False,1tm2R8lK2bKiTI8V0jdqbQ,en,Supercharge Exercise Performance & Recovery with Cooling,2021-05-10,"The Huberman Lab podcast is hosted by Andrew Huberman, Ph.D., a neuroscientist and tenured professor in the department of neurobiology, and by courtesy, psychiatry and behavioral sciences at Stanford School of Medicine. The podcast discusses neuroscience and science-based tools, including how our brain and its connections with the organs of our body control our perceptions, our behaviors, and our health, as well as existing and emerging tools for measuring and changing how our nervous system works.Huberman has made numerous significant contributions to the fields of brain development, brain function, and neural plasticity, which is the ability of our nervous system to rewire and learn new behaviors, skills, and cognitive functioning. He is a McKnight Foundation and Pew Foundation Fellow and was awarded the Cogan Award, given to the scientist making the most significant discoveries in the study of vision, in 2017. Work from the Huberman Laboratory at Stanford School of Medicine has been published in top journals, including Nature, Science, and Cell, and has been featured in TIME, BBC, Scientific American, Discover, and other top media outlets.In 2021, Dr. Huberman launched the Huberman Lab podcast. The podcast is frequently ranked in the top 10 of all podcasts globally and is often ranked #1 in the categories of Science, Education, and Health & Fitness.",79CkJF3UJTHFV8Dse3Oy0P,Huberman Lab,Scicomm Media,380.0
"In this episode 1 of a 6-part special series, Andy Galpin, PhD, professor of kinesiology at California State University, Fullerton and world expert on exercise science, explains the 9 different types of exercise adaptations that can be used to transform the functional capacities and aesthetics of our body, and benefits each adaptation has for our health. He explains the best evidence-based protocols to optimize your progress in building strength, endurance, muscle growth, flexibility and for optimal recovery, and he provides zero-cost and low-cost tests to assess all aspects of your physical fitness. This episode provides a foundation and tools for establishing a comprehensive assessment of your current fitness level, allowing you to select the ideal fitness programs to implement toward your goals. Subsequent episodes 2-6 in this special series explain goal-directed protocols to reach those goals.For the full show notes, visit hubermanlab.com.Thank you to our sponsorsAG1 (Athletic Greens): https://athleticgreens.com/hubermanLMNT: https://drinklmnt.com/hubermanEight Sleep: https://eightsleep.com/hubermanInsideTracker: https://www.insidetracker.com/hubermanSupplements from Momentoushttps://www.livemomentous.com/hubermanTimestamps(00:00:00) Dr. Andy Galpin(00:02:04) Assessing Fitness (00:05:40) 9 Exercise-Induced Adaptations (00:10:56) Assessing Fitness Levels per Category; Fat Loss & Health(00:13:33) Sponsors: LMNT, Eight Sleep(00:17:20) Lifetime Endurance Training: VO2 Max & Other Health Metrics(00:26:10) Genetics vs. Lifestyle, Endurance Training & Identical Twins(00:33:49) Aging, Muscle Fibers & Exercise(00:37:12) Lifetime Strength Training & Outcomes (00:39:58) Sponsor: AG1(00:40:51) Exercise Physiology History; Strength Training Popularity(00:51:26) Bodybuilding & Misconceptions; Circuit/Group Training (00:57:22) Women & Weight Training(01:04:19) Exercise Physiology History & Current Protocol Design(01:06:15) Sponsor: InsideTracker(01:07:18) Movement/Skill Test(01:12:38) Speed Test, Power Test(01:18:42) Strength Test(01:27:16) Hypertrophy Test(01:29:38) Muscular Endurance Test, Push-Up(01:36:23) Anaerobic Capacity Test, Heart Rate(01:39:29) Maximal Heart Rate Test, VO2 Max(01:42:42) Long Duration Steady State Exercise Test(01:44:00) Fitness Testing Frequency & Testing Order(01:52:44) VO2 Max Measurements(01:58:04) Protocols for the 9 Adaptations(01:59:58) Zero-Cost Support, YouTube Feedback, Spotify & Apple Reviews, Sponsors, Neural Network NewsletterDisclaimerTitle Card Photo Credit: Mike Blabac Learn more about your ad choices. Visit megaphone.fm/adchoices",7277270,False,3kqQixRSTOupaGLB22Ey7c,en,GUEST SERIES | Dr. Andy Galpin: How to Assess & Improve All Aspects of Your Fitness,2023-01-18,"The Huberman Lab podcast is hosted by Andrew Huberman, Ph.D., a neuroscientist and tenured professor in the department of neurobiology, and by courtesy, psychiatry and behavioral sciences at Stanford School of Medicine. The podcast discusses neuroscience and science-based tools, including how our brain and its connections with the organs of our body control our perceptions, our behaviors, and our health, as well as existing and emerging tools for measuring and changing how our nervous system works.Huberman has made numerous significant contributions to the fields of brain development, brain function, and neural plasticity, which is the ability of our nervous system to rewire and learn new behaviors, skills, and cognitive functioning. He is a McKnight Foundation and Pew Foundation Fellow and was awarded the Cogan Award, given to the scientist making the most significant discoveries in the study of vision, in 2017. Work from the Huberman Laboratory at Stanford School of Medicine has been published in top journals, including Nature, Science, and Cell, and has been featured in TIME, BBC, Scientific American, Discover, and other top media outlets.In 2021, Dr. Huberman launched the Huberman Lab podcast. The podcast is frequently ranked in the top 10 of all podcasts globally and is often ranked #1 in the categories of Science, Education, and Health & Fitness.",79CkJF3UJTHFV8Dse3Oy0P,Huberman Lab,Scicomm Media,380.0
"This is episode 3 of a 6-part special series on fitness, exercise and performance with Andy Galpin, PhD, professor of kinesiology at California State University, Fullerton. He explains protocols to improve the various kinds of physical endurance: muscular endurance, anerobic capacity, maximum aerobic output, and long duration endurance. He also explains how the body uses different energy sources (carbohydrates, proteins, fats) during rest and exercise. He also explains the mechanisms underlying fat loss and how and why exercise accelerates rates of fat loss. We cover the many concepts related to endurance training and fat loss such as metabolic flexibility, breathwork training for exercise performance and recovery, lactate production and regulation, how to improve blood flow to muscles, anaerobic vs. aerobic metabolism, exercise fatigue, low-carbohydrate diets and fat loss, and how to combine different types of workouts to improve overall endurance. This episode in intended for everyone ranging from novice and recreational exercisers to elite endurance athletes. Anyone wishing to improve their physical health and performance stands to benefit from the information.For the full show notes, visit hubermanlab.com.Thank you to our sponsorsAG1 (Athletic Greens): https://athleticgreens.com/hubermanLevels: https://levels.link/hubermanLMNT: https://drinklmnt.com/hubermanInsideTracker: https://www.insidetracker.com/hubermanSupplements from Momentoushttps://www.livemomentous.com/hubermanTimestamps(00:00:00) Endurance: Benefits, Mechanics & Breathing (00:07:30) Tool: “Exercise Snacks”(00:14:21) Sponsor: Levels, LMNT(00:18:01) Endurance Categories(00:22:16) Fat Loss & Respiration; Carbon Cycles & Storage, Metabolism(00:33:08) Exhalation Rates, Exercise & Fat Loss; Calories(00:41:47) Cardiovascular Adaptations, Cardiac Output & Maximum Heart Rate(00:47:03) Sponsor: AG1(00:47:55) Excess Post-Exercise Consumption (EPOC); Exercise Intensity & Fat vs. Carbohydrate Energy Utilization(00:59:35) Tool: Training for Fat Loss, Carbohydrate Stores, Liver Glycogen & Fatigue(01:08:01) Metabolic Flexibility, Carbohydrates & Fat; Exercise & Flexible Fuel Utilization (01:16:07) Muscle & Basal Metabolic Rate(01:19:40) Sponsor: InsideTracker(01:20:43) Assessing Metabolic Flexibility, Blood Glucose, Carbohydrates(01:27:48) Caffeine, High-Carbohydrate Meals & Timing, Managing Daily Energy (01:36:42) Cellular Energy (ATP) Production from Carbs; Lactate; Anerobic, Aerobic(01:50:45) Lactate, Energy Production Buffer(01:53:14) Fuel Sources & Exercise; Mitochondria, Oxygen Availability & Lactate(02:02:50) Lactate for Exercise & Cognitive Performance(02:04:33) Energy Production, Waste Management & Endurance Exercise; Insulin(02:12:49) Protein & Fat Utilization for Energy; Exercise & Fat Loss(02:21:20) Protein as Fuel Source, Fire Analogy (02:26:39) Low-Carbohydrate Diet & Performance(02:29:40) Muscular Endurance: Fuel Sources, Training & Capillarization(02:37:30) Tool: Muscular Endurance & Modifiable Variables; Examples(02:45:07) Anerobic Capacity: Fuel Sources, Training & Oxygen Utilization (02:49:23) Tool: Cardiac Output, Heart Rate Zones & Breathing “Gear System”(02:58:10) Tool: Anerobic Capacity & Modifiable Variables; Examples, Nasal Recovery(03:11:45) Tool: “Sugarcane” Endurance Protocol (03:14:02) Anerobic Capacity, Training Progression (03:16:40) Tool: Maximum Aerobic Output, Training & Modifiable Variables(03:21:58) Tool: Long Duration Endurance, Training, Circuits(03:25:13) Long Duration Endurance, Capillarization, Fatigue & Breathwork, Technique(03:29:10) Weekly Combination Training, Metabolic Flexibility & Longevity(03:37:23) Tool: Mixed Endurance Training, Half Marathon Example(03:47:33) Zero-Cost Support, Spotify & Apple Reviews, YouTube Feedback, Sponsors, Neural Network NewsletterTitle Card Photo Credit: Mike BlabacDisclaimer Learn more about your ad choices. Visit megaphone.fm/adchoices",13732466,False,7cOo22FnIfKFOYSL3fL5jb,en,GUEST SERIES | Dr. Andy Galpin: How to Build Physical Endurance & Lose Fat ,2023-02-01,"The Huberman Lab podcast is hosted by Andrew Huberman, Ph.D., a neuroscientist and tenured professor in the department of neurobiology, and by courtesy, psychiatry and behavioral sciences at Stanford School of Medicine. The podcast discusses neuroscience and science-based tools, including how our brain and its connections with the organs of our body control our perceptions, our behaviors, and our health, as well as existing and emerging tools for measuring and changing how our nervous system works.Huberman has made numerous significant contributions to the fields of brain development, brain function, and neural plasticity, which is the ability of our nervous system to rewire and learn new behaviors, skills, and cognitive functioning. He is a McKnight Foundation and Pew Foundation Fellow and was awarded the Cogan Award, given to the scientist making the most significant discoveries in the study of vision, in 2017. Work from the Huberman Laboratory at Stanford School of Medicine has been published in top journals, including Nature, Science, and Cell, and has been featured in TIME, BBC, Scientific American, Discover, and other top media outlets.In 2021, Dr. Huberman launched the Huberman Lab podcast. The podcast is frequently ranked in the top 10 of all podcasts globally and is often ranked #1 in the categories of Science, Education, and Health & Fitness.",79CkJF3UJTHFV8Dse3Oy0P,Huberman Lab,Scicomm Media,380.0
"Episode: #4 March 23th, 2020 There are three asset ""superclasses"" - Store of Value - Capital Asset - Commodity Asset Join Ryan and David as they explore the boundaries between asset types, and discover where Ether lies in relation to these three classes.  Additionally, Ryan and David compare and contrast the economic and financial institutions that make up the world we know, and how they relate to these three classifications.  Links mentioned in podcast:  (Article) Ether: A New Model for Money (Video) Ether: A New Model for Money  ----- Tools from our sponsors to go bankless:  Rocket Dollar - tax shelter your crypto ($50 w/ ""BANKLESS"") Monolith - holy grail of bankless Visa cards Aave - money lego for lending & borrowing Ethereal Summit - the most bankless crypto conference yet  ----- Episode Actions:  Subscribe to this podcast Subscribe to Bankless newsletter program Read the links above mentioned in podcast  ----- Subscribe to podcast on iTunes | Spotify | YouTube | RSS Feed Leave a review on iTunes Share the episode with someone you know! ----- Don't stop at the podcast! Subscribe to the Bankless newsletter program Visit official Bankless website for resources Follow Bankless on Twitter | YouTube Follow Ryan on Twitter Follow David on Twitter",3825555,False,0I8O5IW4lDaFdUNrhXJZ6k,en,4 - Ether: The Triple Point Asset,2020-03-23,"The Ultimate Guide to Crypto Finance. DeFi, NFTs, and cryptocurrencies. Level up. Go bankless.",41TNnXSv5ExcQSzEGLlGhy,Bankless,Bankless,1222.0
Growing up as a member of Generation Z means growing up a world vastly different than previous generations. Benjamin Laufer joins me to discuss what is shaping Generation Z and how society is influencing their cohort culture. ,2024124,False,3dGWlwTqcLgyZIOd02HE95,en,Growing Up Gen Z,2019-11-19,"#GenZ is a podcast about Generation Z. The post-Millennial generation born 1995-2010. We chat about various topics related to Generation Z, but also talk with members of Generation Z to hear their stories, listen to their experiences, and understand their perspectives.",6rvEHifGbtutINbeQCKI6l,#GenZ,WRKdefined Podcast Network,79.0
"when we talk about grief, we are often referring to the grieving process of someone other than ourselves— a loved one, a friend, a partner, etc. while grieving is a natural and very necessary response to the loss of someone close to you, it is just as necessary to grieve the old version of yourself that you are holding on to. in order to move forward and blossom into the person that you are meant to be, you must first go through this process. the best thing you can do for yourself is feel all of your feelings, forgive yourself, nurture yourself, and acknowledge the fact that it is okay and necessary to move on. the old version of you did what they had to do to survive. and that's okay. there are so many beautiful things waiting for you on the other side of this. <3  follow ri: instagram— https://www.instagram.com/riturnerr/ tiktok— https://www.tiktok.com/@riturnerrr youtube— https://www.youtube.com/@riturner  follow sunset tim: instagram— https://www.instagram.com/midwesttim_/ tiktok— https://www.tiktok.com/@sunsettim573 music— https://fanlink.to/e7CU  follow the podcast: website/merch— https://www.forthehealthyhoes.com instagram— https://www.instagram.com/forthehealthyhoes/  music by https://www.instagram.com/shvnsinatra/",1635404,True,3dmSHbyEg5Z2MDGMnhtId9,en-US,grieving the old version of myself.,2022-11-08,honest conversations about the human experience.,7akEYbvLc5CpTMOmJpfUgS,for the healthy hoes.,Ri + Slim,180.0
"Calls from someone who exclusively watches Hentai, a codependent roommate, a young man going thru a quarter life crisis, and more. I also talk about how sick it would be to be an ant. This is a good episode just trust me. Tickets for my Therapy Gecko live show experience are available now around the universe RIGHT HERE: therapygeckotour.comSUPPORT THE LIZARD AGENDA: therapygecko.supercast.comFOLLOW ME ON GECKOGRAM: instagram.com/lyle4everGET WEIRD EMAILS FROM ME SOMETIMES BY CLICKING HERE.Follow me on Twitch to get a notification for when I’m live taking calls. Usually Mondays and Wednesdays but a lot of other times too. twitch.tv/lyleforeverSee omnystudio.com/listener for privacy information.",5858481,False,7fqOM7bJtgsG6tChGl3h1t,en,I AM GECK,2021-08-01,"An unlicensed lizard psychologist travels the universe talking to strangers about absolutely nothing. TO CALL THE GECKO: follow me on https://www.twitch.tv/lyleforever to get a notification for when I am taking calls. I am usually live Mondays, Wednesdays, and Fridays but lately a lot of other times too. I am a gecko.",0fg35zGJ4E7JKdhrTivXmt,Therapy Gecko,iHeartPodcasts,487.0
" 🎆 NEW YEAR, BETTER SLEEP. Enjoy a FREE MONTH of premium & ad-free listening 👉 https://white-noise-sleep-sounds.supercast.com/?coupon=NEWSLEEP📬 Free access to The Rest Report — our free weekly sleep newsletter featuring science-backed tips, simple routines, and practical tools to help you rest better 👉 https://restreport.beehiiv.com/---Deep Brown Noise, is an even deeper and more powerful form of Brown Noise, emphasizing the lowest frequencies. It's particularly effective at creating a serene and uninterrupted environment for sleep, study, or any activity that requires shielding from external noise. Brown Noise is especially suitable for those who find higher-frequency white noise sounds too sharp or bothersome. Whether you're seeking to soothe a baby or increase concentration, Brown Noise can create a tranquil and calming ambiance, enabling you to concentrate solely on the task at hand.---👉 Pro Tip for Free Listeners Using This at Bedtime: Most podcast apps (like Spotify) offer a sleep timer. Set it to stop playback at the end of the episode to avoid being woken by the next episode and its intro ads. For a completely ad-free experience, consider subscribing to premium. Perfect for uninterrupted sleep and a full night’s rest. 😴Although there may be an ad or two at the very beginning of this free episode, you can rest assured that there will be no further interruptions or ads once the Sleep Sound begins 😴❗ ❗ To support this podcast, unlock all the ad-free and intro-free episodes, and receive many other benefits, including a 7-DAY FREE TRIAL 🙌 SUBSCRIBE TO PREMIUM TODAY! 👉 ⁠⁠⁠⁠⁠https://12hourwhitenoise.supercast.com⁠⁠⁠ ❗ ❗Our new PREMIUM feed includes benefits like:🔓 Ad-free & Intro-free access 😁 Access to our new feeds like ""Binaural Beats,"" ""Sleep Music,"" ""Meditations,"" ""Sleep Stories,"" ""Bible Stories,"" ""Myths, Mysteries, and Conspiracies,"" and ""Calm Your Pet"" (coming soon!)🧑‍🔧 Loops, edits, and fades removed from all episodes 🧘‍♂️ Improved and remixed episodes for maximum audio quality and enjoyment 🔍 Variety of playlists to help you find your favorite episode 🎥 Access to Video episodes 🙋 Gotta request? Gotta question? Access to our member-exclusive forum to Ask Me Anything (AMA) 📬 Free access to The Rest Report — our free weekly sleep newsletter with science-backed tips, routines, and tools to help you rest better 👉 https://restreport.beehiiv.com👕 Discounts on our sleep products, merch, and much more! (coming soon!)🙏 My sincere gratitude for your support---Your listenership is valued!!! If these Sleep Sounds have been helpful to you, I'd be so grateful if you'd rate the show on either Spotify or Apple Podcasts🙏---White Noise & Sleep Sounds (12 Hours) is the world’s best and most trusted sleep sound podcast, where we’ve helped millions of listeners find it easier to achieve deep sleep, study, relax, focus, meditate, mask unwanted noise, and overcome anxiety. Great for all ages, soothing babies, and pet anxiety too!Our White Noise, Pink Noise, Brown Noise, Nature Sounds, Sleep Stories, Meditations, Binaural Beats, and many other custom Sleep Sounds offer 12 hours of continuous calm to help you sleep💤and find your inner peace🙏 ---Follow us on ⁠Instagram⁠ & ⁠TikTok⁠ & ⁠YouTube⁠ @12hourwhitenoiseFollow us on ⁠X (formerly known as Twitter)⁠ @sleepwithnoiseFollow us on ⁠Facebook⁠ @whitenoiseandsleepsounds---Have a sound you'd like to hear? Email ⁠⁠support@12hourwhitenoise.com⁠⁠ or visit ⁠12hourwhitenoise.com⁠⁠⁠ 😊---💤 Keywords: Deep Brown Noise | Brownian Noise | 12 Hour | 12 Hour Sounds Machines | ADHD | Alpha | Ambient | Ambient Noise | Ambience | Anxiety | ASMR | Asti | Autism | Baby | Background Noise | Beach | Bed | Bedtime Sounds | Best | Best Noise for Sleep | Best Sleep Sounds | Best Sound Machine | Best White Noise | Binaural Beats | Box Fan | Brain Wave | Brown Noise | Brown Noise for Sleep | Brown Noise Machine | Brown Noise Sound | Calm | Calming Sounds | Calming Sounds for Sleep | City | Cityscape | Clean | Concentrate | Concentration | Continuous | Deep Sleep | Deep Sleep Machine | Deep Sleep Pink Noise | Deep Sleep Sounds | Delta | Depression | Dohm | Drone | Evo | Fall Asleep | Fall Asleep Faster | Fan | Fan Sound Machine | Focus | Free | Gamma | Hatch | Health | Health and Fitness | Heavy Rain | Insomnia | Insomniac | Lightning | Loud White Noise | Lectrofan | Loopable | Massage | Marpac | Meditate | Meditation | Mental Health | Most Relaxing Sounds for Sleep | Nature Sounds | Newborn | Night Sounds for Sleeping | Noise Machine | Noise Machine for Sleeping | Ocean | Oscillating Fan | Pet | Pink Noise | Pink Noise for Deep Sleep | Pink Noise Machine | Pink Noise Sound Machine | Pink Sound | Pink Sound Machine | Rain | Rainstorm | Relax | Relaxation | Relaxing Sounds for Sleep | Relaxing White Noise | Rest | Restful | Rohm | Self Improvement | Sleep | Sleep Machine | Sleep Music | Sleep Noise | Sleep Sound | Sleep Sounds | Sleep Stories | Sleep Story | Snoring | Sooth a Baby | Soothing Sleep Sounds | Soothing Sounds | Sound Asleep | Sound Cancellation | Sound Machine for Sleep | Sound Machine White Noise Generator | Sound Machines | Sound Masking | Soundscape | Sounds to Fall Asleep To | Sounds to Help Sleep | Sleep Music | Sounds to Help You Fall Asleep | Sounds to Help You Sleep | Sounds to Make You Sleep | Sounds to Sleep To | Sounds to Make Me Sleep | Storm | Stress | Study | Studying | 8 Hour Sleep Music | Thunder | Thunderstorm | Tinnitus | Travel | Uninterrupted | Water | Waves | Wellness | Well-being | Wellbeing | White and Pink Noise | White Noise | White Noise for Sleep | White Noise Machine | White Noise Music | White Noise Newborn | White Noise Sleep Machine | White Noise Sleep Sounds | White Noise Sound | White Noise Sound Machine | White Noise Waves | Wind | Yoga | Zen---⁠VIEW DISCLAIMER⁠ ⁠at ⁠https://www.12hourwhitenoise.com/disclaimer---© White Noise & Sleep Sounds (12 Hours), LLC. All rights reserved. Any reproduction or republication of all or part of this content is strictly prohibited.---See Privacy Policy at https://art19.com/privacy and California Privacy Notice at https://art19.com/privacy#do-not-sell-my-info.",42999300,False,4vQmIPjndEvsTcru39kxy8,en,Deep Brown Noise | Sleep Sound (12 Hours),2026-01-25,,,,,
"Commonwealth Beacon's Jennifer Smith sits down with Salem Mayor Dominick Pangallo, Brad Campbell, president of the Conservation Law Foundation, and Jessica Collins, executive director of the Public Health Institute of Western MA to discuss key statehouse priorities. They reflect on past achievements and look ahead to future efforts in education, climate, transportation, and housing.",1676441,False,4xnKGtHs85PKvpZ34lfui0,en,Massachusetts roundtable: a look at 2025 legislative priorities,2025-01-05,,,,,
"John McDonough of the T.H. Chan School of Public Health and Paul Hattis of the Lown Institute sit down with Amy Rosenthal, executive director of Health Care for All, to discuss the potential impacts of a second Trump term on Medicaid and Medicare in Massachusetts.",1746311,False,3O6wVzIadKJtoGoQkVbwdS,en,Massachusetts health care concerns under Trump 2.0,2024-12-30,,,,,
"Chappell Roan’s electrifying debut on *Saturday Night Live* had fans buzzing, especially with her unreleased song, “The Giver.” Stepping out of her usual synth-pop vibe, Roan went full country with this bold, soulful track, showcasing her range and fearless style. Her confident lyrics – “Only a woman knows how to treat a woman right” – had the crowd going wild, cementing her place as a rising queer pop icon. With themes of empowerment and bold authenticity, “The Giver” feels like the start of a thrilling new chapter. From a dramatic red wig to a throne-like stage setup, Roan proved she’s here to shake things up, leaving fans ready to follow her wherever this next era takes her. Learn more about your ad choices. Visit megaphone.fm/adchoices",263288,False,7eXLk8ixgf01Ly6KgFg97U,en,Chappell Roan - The Giver (Saturday Night Live (SNL) Performance),2024-11-04,,,,,
"________dialtone tour patreon presale NOW _____public sale 2/21_____https://linktr.ee/perfectpersonliveArasha Lalani joins the show to take stunning calls about being bullied at Jimmy Johns, a nasty coworkers nickname, and moving in next to your cheating ex girlfriend's parents. Join The Patreon: https://bit.ly/PPPTRN      -Weekly Bonus episodes every Friday & ad-free extended version of this episode)Watch on Youtube: https://bit.ly/PerfectPodYTWatch Miles' Main Channel Videos: https://bit.ly/MilesbonYTFollow On Insta To Call-In!: https://bit.ly/PPPodGramTell a friend about the show! Tweet it! Story it! Scream it!Advertise on Perfect Person via Gumball.fmSee Privacy Policy at https://art19.com/privacy and California Privacy Notice at https://art19.com/privacy#do-not-sell-my-info.",5007569,True,5TB9hKyg2enDxcBnjeMuRD,en,137: besties with my cheating ex's parents (w/ Arasha Lalani),2025-02-19,,,,,
"Wanna scale your business? Click here.Welcome to The Game w/ Alex Hormozi, hosted by entrepreneur, founder, investor, author, public speaker, and content creator Alex Hormozi. On this podcast you’ll hear how to get more customers, make more profit per customer, how to keep them longer, and the many failures and lessons Alex has learned and will learn on his path from $100M to $1B in net worth.Follow Alex Hormozi’s Socials:LinkedIn  | Instagram | Facebook | YouTube  | Twitter | Acquisition ",1430613,False,0voaQ8VntH1P8lGsCznQHu,en-US,Stop Confusing Patience With Delaying The Inevitable | Ep 843,2025-02-27,,,,,
"On the episode of The Colin and Samir Show, Patreon CEO Jack Conte joins us to share his advice for creators in 2025. We dive into the evolution of the internet from the follower model to the ""For You"" era, the impact of short-form content, and what it means for creators trying to build sustainable businesses.Join our free live workshop on the 3 rules of YouTube: https://courses.colinandsamir.com/3-rules-live-sessionRead the Patreon State of Create Report: https://news.patreon.com/articles/state-of-create Learn more about your ad choices. Visit megaphone.fm/adchoices",6834259,False,3A5N1J6hWGlSbU2kfwKV66,en,The Death of the Follower & the Future of Creativity on the Internet: Patreon CEO Jack Conte,2025-02-25,,,,,
"Dylan Mulvaney returns to the show this week!! A lot has happened in Dylan’s life since she was last on the podcast almost three years ago, and she unpacks it all with Drew in an episode that covers broadway musicals, ayahuasca in Peru, glee club, jet skiing, gay cruises, running into Trixie Mattel at the DMV, and so much more. Dylan’s new book Paper Doll: Notes from a Late Bloomer is out now!Shop Billie in-store and at https://www.mybillie.comDylan IG: https://www.instagram.com/dylanmulvaney/Dylan Tiktok: https://www.tiktok.com/@dylanmulvaneyFollow The Comment Section on IG! https://www.instagram.com/thecommentsection/ Learn more about your ad choices. Visit podcastchoices.com/adchoices",4963477,False,2dsxg2YO7W8q2hMXEZk0lZ,en,WE'RE PEOPLE GIRLS Ft. Dylan Mulvaney | Episode 160,2025-03-13,,,,,
"Today, we are going to take a look at the Sun’s conjunction with Neptune at the anaretic degree of Pisces, followed by its immediate entrance into Aries—marking the Spring Equinox in the Northern Hemisphere.————📅 Register for Monthly Talks: https://bit.ly/Live_Talks📌 Book Your Need-Based Astrology Reading: https://bit.ly/AffordableAstrology",1524877,False,1t4j8sLFEYykcyeti5gxSy,en-US,The Sun Conjoins Neptune at the Anaretic Degree — A Sea Change is Happening,2025-03-18,,,,,
"This week on Two Dykes and a Mic hosts Rachel Scanlon and McKenzie Goodwin discuss trying something new in the boudoir, gay olympics, nip to nip, true cime, Lewis Black, Bravo making us gayer, The Giver, and Ask about kissing at an all girls Catholic school, a Conclave review, and so much more!Follow @TwoDykesAndAMic @RachelScanlonComedy @MckGoodwinTOUR TICKETS ON SALE : ⁠TwoDykesAndAMic.com⁠Los Angeles, CA - 4/23Denver, CO - 4/26St. Petersburg, FL - 5/10Atlanta, GA - 5/11St. Louis, MO - 5/17Chicago, IL - 5/18Seattle, WA - 5/30 & 5/31Portland, OR - 6/7Pittsburgh, PA - 6/12Brooklyn, NY - 6/13Boston, MA - 6/14Unlock Spotify https://podcasters.spotify.com/pod/show/two-dykes-and-a-mic/subscribeJoin Patreon : https://www.patreon.com/TwoDykesAndAMicTickets to Rachel's solo stand up shows: https://www.rachelscanloncomedy.com/Want to hear yourself on the podcast? Leave us a voicemail at (818) 540-1487 or write us at TwoDykesAndAMic@gmail.com",3517248,True,0VmNk2UjnJwgmL9UWIuHGD,en-US,#310 - Nip to Nip,2025-04-22,,,,,
"Our guest this week is Vanilla Mace!! Vanilla and Drew do a live blind unboxing and talk about Twitch streaming, Vanilla adopting a cat from her weed dealer, her job burning down right before she clocked in, the time Drew got flipped by a male stripper, and so much more!  Shop Billie in-store and at ⁠⁠https://www.mybillie.com  Vanilla IG: https://www.instagram.com/vanilllamace/?hl=en Vanilla Tiktok: https://www.tiktok.com/@vanillamace?lang=en Follow The Comment Section on IG! https://www.instagram.com/thecommentsection/ Learn more about your ad choices. Visit podcastchoices.com/adchoices",3837141,False,4Ss9ziv4RURpV2CA6q3esn,en,NOBODY WANTS TO DANCE Ft. Vanilla Mace | Episode 168,2025-05-07,,,,,
"Reneé Rapp knows that altos are important. Amy hangs with the singer and talks about meeting Beyoncé, coming out as a lesbian on ‘SNL,’ and why men should not be doing backflips. Host: Amy PoehlerGuests: Cara Delevingne and Reneé RappExecutive Producers: Bill Simmons, Amy Poehler, and Jenna Weiss-BermanFor Paper Kite Productions: Executive producer Jenna Weiss-Berman, coordinator Sam Green, and supervising producer Joel LovellFor The Ringer: Supervising producers Juliet Litman, Sean Fennessey, and Mallory Rubin; video producers Jack Wilson, Chris Wohlers, and Aleya Zenieris; audio producer Kaya McMullen; video editor Drew van Steenbergen; and booker Kat SpillaneOriginal Music: Amy Miles Learn more about your ad choices. Visit podcastchoices.com/adchoices",3671381,False,1QQAcd5DA2hZwM2bTwutH2,en,Reneé Rapp,2025-05-27,,,,,
"Immerse yourself in the relaxing sounds of heavy rain and distant thunder with this 8-hour, high quality heavy rainfall video designed to help you drift off into a deep and restful sleep. Enjoy the most relaxing rain sounds, perfectly crafted to guide you into the best REM sleep. This experience is ideal for calming the mind, reducing stress, and promoting a night of restorative slumber.Wake up refreshed and rejuvenated after a peaceful night's sleep with our tranquil rain sounds. Perfect for anyone seeking better sleep, relaxation, or a peaceful background ambiance.Thank you for watching! 😊#sleep #rainoundsforsleep #relax #whitenoise #forest #calming #nature #relaxing #peaceful #ambient #4K #sleepaids #stressrelief #rain #meditation #mindfulness #calmingmusic #soundtherapy #soothing #serenity #dream #unwind #thunderstorm #thunder #thundersounds",29400016,False,6MDkjKkcyQ5Bxk3dXEhBoI,en,Heavy Rain and Distant Thunder Rumbles for Sleep & Relaxation,2025-03-09,,,,,
"Paul Rudd is a yeller. Amy hangs with the star of 'Friendship' and talks about what songs get a Bar Mitzvah moving, working on 'Wet Hot American Summer' and 'Parks' together, and going too big. Host: Amy PoehlerGuests: John Hamm and Paul RuddExecutive Producers: Bill Simmons, Amy Poehler, and Jenna Weiss-BermanFor Paper Kite Productions: Executive producer Jenna Weiss-Berman, coordinator Sam Green, and supervising producer Joel LovellFor The Ringer: Supervising producers Juliet Litman, Sean Fennessey, and Mallory Rubin; video producers Jack Wilson, Belle Roman, Francis X Bernal Jr., Justin Nardecchia, and Aleya Zenieris; audio producer Kaya McMullen; video editor Drew van Steenbergen; and booker Kat SpillaneOriginal Music: Amy Miles Learn more about your ad choices. Visit podcastchoices.com/adchoices",3959402,False,3dtiPGoSAhc5oSzpWuoEU7,en,Paul Rudd,2025-05-06,,,,,
"SUBSCRIBE TO THE BNC CHANNEL: https://bit.ly/45Pspyl      Ad Free & Bonus Episodes: https://bit.ly/3OZxwpr    MERCH: https://shoptmgstudios.com     This week, Brooke and Connor break down McLovin’s sad but fire WaWa order, reminisce on trendy water bottles, and live life in the splash zone. Plus, Brooke is going to jail and Connor goes to rock bottom.    Join our Facebook page: https://www.facebook.com/groups/5356639204457124/     Download Cash App Today: https://capl.onelink.me/vFut/5vj8zukj #CashAppPod   *Referral Reward Disclaimer: As a Cash App partner, I may earn a commission when you sign up for a Cash App account.    Get 30% off your first order and enjoy free shipping on orders over $75 at https://cornbreadhemp.com/BNC with code BNC at checkout.    B+C IG: https://www.instagram.com/bncmap/    B+C Twitter: https://twitter.com/bncmap    TMG Studios YouTube: https://www.youtube.com/tinymeatgang    TMG Studios IG: https://www.instagram.com/realtmgstudios/    TMG Studios Twitter: https://twitter.com/realtmgstudios    BROOKE https://www.instagram.com/brookeaverick https://twitter.com/ladyefron https://www.tiktok.com/@ladyefron     CONNOR https://www.instagram.com/fibula/ https://twitter.com/fibulaa https://www.tiktok.com/@fibulaa    Hosted by Brooke Averick & Connor Wood, Created by TMG Studios, Brooke Averick & Connor Wood, and Produced by TMG Studios, Brooke Averick & Connor Wood.    Chapters:  0:00 Happy Birthday To Everyone!  0:58 Intro  1:17 Brooke’s New Owala   2:16 Brooke’s Bday!  3:30 Cringey Good Presents   5:40 Trendy Water Bottles  7:37 Brooke’s Going To Jail   13:45 Finding The One  16:18 CashApp  18:07 Cornbread Hemp  19:29 We Are Not At Cannes  22:05 Glowing In The Splash Zone  27:35 Connor Goes To Studio 8H  29:59 Playing At Radio City Music Hall  33:15 Performing In Front of Your Idols   35:17 Obsessed With Vacuums  37:35 McLovin’s WaWa Order  40:05 Connor’s Nasty WaWa Sandwich  43:12 The MDFoodieBoyz Are The Future  44:25 Normalize Eating Leftovers    46:16 Pennies Are Going Away  49:05 Becoming Collectors & Going To Rock Bottom  51:10 Connor x Cousin Ben Collab  53:55 Meeting New Besties  55:23 Rob & Jon’s New Dynamic  57:20 Things vs Stuff  1:00:19 Patrick Schwarzenegger’s Commercial   1:02:10 Ending on Scary Thoughts  1:03:57 See You In Bonus!!! Learn more about your ad choices. Visit megaphone.fm/adchoices",3631255,False,4OBFczGVweIX3aPJXZjZhS,en,Sad But Fire,2025-06-19,,,,,
"Do you look at the past through rose colored glasses..? Yeah, but I'm delusional, so...  Use my code for 10% off your next SeatGeek order*: https://seatgeek.onelink.me/RrnK/JAKE  Sponsored by SeatGeek. *Restrictions apply. Max $25 discount  Thank you to Booking.com for sponsoring this episode! Find exactly what you’re BOOKING for on Booking.com!  Tickets on sale now for LIVE WITH JAKE SHANE at passthatpuss.com!  Follow Maren & Listen to “Dreamsicle” OUT NOW! https://marenmorris.lnk.to/DREAMSICLE  Tell Me What's Wrong at ⁠ passthatpuss.com  Follow Me! Instagram | @passthatpuss TikTok | @octopusslover8  Listen to ""THERAPUSS"" Spotify: ⁠⁠⁠⁠https://open.spotify.com/show/1BHDdC0OVuHqZ706FobfOF ⁠⁠Apple Podcasts: ⁠⁠⁠⁠https://podcasts.apple.com/us/podcast/therapuss-with-jake-shane/id1723626781⁠⁠ Amazon Podcasts: ⁠⁠⁠⁠https://music.amazon.com/podcasts/93117357-1f23-46e1-8f26-88f5182a68b8/therapuss-with-jake-shane⁠⁠ YouTube: ⁠https://www.youtube.com/@octopusslover8 Learn more about your ad choices. Visit megaphone.fm/adchoices",5371306,True,3B9ctWrONtE8z2syeVn82h,en,Session 78: Maren Morris,2025-06-19,,,,,
"This week on The Broski Report, Fearless Leader Brittany Broski checks her daily horoscope, explores some Mythological concepts, and updates the nation on her self-care routine.    👕 Get your merch here: https://broski.shop/    Listen to ‘Stained’ – https://brittanybroski.lnk.to/stained   Follow The Broski Report: https://www.linktr.ee/broskireport https://www.tiktok.com/@broskireport  https://instagram.com/broskireport   Follow Brittany: https://www.tiktok.com/@brittany_broski  https://instagram.com/brittany_broski  https://youtube.com/brittany_broski   Follow Royal Court: https://www.youtube.com/@royalcourt  https://www.tiktok.com/@bbroyalcourt https://www.instagram.com/royalcourt https://www.twitter.com/bbroyalcourt   ICE OUT OF OUR CITY / PROTEST RESOURCES: ACLU – https://www.aclu.org/know-your-rights/protesters-rights  Immigrant Defense Project – https://www.immigrantdefenseproject.org/raids-toolkit  Freedom for Immigrants – https://www.freedomforimmigrants.org/resources Immigrants Legal Resource Center – https://www.ilrc.org/community-resources/know-your-rights  Immigration Justice Campaign – https://immigrationjustice.us/   CREDIBLE RESOURCES TO HELP FREE PALESTINE: Palestinian Children’s Relief Fund - https://www.pcrf.net/ UNICEF - https://www.unicefusa.org/stories/helping-gazas-children-cope-trauma Doctors Without Borders - https://donate.doctorswithoutborders.org World Central Kitchen - https://wck.org/ World Health Organization - https://www.who.int/ Headcount - https://www.headcount.org/  IG ACCOUNTS FOR A FREE PALESTINE: @eye.on.palestine @aljazeeraenglish @palestinianyouthmovement @byplestia @motaz_azaiza @impact  LGBTQ+ RESOURCES: https://Translifeline.org  https://Glaad.org   https://Pflag.org  https://www.thetrevorproject.org/   REPRODUCTIVE RESOURCES: https://aidaccess.org  https://plancpills.org  https://Ineedana.com  https://www.reprolegalhelpline.org/  https://heyjane.com   Brought to You By:  Zocdoc – Stop putting off appointments. Find your doctor at https://zocdoc.com/broski HungryRoot – Get 40% off + free item for life at https://hungryroot.com/broski with code BROSKI Cash App – Get $10 for free. Download Cash App and use code BROSKI  Songs of The Week: Rein Me In by Sam Fender feat. Olivia Dean Higher Ground by Stevie Wonder Maybe by Janis Joplin Killeagh by Kingfishr Skinty Fia by Fontaines D.C.   CHAPTERS: 00:00 – Having A Day.  04:04 – Astrology Reading 08:27 – Swans 12:16 – Greek Mythology 15:08 – Swans Cont. 18:16 – Self Prioritization  20:27 – Self Care Routine 24:00 – Jack Nicholson Brekadown 26:24 – Self Care Routine Cont.  27:25 – Astrology Reading Cont. 33:47 – Moonbeam Ice Cream 34:41 – Astrology Reading Cont. 40:36 – Future Relationships 49:02 – Astrology Reading Cont. 52:06 – Mumford & Sons 53:32 – Swans Cont.  55:15 – Sex & The City Movie 59:21 – Last Minute Updates 1:00:31 – Songs of The Week  #brittanybroski, #broski, #broskination, #broskireport, #astrology, #swans, #twinflame, #selfcare, #jacknicholson, #aladdin, #mumfordandsons, #sexandthecity, #samfender",3450288,False,5Subj4qYXvt86SgQRXzxuc,en-US,99: Moonbeam Ice Cream & Swans,2025-06-24,,,,,
"Experience the soothing hum of a box fan white noise for 3 hours with this high-quality black screen video, designed to help you sleep better, study, focus deeper, and relax faster. This white noise box fan sound is consistent, calming airflow of a real box fan.",10804035,False,7LBRfBtFBvjuKPtcfHxWXF,en-GB,Box Fan White Noise | 3 Hours of Black Screen Video,2025-06-24,,,,,
We realize we are actual witches and Hannah has notes on Paige's Italy content.We couldn’t do this one without Dunkin’ — thank you for fueling the fun! #sponsoredbyDunkinwatch our youtube seriessign up for our newsletterget our book Hosted on Acast. See acast.com/privacy for more information.,4170839,True,2qt4IgivelbOeKk8Xd4NNu,en,"Giggling about therapy, retirement, and ravioli",2025-07-01,,,,,
"This whole episode is going to be a bleep...  Tickets on sale now for LIVE WITH JAKE SHANE at passthatpuss.com!  Tell Me What's Wrong at ⁠ passthatpuss.com  Follow Me! Instagram | @passthatpuss TikTok | @octopusslover8  Listen to ""THERAPUSS"" Spotify: ⁠⁠⁠⁠https://open.spotify.com/show/1BHDdC0OVuHqZ706FobfOF ⁠⁠Apple Podcasts: ⁠⁠⁠⁠https://podcasts.apple.com/us/podcast/therapuss-with-jake-shane/id1723626781⁠⁠ Amazon Podcasts: ⁠⁠⁠⁠https://music.amazon.com/podcasts/93117357-1f23-46e1-8f26-88f5182a68b8/therapuss-with-jake-shane⁠⁠ YouTube: ⁠https://www.youtube.com/@octopusslover8 Learn more about your ad choices. Visit megaphone.fm/adchoices",3971520,True,6U6YUBuG53fq5uO2bBX5VL,en,Session 81: Goodbye Girls!,2025-07-06,,,,,
We put together our favorite giggles from the past few years.watch our youtube series order our booksign up for our newsletter Hosted on Acast. See acast.com/privacy for more information.,4062928,True,74FZhFfG9KRoJzKmMIrwsL,en,Summer Break Giggles,2025-07-08,,,,,
"You have Moms getting into fights?  Use my code for 10% off your next SeatGeek order*: https://seatgeek.onelink.me/RrnK/JAKE  Sponsored by SeatGeek. *Restrictions apply. Max $25 discount  Tickets on sale now for LIVE WITH JAKE SHANE at passthatpuss.com!  Follow Jessie, listen to ""Bad as the Rest"" and Pre-Save ""Sex Hysteria"" OUT 7/18!https://open.spotify.com/track/5PbieFqXACejDMorBL0DVH?si=KPakjPxsTR6ROJiwhRxZ5g&nd=1&dlsi=79bfd102bd0d421c https://www.jessiemurph.com/  Tell Me What's Wrong at ⁠ passthatpuss.com  Follow Me! Instagram | @passthatpuss TikTok | @octopusslover8  Listen to ""THERAPUSS"" Spotify: ⁠⁠⁠⁠https://open.spotify.com/show/1BHDdC0OVuHqZ706FobfOF ⁠⁠Apple Podcasts: ⁠⁠⁠⁠https://podcasts.apple.com/us/podcast/therapuss-with-jake-shane/id1723626781⁠⁠ Amazon Podcasts: ⁠⁠⁠⁠https://music.amazon.com/podcasts/93117357-1f23-46e1-8f26-88f5182a68b8/therapuss-with-jake-shane⁠⁠ YouTube: ⁠https://www.youtube.com/@octopusslover8 Learn more about your ad choices. Visit megaphone.fm/adchoices",3290794,True,4ILXr0fkCxdL1vsJS6rV68,en,Session 83: Jessie Murph,2025-07-12,,,,,
"John Green reviews something he's never seen and never will: an orbital sunrise. This episode marks the end of our summer miniseries. You can buy a copy of The Anthropocene Reviewed book online or at your local bookstore: https://anthropocenereviewedbook.com/ Thank you again for your tremendous support.Episode art by Nadim Silverman. Hosted by Simplecast, an AdsWizz company. See pcm.adswizz.com for information about our collection and use of personal data for advertising.See Privacy Policy at https://art19.com/privacy and California Privacy Notice at https://art19.com/privacy#do-not-sell-my-info.",1355180,False,0x3hrnEuG90SdW41gLvI5t,und,Orbital Sunrise,2021-08-26,,,,,
"YOU’RE NOT READY. But it’s time. Otters. Sea otters. River otters. Big beefy otters. Tiny otters. Giant river otters. Otters chasing you down the street. Dr. Chris J. Law, a professional Lutrinologist, shares tales about coastal vs. inland otters, otter terrorism, magical teeth, lustrous fur, rock pockets, kelp naps, otter terrorism, cautionary motherhood, toxic relationships, hand holding and why otters make you trust them, despite the fact that you should perhaps not trust an otter.  Visit Dr. Law's website and follow him on Bluesky and InstagramA donation was made to SeaOtterSavvy.orgMore episode sources and linksYou may also enjoy our episodes on: Echinology (SEA URCHINS & SAND DOLLARS), Osteology (SKELETONS/BODY FARMS), Ichthyology (FISHES), Oceanology (OCEANS), Macrophycology (SEAWEED), Mammalogy (MAMMALS), Selachimorphology (SHARKS), Malacology (SNAILS & SLUGS), Carcinology (CRABS), Scatology (POOP)400+ Ologies episodes sorted by topicSmologies (short, classroom-safe) episodesSponsors of OlogiesTranscripts and bleeped episodesBecome a patron of Ologies for as little as a buck a monthOlogiesMerch.com has hats, shirts, hoodies, totes!Follow Ologies on Instagram and BlueskyFollow Alie Ward on Instagram and TikTokEditing by by Jarrett Sleeper of MindJam Media, Mercedes Maitland of Maitland Audio Productions, and Jake ChaffeeManaging Director: Susan HaleScheduling Producer: Noel DilworthTranscripts by Aveline Malek Website by Kelly R. DwyerTheme song by Nick Thorburn Hosted by Simplecast, an AdsWizz company. See pcm.adswizz.com for information about our collection and use of personal data for advertising.",3762573,True,1XA7Wd9ysEPAmI2kKoHjum,en,Lutrinology (OTTERS) Encore with Chris J. Law,2025-08-27,,,,,
"Train tracks. Split decisions. And a philosophy humdinger worth debating. Dr. Joshua Greene is a Harvard Psychology professor, neuroscientist, and *actual* Trolleyologist. The moral humdinger that has been used in everything from Supreme Court decisions to board games looks at: What makes you a good person? How do you reason with people who make you scream into a jar like Yosemite Sam? How far would you go to save others? Which charities should get your money? What is active versus passive harm? And what would a monk do? Also: how neurodivergence influences moral decisions, religion used as a moral compass, and your new favorite skeleton on the planet. Visit Dr. Greene’s website, his charity platform Giving Multiplier, and his online quiz game TangoBuy his book, Moral Tribes: Emotion, Reason, and the Gap Between Us and Them, on Bookshop.org or AmazonA donation went to Giving MultiplierMore episode sources and linksOther episodes you may enjoy: Eudemonology (HAPPINESS), Genocidology (CRIMES OF ATROCITY), Obsessive-Compulsive Neurobiology (OCD), Bonus Episode: The OCD Experience, Artificial Intelligence Ethicology (WILL A.I. CRASH OUT?), Attention-Deficit Neuropsychology (ADHD), Suicidology (SUICIDE PREVENTION & AWARENESS), Dolorology (PAIN), Molecular Neurobiology (BRAIN CHEMICALS), Personality Psychology (PERSONALITIES), Ferroequinology (TRAINS)400+ Ologies episodes sorted by topicSmologies (short, classroom-safe) episodesSponsors of OlogiesTranscripts and bleeped episodesBecome a patron of Ologies for as little as a buck a monthOlogiesMerch.com has hats, shirts, hoodies, totes!Follow Ologies on Instagram and BlueskyFollow Alie Ward on Instagram and TikTokEditing by Mercedes Maitland of Maitland Audio Productions and Jake ChaffeeManaging Director: Susan HaleScheduling Producer: Noel DilworthTranscripts by Aveline Malek Website by Kelly R. DwyerTheme song by Nick Thorburn Hosted by Simplecast, an AdsWizz company. See pcm.adswizz.com for information about our collection and use of personal data for advertising.",4895373,True,4X5V5EQHVY1y4jJhzVWn09,en,Trolleyology (MORAL DILEMMAS + THE TROLLEY PROBLEM) with Joshua Greene,2025-08-20,,,,,
"Peter and Michael discuss a book that's light on facts and long on sentences.Where to find us: Our PatreonOur merch!Peter's newsletterPeter's other podcast, 5-4Mike's other podcast, Maintenance PhaseSources:Book Review: ‘Summer of Our Discontent,’ by Thomas Chatterton WilliamsPolice shootings database 2015-2024From the archive, 22 March 1991: President Bush sickened by Rodney King caseBarack Obama Public ApprovalLetter To Christopher L. Eisgruber, President Princeton UniversityPolice give additional details in beating of machete-wielding man amid Dallas protestIn City After City, Police Mishandled Black Lives Matter ProtestsRIOTS IN LOS ANGELES: Challenger; Nation Needs Healing, Clinton SaysMedian household income by race and ethnicity U.S. 1967-2023Majority of college students support Israel/Gaza campus protests, 1 in 10 actually participate in themThomas Chatterton Williams on Race, Identity, and “Cancel Culture”Thanks to Mindseye for our theme song!",5502615,False,3RoJ2sXP3fkYc7BPShXcOJ,en,"Thomas Chatterton Williams' ""Summer of Our Discontent""",2025-09-11,,,,,
"In April 1958, Hollywood’s ice-queen glamour cracked. Lana Turner’s mob-linked boyfriend, Johnny Stompanato, lay dead on her Beverly Hills bedroom floor, felled by a single knife wound, and her 14-year-old daughter, Cheryl Crane, stood trembling with the knife in her hand. In this week’s History For Weirdos, we peel back the silk curtains to find the rough edges: a movie star at the height of her fame, a small-time hood with big-time connections, and a city where the studio machine and the underworld sometimes shared the same phone book. We follow the story from red-carpet sheen to coroner’s inquest: the jealous rages and whispered threats, the shadow of L.A.’s mob fixers, the studio publicists working overtime, and the tabloid feeding frenzy that turned a family tragedy into national theater. Along the way, we examine what the official narrative claimed happened that night—and why some details still don’t sit neatly even decades later. Was this a clear-cut case of a teen protecting her mother, or a story shaped by power, image, and the peculiar alchemy of Old Hollywood? Expect glamour and grit in equal measure as we trace how a single moment on April 1958 ricocheted through a star’s career, a daughter’s life, and a city addicted to scandal. Buckle up, weirdos: this is Tinseltown at its most dazzling—and most dangerous.  Get History For Weirdos merch ⁠⁠⁠⁠⁠⁠⁠here⁠⁠⁠⁠⁠⁠⁠! - Thank you for listening Weirdos! Show the podcast some love by rating & subscribing on whichever platform you use to listen to podcasts. Your support means so much to us. Let's stay in touch 👇 Email: historyforweirdos@gmail.com IG/Threads: @historyforweirdos Website: ⁠⁠⁠⁠⁠⁠⁠⁠⁠historyforweirdos.com⁠⁠⁠⁠⁠⁠⁠ Learn more about your ad choices. Visit podcastchoices.com/adchoices",4095828,False,5GZwbZjteCEb2wWFkNz2Pi,en,"Episode 160: The Beverly Hills Stabbing - Lana Turner, Johnny Stompanato & a Studio System on Trial",2025-09-22,,,,,
"In the past decade, technology has transformed the way we use doorbells. Home security cameras that capture footage of people around your home give some people peace of mind in the face of potential break-ins or theft. Clare talks with Matthew Guariglia, a senior policy analyst at the Electronic Frontier Foundation working on issues of surveillance and policing, about where that footage is going and what it’s being used for. Learn more about your ad choices. Visit podcastchoices.com/adchoices",1521476,False,7cltPsgtfExByPFLcRdAmJ,en,Think Before You Ring: Keeping Home Surveillance Safe,2025-04-01,,,,,
"He paved roads, blew up tolls, handed kids free textbooks, and told the oil barons to get lost. Huey “The Kingfish” Long wasn’t just a politician; he was a one-man jailbreak for Louisiana’s poor. In the middle of the Great Depression, he turned the state into a living New Deal before the New Deal: hospitals for the sick, bridges for the forgotten, and a promise bold enough to make millionaires sweat—“Every man a king.” Then he cranked the volume to eleven with Share Our Wealth, a coast-to-coast crusade that said, out loud, what the working class had been thinking for decades: cap the hoards at the top and give ordinary families a fair shot. But here’s the twist only history can write: the more he fought for the have-nots, the more Huey bulldozed anyone who stood in his way. He browbeat legislators, built a machine, and played constitutional hardball like a modern leader of the populares. To his followers, he was the first guy in a long time who actually delivered; to his enemies, he looked like an American Caesar rehearsing for the crown. We take you from Winnfield mud to Baton Rouge marble to a late-night gunshot inside the capitol he built—unpacking how a righteous war for the working class made Huey Long a hero to millions, a menace to the elite, and a cautionary tale about the price of power. - Get History For Weirdos merch ⁠⁠⁠⁠⁠⁠⁠⁠here⁠⁠⁠⁠⁠⁠⁠⁠! - Thank you for listening Weirdos! Show the podcast some love by rating & subscribing on whichever platform you use to listen to podcasts. Your support means so much to us. Let's stay in touch 👇 Email: historyforweirdos@gmail.com IG/Threads: @historyforweirdos Website: ⁠⁠⁠⁠⁠⁠⁠⁠⁠⁠historyforweirdos.com⁠⁠⁠⁠⁠⁠⁠ Learn more about your ad choices. Visit podcastchoices.com/adchoices",4002004,False,4DPi7SkwdpvwYlm0HFgOY4,en,Episode 161: The Kingfish vs. Oligarchs - Huey Long’s War for the Working Class,2025-10-06,,,,,
"Download iScanner using the link below and make your paper mess a whole lot smarter https://bit.ly/Geoff_iScanner--What Crossing Europe by Train REALLY Looks Like (It's Not Fun) https://youtu.be/JjyAR2tvqwU--📖 Subscribe to my Substack! 👉 https://geographicgeoff.substack.com--🌳 Find me: https://linktr.ee/geoffgibson🗺️ Map store: https://mapsbygeoff.com--Think of the world’s great cities. New York, London, Tokyo, Paris. Their names evoke powerful images and a clear sense of identity. Now, think of China. You probably picture Beijing’s Forbidden City or Shanghai’s futuristic skyline. But what about Chongqing (chongchin), Chengdu, or Tianjin? These are not small regional towns or even mid-sized cities; they are sprawling metropolises, each with a population that dwarfs that of Rome, Berlin, or Chicago. In fact, China has over a dozen cities with more than 10 million people, yet most of them remain completely anonymous to the outside world. So why don’t we know more about them?--Stock footage and music acquired from www.envato.com, www.storyblocks.com and videvo.net. If you think there's been an error in using a video clip, please contact me.This has been a production of Sound Bight Media (soundbight.com)",938752,False,3eQ0O12ftiZSwTxMSfJF4c,en,Why You've Never Heard Of China's Largest Cities,2025-10-07,,,,,
"Epidemiologist Brian Lee, PhD, discusses his study on acetaminophen use during pregnancy and children's risk of autism and other neurodevelopmental disorders in this interview with JAMA Deputy Editor Linda Brubaker, MD.  Related Content:  Acetaminophen Use in Pregnancy—Study Author Explains the Data ",1004826,False,6GxJyMH5NFF3hqq7rHTrGY,en,Acetaminophen Use in Pregnancy and Risk of Autism,2025-09-29,,,,,
"The rate of smoking cigarettes has steadily declined since the 1960s – when Congress required warnings on cigarette boxes. Research shows that people are more likely to try to quit smoking when they’re under 40. But a new study in the journal The Lancet Healthy Longevity shows that quitting later in life can still be beneficial – and could possibly lower your risk for dementia. For this and more news from the science journals, Short Wave hosts Regina G. Barber and Emily Kwong talk with All Things Considered host Mary Louise Kelly.Interested in knowing more about science behind the headlines? Email us your question at shortwave@npr.org.Listen to every episode of Short Wave sponsor-free and support our work at NPR by signing up for Short Wave+ at plus.npr.org/shortwave.Learn more about sponsor message choices: podcastchoices.com/adchoicesNPR Privacy Policy",603219,False,2JXP3ZkMkEEg4OhIMMU5ql,en-US,Science Says Quitting Smoking At Any Age Is Good For The Brain,2025-10-17,,,,,
"What would Olivia Pope do..?  #popsiclepartner Thank you to Popsicle for sponsoring this episode! https://www.popsicle.com/us/en/products.html  All Proceeds from tonight's episode will go towards The Coalition of Humane Immigrant Rights https://www.chirla.org/  Tell Me What's Wrong at ⁠ passthatpuss.com  Follow Kerry & Watch “Wake Up Dead Man: A Knives Out Mystery” on Netflix December 12th!  Follow Me! Instagram | @passthatpuss TikTok | @octopusslover8  Listen to ""THERAPUSS"" Spotify: ⁠⁠⁠⁠https://open.spotify.com/show/1BHDdC0OVuHqZ706FobfOF ⁠⁠Apple Podcasts: ⁠⁠⁠⁠https://podcasts.apple.com/us/podcast/therapuss-with-jake-shane/id1723626781⁠⁠ Amazon Podcasts: ⁠⁠⁠⁠https://music.amazon.com/podcasts/93117357-1f23-46e1-8f26-88f5182a68b8/therapuss-with-jake-shane⁠⁠ YouTube: ⁠https://www.youtube.com/@octopusslover8 Learn more about your ad choices. Visit megaphone.fm/adchoices",6061760,True,1YCPxEO5mCqhFH37GNnJpm,en,Session 100: Kerry Washington,2025-10-16,,,,,
"I know she stole your car, but she sounds awesome...  Tell Me What's Wrong at ⁠ passthatpuss.com  Follow Banks! https://hernameisbanks.com/  Follow Me! Instagram | @passthatpuss TikTok | @octopusslover8  Listen to ""THERAPUSS"" Spotify: ⁠⁠⁠⁠https://open.spotify.com/show/1BHDdC0OVuHqZ706FobfOF ⁠⁠Apple Podcasts: ⁠⁠⁠⁠https://podcasts.apple.com/us/podcast/therapuss-with-jake-shane/id1723626781⁠⁠ Amazon Podcasts: ⁠⁠⁠⁠https://music.amazon.com/podcasts/93117357-1f23-46e1-8f26-88f5182a68b8/therapuss-with-jake-shane⁠⁠ YouTube: ⁠https://www.youtube.com/@octopusslover8 Learn more about your ad choices. Visit megaphone.fm/adchoices",2643797,False,0YFhz0u95VndHIvY4R0Eio,en,Session 103: Banks,2025-10-25,,,,,
"Let’s close out Season 7! Zachary and Emma look back on seven months of thought-provoking positive conversations, from global politics to the depths of sci-fi, exploring how to stay hopeful in a world hooked on negative news. They dive into protecting your mental health by controlling your news intake while also celebrating how social media platforms empower 8 billion voices to be heard!What Could Go Right? is produced by The Progress Network and The Podglomerate.For transcripts, to join the newsletter, and for more information, visit: theprogressnetwork.orgWatch the podcast on YouTube: ⁠⁠⁠https://www.youtube.com/theprogressnetwork⁠⁠⁠And follow us on X, Instagram, Facebook, TikTok: @progressntwrk Learn more about your ad choices. Visit megaphone.fm/adchoices",3063978,False,0iRXasZpsrktOREHbhrupY,en,Turning Down the Headline Noise,2025-10-08,,,,,
"It’s been one year since Vice President Kamala Harris and then-Democratic nominee was coming down to her final days of the 2024 presidential campaign against Donald Trump. She spent 107 days on the road in a bid to earn their vote, but it wasn’t enough. Almost one year later, she’s had time to reflect. In a wide-ranging conversation at Fortune’s Most Powerful Women summit, Harris joined Fortune’s Editor in Chief Alyson Shontell at the Washington National Cathedral to discuss the growing divides between Republicans and Democrats, how the government is not meeting Americans’ basic needs, and why not inviting Elon Musk to the White House was a “mistake”. Learn more about your ad choices. Visit megaphone.fm/adchoices",1969280,False,3mUzIySjOTaAkE9qafYbyZ,en,Kamala Harris says the ‘Glass Cliff’ Suggests Finality: “I’m Not Into That”,2025-10-15,,,,,
"The internet is abuzz with accusations that artificial intelligence is using up tons of energy and water. People are even protesting the building of new AI data centers, saying they’ll put a huge strain on local resources. But some AI defenders say that this fear is overblown and that AI isn’t actually that bad for the environment. So who’s right? We talk to science and tech reporters Casey Crownhart and James O’Donnell, and computer scientist Prof. Shaolei Ren.   UPDATE, 11/13/25: This episode has been updated to note that some AI companies advertise on the show.  Find our transcript here: https://bit.ly/ScienceVsAIEnvironment   Read James and Casey's article here: https://www.technologyreview.com/2025/05/20/1116327/ai-energy-usage-climate-footprint-big-tech/    Check out the Mythbusters GPU/CPU demonstration here: https://www.youtube.com/watch?v=WmW6SD-EHVY   In this episode, we cover: (0:00) Chapter One: No More AI For Dank Memes?! (3:34) Chapter Two: How Much Energy Does Your AI Query Use? (15:37) Chapter Three: How Much Energy Does AI Use Total? (21:18) Chapter Four: Is AI Drinking All Our Water? (29:29) Chapter Five: Should You Quit Using AI?  This episode was produced by Rose Rimler and Blythe Terrell, with help from Meryl Horn and Michelle Dang. We’re edited by Blythe Terrell. Fact checking by Diane Kelly. Mix and sound design by Bobby Lord. Music written by Emma Munger, So Wylie, Peter Leonard, Bumi Hidaka and Bobby Lord. Thanks to all the researchers we reached out to, including Prof. Melissa Scanlan, and special thanks to Andrew Pouliot and Jesse Rimler.  Science Vs is a Spotify Studios Original. Listen for free on Spotify or wherever you get your podcasts. Follow us and tap the bell for new episode notifications.  Learn more about your ad choices. Visit podcastchoices.com/adchoices",2153012,False,3yNgnYgjTUJAk5VkOLCncr,en,AI: Is It Ruining the Environment?,2025-11-13,,,,,
"This is not an easy story to tell. In the town where I live, Bellingham, Washington, there’s a beautiful urban creek. It flows just four miles from a lake, through a city park, down through the town to the sea. But in the summer of 1999, disaster struck. A gasoline pipeline ruptured, causing an explosion. Young lives were lost, and the creek and the ecosystems around it were obliterated.  But amid the destruction, amid all the loss, the creek found a way to find life again. And the people of Bellingham somehow found a way to move forward.  This is a story about the strength of the human spirit and how a community, a creek, and the once-thriving forest that it passed through began to recover after losing so much.  We would like to dedicate this episode to the memory of Liam Wood, Wade King and Stephen Tsiorvas. Our hearts go out to their families. Enjoy BONUS CONTENT and help us continue to create this special immersive storytelling by joining THE WILD Patreon community at www.patreon.com/chrismorganwildlife and you can donate to KUOW at kuow.org/donate/thewild. Thank you. THE WILD is a production of KUOW in Seattle in partnership with Chris Morgan Wildlife and Wildlife Media. It is produced by Matt Martin and Lucy Soucek, and edited by Jim Gates. It is hosted, produced and written by Chris Morgan. Fact checking by Apryle Craig. Our theme music is by Michael Parker. We'll be back in your feed in two weeks on December 2. Have a happy and safe Thanksgiving holiday! Follow us on Instagram @chrismorganwildlife and @thewildpod for more adventures and behind the scenes action.Support the show: https://www.patreon.com/c/ChrisMorganWildlifeSee omnystudio.com/listener for privacy information.",2634893,False,0oUjgmHgeFgaG4ObMu8AJb,en,"The story of Whatcom Creek: an explosion, a tragedy, and a rebirth",2025-11-18,,,,,
"How do you tell the entire history of humanity in a single book? Whatever you do, do not open a browser window. Thanks to Dorsa Amir, Duncan Stibbard Hawkes and David Perry for help researching and fact-checking this episode!Where to find us: Our PatreonOur merch!Peter's newsletterPeter's other podcast, 5-4Mike's other podcast, Maintenance PhaseSources:A Response to Yuval HarariYuval Noah Harari’s History of Everyone, EverHow Humankind Conquered the WorldThe revolution that wasn'tAdvances In The Study Of The Origin Of Humanness21 Lessons for the 21st Century is a banal and risible self-help bookAre Human Rights Western? Bonaparte in EgyptShip of FoolsThe Dangerous Populist Science of Yuval Noah HarariA Reductionist History of HumankindHarari, Sapiens and historical accuracyThe Broad Spectrum Revolution at 40The Neolithic Revolution in the Middle EastWas the Agricultural Revolution a Terrible Mistake?The Darker Side of the ""Original Affluent Society""Harari's world historyCompassion with Justice: Harari’s Assault on Human RightsReconsidering the link between past material culture and cognition Thanks to Mindseye for our theme song!",5898005,False,1IeSWFtBEaYEIblkXTcuu2,en,Sapiens,2025-11-20,,,,,
"Most people think personal branding is for the loudest voices in the room. But Goldie Chan, longtime creator and author of Personal Branding for Introverts, believes the opposite; introverts have superpowers that make them uniquely equipped to shape a personal brand with depth, clarity, and impact. Goldie has built a global audience with her signature green hair, thoughtful storytelling, and approachable advice for people who don’t want to pretend to be someone they’re not. In this episode of Hello Monday, she sits down with Jessi Hempel for a practical, generous conversation about how introverts can build a personal brand that feels authentic, sustainable, and true to who they are. Jessi and Goldie discuss:    Why personal branding is not about being loud   The difference between reputation (what others say) and personal brand (what you say)   Goldie’s 5 Cs framework: clarity, consistency, competency, confidence, and community   What it really means to be an introvert   How “loud introverts” can manage energy, show up powerfully, and recover afterward   Tips for networking without draining your battery, from scripts to small-group strategy   Why “evergreen content” is your friend, and how to build a sustainable posting cadenceThe power of making mistakes in an AI-saturated world   How to evolve your brand over time without confusing your audience   Practical advice for job seekers, career pivoters, and anyone afraid of climbing “Cringe Mountain”  Goldie’s message is clear: introverts don’t need to become extroverts to build a meaningful presence. They just need the right tools, and permission to build a brand in a way that honors their energy, creativity, and voice. Continue the conversation at Hello Monday Office Hours! Join us this Wednesday at 3 PM ET on the LinkedIn News page. Want more? Watch the full conversation with Goldie Chan with LinkedIn Premium.",1777344,False,4mHKagjqbJR6vitoKLSVxg,en,The Introvert’s Guide to Personal Branding,2025-11-17,,,,,
"Well Played headed to the West Coast for a LIVE podcast recording at the NWSL Championship weekend. Joined by special guests Sarah Spain, we recapped the NWSL awards, handed out a few of our own (hi, Midge Purce), and set the scene for the title match, including alll the drama the led to the big game. Plus, we mentioned our favorite storylines from a season that proved — yet again — that women’s soccer is operating on another level.   theSkimm’s IG: @theskimm Blake’s IG: @blaaakkkke Caroline’s IG: @cghendy Sarah's IG: spain2323  Want more sports? Sign up for theSkimm’s sports newsletter at theskimm.com/sports. Learn more about your ad choices. Visit megaphone.fm/adchoices",1817258,False,7w610dH1m3YO50Dtxi6HlM,en,Well Played LIVE at the National Women's Soccer League Championship with Sarah Spain,2025-11-24,,,,,
"Amy hangs with actress, singer, and entrepreneur Selena Gomez to talk about the fake orange peels in her home, working with legends Steve Martin and Martin Short on 'Only Murders in the Building,' and the adults who ride their suitcases through airports.  Host: Amy Poehler Guests: Selena Gomez and Martin Short Executive Producers: Bill Simmons, Amy Poehler, and Jenna Weiss-Berman For Paper Kite Productions: Executive producer Jenna Weiss-Berman, coordinator Sam Green, and supervising producer Joel Lovell For The Ringer: Supervising producers Juliet Litman, Sean Fennessey, and Mallory Rubin; video producers Jack Wilson and Aleya Zenieris; audio producer Devon Baroldi and Nick Kosut; video editor Drew van Steenbergen; and booker Kat Spillane Original Music: Amy Miles  Order Sephora on Uber Eats today. Learn more about your ad choices. Visit podcastchoices.com/adchoices",3793045,False,2eYyckyYwBuHM53pmMT0tZ,en,Selena Gomez,2025-09-09,,,,,
"1. Time Unveils Its 2025 Person of the Year: A Group Dubbed ‘Architects of AI’ (Today) (21:12) 2. Khloé Kardashian shoots her shot with hot high school teacher in flirty comment on viral video (Page Six) (31:16) 3. Paramount Skydance may raise bid for Warner Bros. Discovery by 10% after going hostile: sources (NY Post) (35:40) 4. Loverboy founder Kyle Cooke caught shotgunning competitor Truly after Hannah Berner feud (Page Six) (38:52) 5. Taylor Swift was riddled with anxiety, scared to continue Eras Tour after Vienna terror threat: ‘Dodged a massacre’ (Page Six) (47:55)  - Jenny McCarthy interview (1:03:13)  The Toast with Jackie (@JackieOshry) and Claudia Oshry (@girlwithnojob) The Toast Patreon Toast Merch Girl With No Job by Claudia Oshry The Camper & The Counselor Learn more about your ad choices. Visit megaphone.fm/adchoices",5882005,False,10i5gHbO2XNcvcAkKABqYn,en,"The Story Of Us: Friday, December 12th, 2025",2025-12-12,,,,,
"Tina Fey knows you have to kill every time. Amy hangs with her comedy wife, talking about being a workaholic, going on tour together, and the joys of watching Pat Battle on NBC.Host: Amy PoehlerGuests: Tina Fey, Seth Meyers, Zarna Garg, Rachel Dratch, and Fred ArmisenExecutive Producers: Bill Simmons, Amy Poehler, and Jenna Weiss-BermanFor Paper Kite Productions: Executive producer Jenna Weiss-Berman, coordinator Sam Green, supervising producer Joel LovellFor The Ringer: Supervising producers Juliet Litman, Sean Fennessey, and Mallory Rubin; Video producers Jack Wilson and Belle Roman; Audio producer Kaya McMullen, Video editor Drew van Steenbergen, booker Kat SpillaneOriginal Music: Amy Miles Learn more about your ad choices. Visit podcastchoices.com/adchoices",3309098,False,5cg9rFd8lcLwq9TRLXTc5y,en,Tina Fey,2025-03-18,,,,,
"Kristen Wiig is volunteering to make Metallica quieter. Amy hangs with her fellow 'SNL' alum and talks about a psychic telling her to move to LA, the on-boarding process at SNL, and feeling sad for inanimate objects. Host: Amy PoehlerGuests: Bill Hader and Kristen WiigExecutive Producers: Bill Simmons, Amy Poehler, and Jenna Weiss-BermanFor Paper Kite Productions: Executive producer Jenna Weiss-Berman, coordinator Sam Green, and supervising producer Joel LovellFor The Ringer: Supervising producers Juliet Litman, Sean Fennessey, and Mallory Rubin; video producers Jack Wilson and Chris Wohlers; audio producer Kaya McMullen; video editor Drew van Steenbergen; and booker Kat SpillaneOriginal Music: Amy Miles  Introducing Visible Inner Circle: Connect accounts with anyone, share the savings.  Join for $25/mo. Add a premium plan and save $5/mo. Visit https://www.visible.com/plans/inner-circle Learn more about your ad choices. Visit podcastchoices.com/adchoices",3776917,False,1YSo7gVc4M0IwvHCBA2ELF,en,Kristen Wiig,2025-09-30,,,,,
"In this episode of I’ve Got Questions, I break down the impact AI will have on the workforce.  Companies will change how they hire, job titles will be going away, working with AI will become the expectation, and right now, there are 7 non-negotiable skills you should focus on building for the AI age.  00:00 – Intro 02:10 – Skill #1 05:00 – Skill #2 07:00 – Skill #3 09:30 – Skill #4 11:00 – Skill #5 12:00 – Skill #6 14:00 – Skill #7 15:25 – What This All Means for You (And Why You’re Not Late)  Follow my work here: Substack: https://sineadbovell.substack.com Website: https://www.sineadbovell.com Instagram: https://www.instagram.com/sineadbovell LinkedIn: https://www.linkedin.com/in/sineadbovell Twitter / X: https://twitter.com/SineadBovell YouTube: https://www.youtube.com/Sineadbovell TikTok: https://www.tiktok.com/@sineadbovell",985856,False,0iexgY8bF6B0JfqiKaKZjq,en,7 Skills You Need to Stay Employed in the Age of AI,2025-12-11,,,,,
"this is the year we end our phone addiction.if you’re tired of feeling anxious, overstimulated, distracted and constantly pulled toward your phone, this episode is for you. today we’re talking about realistic and attainable ways to actually break our phone addictioni’m sharing the exact things i’ve been doing to reduce my screen time, how i keep my phone out of reach, what i replace scrolling with, and the small habit shifts that have made the biggest difference in my mental health, productivity +presence as a mom.🤎 this episode is for you if:— you feel overwhelmed by your screen time habits— you keep saying “i’ll fix it in january”— your phone is stealing your presence with people you love— you want to feel calmer + more focused— you’re craving a healthier relationship with technologywhether you choose one tip or try them all, this episode will help you reclaim your time + presence before 2026 even gets here.timestamps:0:00 we are going to break our screen time habits before 20252:35 this is the easiest time to give up4:20 the emotional + relational impact of constant screen time5:40 how to make your phone harder to use (real strategies that work)12:20 what to replace scrolling with (reading, hobbies, analog routines)16:06 creating phone-free rhythms + boundaries that stick20:35 a challenge to start breaking your phone addiction before 2026🎧 Read the blog post to go with this episode: https://victoriaharderxo.com/2025/11/21/tips-to-actually-break-your-phone-addiction-for-2026/?_thumbnail_id=294🎧 About the podcast:Hot Mess Habits is the podcast for the high-achieving, want-to-be-organized girly who struggles with consistency and traditional productivity advice. We chat habits, routines, and current obsessions for the everyday, Type b girl.New episodes every week → HOT MESS HABITSLET'S HANG OUT:Instagram: https://www.instagram.com/victoriaharderxo/Podcast Instagram: https://www.instagram.com/hotmesshabits/TikTok: https://www.tiktok.com/@victoriaharderxoSHOP W ME:SHOPMY (gift guides, wfh must haves, mom life faves): https://shopmy.us/shop/victoriaharderxoAmazon CANADA storefront (best gift guides!!): https://www.amazon.ca/shop/leviandvictoriacreative",1356478,False,0asmpVhVwyShksDvaZeBsz,en,we are getting un-addicted to our phones in 2026 | tips to *ACTUALLY* break your phone addiction and be productive,2025-11-21,,,,,
"U.S. Secretary of State Marco Rubio and Senator Chuck Schumer join ABC's ""This Week"" with George Stephanopoulos to talk about the capture of Venezuelan president Nicholas Maduro and the country's future.    Learn more about your ad choices. Visit podcastchoices.com/adchoices",2995931,False,5UeytRiZYmdQiPiQLeCfOE,en,"Full Episode: Sunday, January 4, 2026",2026-01-04,,,,,
"📬 New year, new sleep — and a new way to connect.When you subscribe to our PREMIUM feed, you’ll also get free access to The Rest Report, our free weekly sleep newsletter with science-backed tips, simple routines, and practical tools to help you rest better — plus updates straight from me.As a bonus, from now until February 1st, unlock a FREE MONTH of premium access to White Noise & Sleep Sounds (12 Hours) with code NEWSLEEP 👉 https://white-noise-sleep-sounds.supercast.com/?coupon=NEWSLEEPOur new PREMIUM feed includes benefits like:🔓 Ad-free & Intro-free access 😁 Access to our new feeds like ""Binaural Beats,"" ""Sleep Music,"" ""Meditations,"" ""Sleep Stories,"" ""Bible Stories,"" ""Myths, Mysteries, and Conspiracies,"" and ""Calm Your Pet"" (coming soon!)🧑‍🔧 Loops, edits, and fades removed from all episodes 🧘‍♂️ Improved and remixed episodes for maximum audio quality and enjoyment 🔍 Variety of playlists to help you find your favorite episode 🎥 Access to Video episodes 🙋 Gotta request? Gotta question? Access to our member-exclusive forum to Ask Me Anything (AMA) 📬 Free access to The Rest Report — our free weekly sleep newsletter with science-backed tips, routines, and tools to help you rest better 👉 https://restreport.beehiiv.com👕 Discounts on our sleep products, merch, and much more! (coming soon!)🙏 My sincere gratitude for your support---Our listenership is valued! If these Sleep Sounds have been helpful for you, I'd be so grateful if you'd rate the show on either Spotify or Apple Podcasts🙏---White Noise & Sleep Sounds (12 Hours) is the world’s best and most trusted sleep sound podcast, where we’ve helped millions of listeners find it easier to achieve deep sleep, study, relax, focus, meditate, mask unwanted noise, and overcome anxiety. Great for all ages, soothing babies, and pet anxiety too!!!Our White Noise, Pink Noise, Brown Noise, Nature Sounds, Sleep Stories, Meditations, Binaural Beats, and many other custom Sleep Sounds offer 3 hours of continuous calm to help you sleep 💤 and find your inner peace 🙏---Follow us on Instagram & TikTok & YouTube @12hourwhitenoiseFollow us on X (formerly known as Twitter) @sleepwithnoiseFollow us on Facebook @whitenoiseandsleepsounds---Have a sound you'd like to hear? Email ⁠⁠⁠support@12hourwhitenoise.com⁠⁠⁠ or visit ⁠⁠12hourwhitenoise.com⁠⁠⁠⁠ 😊---VIEW DISCLAIMER⁠⁠⁠ ⁠at ⁠⁠12hourwhitenoise.com/disclaimer⁠⁠---© White Noise & Sleep Sounds (12 Hours), LLC. All rights reserved. Any reproduction or republication of all or part of this content is strictly prohibited.---See Privacy Policy at https://art19.com/privacy and California Privacy Notice at https://art19.com/privacy#do-not-sell-my-info.",42934988,False,5agi8vHcNPu0z4qjugJ66y,en,👉 We’ve Got a Newsletter! For Better Sleep 📬😴,2026-02-12,,,,,
"Diet TBPN delivers the best of today’s TBPN episode in under 30 minutes. TBPN is a live tech talk show hosted by John Coogan and Jordi Hays, streaming weekdays 11–2 PT on X and YouTube, with each episode posted to podcast platforms right after. Described by The New York Times as “Silicon Valley’s newest obsession,” the show has recently featured Mark Zuckerberg, Sam Altman, Mark Cuban, and Satya Nadella.TBPN.com is made possible by: Ramp - https://Ramp.comAppLovin - https://axon.aiCognition - https://cognition.aiConsole - https://console.comCrowdStrike - https://crowdstrike.comElevenLabs - https://elevenlabs.ioFigma - https://figma.comFin - https://fin.aiGemini - https://gemini.google.comGraphite - https://graphite.comGusto - https://gusto.com/tbpnLabelbox - https://labelbox.comLambda - https://lambda.aiLinear - https://linear.appMongoDB - https://mongodb.comNYSE - https://nyse.comPhantom - https://phantom.com/cashPlaid - https://plaid.comPublic - https://public.comRailway - https://railway.comRamp - https://ramp.comRestream - https://restream.ioShopify - https://shopify.comTurbopuffer - https://turbopuffer.comVanta - https://vanta.comVibe - https://vibe.coFollow TBPN: https://TBPN.comhttps://x.com/tbpnhttps://open.spotify.com/show/2L6WMqY3GUPCGBD0dX6p00?si=674252d53acf4231https://podcasts.apple.com/us/podcast/technology-brothers/id1772360235https://www.youtube.com/@TBPNLive",2136170,False,0ViFeL2DTvhgQyB5PY7vK9,en,"Dan Wang's Annual Letter, Meta Acquires Manus, Nvidia's $20B Groq Deal | Diet TBPN",2026-01-06,,,,,
1. Alix Earle Launches YouTube Interview Series ‘Get Real With Me’ (Variety) (20:26) 2. Harry Styles announces new disco-themed album ahead of MSG residency (Page Six) (28:24) 3. Caitlyn Jenner breaks silence on daughter Kylie’s romance with Timothée Chalamet (Page Six) (34:57) 4. New twist in Ashley Tisdale ‘toxic’ mom group drama with movie execs eyeing film version (Page Six) (38:19) 5. Jennifer Lawrence Thinks She Missed Out On ‘Once Upon a Time In Hollywood’ Role Because Trolls Said She Was “Not Pretty Enough To Play Sharon Tate” (Deadline) (41:48)  - Queenie and Weenie of The Week (47:33)  The Toast with Jackie (@JackieOshry) and Claudia Oshry (@girlwithnojob)  ⁠⁠⁠⁠⁠⁠⁠⁠⁠The Toast Patreon ⁠⁠⁠⁠⁠⁠⁠⁠⁠⁠ ⁠⁠⁠⁠⁠⁠⁠⁠⁠⁠Toast Merch ⁠⁠⁠⁠⁠⁠⁠⁠⁠⁠ ⁠⁠⁠⁠⁠⁠⁠⁠⁠⁠Girl With No Job by Claudia Oshry ⁠⁠⁠⁠⁠⁠⁠⁠⁠⁠ ⁠⁠⁠⁠⁠⁠⁠⁠⁠⁠The Camper & The Counselor⁠⁠⁠⁠⁠⁠⁠⁠⁠⁠ ⁠⁠⁠⁠⁠⁠⁠⁠⁠⁠Lean In Learn more about your ad choices. Visit megaphone.fm/adchoices,3285333,False,1UP4YgNapvdbC6YXgxmiHv,en,"A Queenie in Both Hands: Friday, January 16th, 2026",2026-01-16,,,,,
"🎆 NEW YEAR, BETTER SLEEP. Enjoy a FREE MONTH of premium & ad-free listening 👉 https://white-noise-sleep-sounds.supercast.com/?coupon=NEWSLEEP---Per listener feedback, I created a version with less crackling of ice. Enjoy! 🙏Nestled snugly within a cozy cabin, you find solace amidst an icy snowstorm. The blizzard outside unleashes its fury, with the wind's ethereal howl striking your shelter's walls and windowpane. These elements narrate the battle between nature's raw power and the warm refuge you've found. As you huddle inside by the fire's comforting glow, the constant whirl of the storm serves as a reminder of the untamed world beyond, all while your sanctuary keeps you safe and sound.Although there may be an ad or two at the very beginning of this free episode, you can rest assured that there will be no further interruptions or ads once the Sleep Sound begins 😴❗ ❗ To support this podcast and unlock all the ad-free and intro-free episodes, along with other benefits, SUBSCRIBE at ⁠⁠https://12hourwhitenoise.supercast.com⁠⁠ ❗ ❗---Your listenership is valued! If these Sleep Sounds have been helpful to you, I'd be so grateful if you'd rate the show on either Spotify or Apple Podcasts🙏---White Noise & Sleep Sounds (12 Hours) is the world’s best and fastest-growing sleep sound podcast, where we’ve helped millions of listeners find it easier to achieve deep sleep, study, relax, focus, meditate, mask unwanted noise, and overcome anxiety. Great for all ages, soothing babies, and pet anxiety too!Our White Noise, Pink Noise, Brown Noise, Nature Sounds, Sleep Stories, Meditations, Binaural Beats, and many other custom Sleep Sounds offer 12 hours of continuous calm to help you sleep💤and find your inner peace🙏---Follow us on ⁠⁠⁠⁠⁠Instagram⁠⁠⁠⁠⁠ & ⁠⁠⁠⁠⁠TikTok⁠⁠⁠⁠⁠ & ⁠⁠⁠⁠⁠YouTube⁠⁠⁠⁠⁠ @12hourwhitenoiseFollow us on ⁠⁠⁠⁠⁠X (formerly known as Twitter)⁠⁠⁠⁠⁠ @sleepwithnoiseFollow us on ⁠⁠⁠⁠⁠Facebook⁠⁠⁠⁠⁠ @whitenoiseandsleepsounds---Have a sound you'd like to hear? Email ⁠⁠⁠⁠⁠⁠support@12hourwhitenoise.com⁠⁠⁠⁠⁠⁠ or visit ⁠⁠⁠⁠⁠12hourwhitenoise.com⁠⁠⁠⁠⁠⁠⁠ 😊---💤 Keywords: Blizzard | Icy | Snowstorm | Storm | Rain | Rainstorm | Thunderstorm | Shower | Pitter-Patter | Winds | 12 Hour | 12 Hour Sounds Machines | ADHD | Alpha | Ambient | Ambient Noise | Ambience | Anxiety | ASMR | Asti | Autism | Baby | Background Noise | Beach | Bed | Bedtime Sounds | Best | Best Noise for Sleep | Best Sleep Sounds | Best Sound Machine | Best White Noise | Binaural Beats | Box Fan | Brain Wave | Brown Noise | Brown Noise for Sleep | Brown Noise Machine | Brown Noise Sound | Calm | Calming Sounds | Calming Sounds for Sleep | City | Cityscape | Clean | Concentrate | Concentration | Continuous | Deep Sleep | Deep Sleep Machine | Deep Sleep Pink Noise | Deep Sleep Sounds | Delta | Depression | Dohm | Drone | Evo | Fall Asleep | Fall Asleep Faster | Fan | Fan Sound Machine | Focus | Free | Gamma | Hatch | Health | Heavy Rain | Insomnia | Insomniac | Lightning | Loud White Noise | Lectrofan | Loopable | Massage | Marpac | Meditate | Meditation | Mental Health | Most Relaxing Sounds for Sleep | Nature Sounds | Newborn | Night Sounds for Sleeping | Noise Machine | Noise Machine for Sleeping | Ocean | Oscillating Fan | Pet | Pink Noise | Pink Noise for Deep Sleep | Pink Noise Machine | Pink Noise Sound Machine | Pink Sound | Pink Sound Machine | Rain | Rainstorm | Relax | Relaxation | Relaxing Sounds for Sleep | Relaxing White Noise | Rest | Restful | Rohm | Sleep | Sleep Machine | Sleep Music | Sleep Noise | Sleep Sound | Sleep Sounds | Sleep Stories | Sleep Story | Snoring | Sooth a Baby | Soothing Sleep Sounds | Soothing Sounds | Sound Asleep | Sound Cancellation | Sound Machine for Sleep | Sound Machine White Noise Generator | Sound Machines | Sound Masking | Soundscape | Sounds to Fall Asleep To | Sounds to Help Sleep | Sounds to Help You Fall Asleep | Sounds to Help You Sleep | Sounds to Make You Sleep | Sounds to Sleep To | Sounds to Make Me Sleep | Storm | Stress | Study | Studying | Thunder | Thunderstorm | Tinnitus | Travel | Uninterrupted | Water | Waves | Wellness | Well-being | Wellbeing | White and Pink Noise | White Noise | White Noise for Sleep | White Noise Machine | White Noise Music | White Noise Newborn | White Noise Sleep Machine | White Noise Sleep Sounds | White Noise Sound | White Noise Sound Machine | White Noise Waves | Wind | Yoga | Zen---⁠VIEW DISCLAIMER⁠⁠⁠⁠ ⁠at ⁠⁠⁠12hourwhitenoise.com/disclaimer⁠⁠⁠---© White Noise & Sleep Sounds (12 Hours), LLC. All rights reserved. Any reproduction or republication of all or part of this content is strictly prohibited.---See Privacy Policy at https://art19.com/privacy and California Privacy Notice at https://art19.com/privacy#do-not-sell-my-info.",42999300,False,2R7kCXYK7ks55cj1crc0nC,en,Blizzard & Snowstorm | Sleep Sound (12 Hours),2026-01-14,,,,,
"What the f*ck is in Accutane? Magic...  Thank you to Bumble for sponsoring this episode! Ready to meet someone great? Take this as your sign—download Bumble! https://bumble.onelink.me/3396940749/samrji33  Tell Me What's Wrong at ⁠ passthatpuss.com  Follow Rachel & Watch “I Love LA” Premiering on HBO Max November 2nd! @treaclychild  Follow Me! Instagram | @passthatpuss TikTok | @octopusslover8  Listen to ""THERAPUSS"" Spotify: ⁠⁠⁠⁠https://open.spotify.com/show/1BHDdC0OVuHqZ706FobfOF ⁠⁠Apple Podcasts: ⁠⁠⁠⁠https://podcasts.apple.com/us/podcast/therapuss-with-jake-shane/id1723626781⁠⁠ Amazon Podcasts: ⁠⁠⁠⁠https://music.amazon.com/podcasts/93117357-1f23-46e1-8f26-88f5182a68b8/therapuss-with-jake-shane⁠⁠ YouTube: ⁠https://www.youtube.com/@octopusslover8 Learn more about your ad choices. Visit megaphone.fm/adchoices",5575467,True,015Mbu8aeLS9DAZyAzHNeC,en,Session 102: Rachel Sennott,2025-10-23,,,,,
"J&J touch on the Ashley Tisdale friend-group drama and how being quietly dropped by friends feels a lot like modern dating, where things just fade out instead of ending with an honest conversation. J&J dive into listener emails, starting with a listener wondering if dating someone with zero social media in 2026 is normal or a red flag? They debate a messy breakup dog custody case in a classic petty or prudent, breaking down responsibility, fairness, and post-breakup guilt. Advice continues with how to deal with single friends who complain about dating but refuse to actually go on dates?!  They end the episode with some fun red flag or dealbreaker about eating fries with a fork, to splitting a pricey bottle of wine and giving big birthday gifts too early. Learn more about your ad choices. Visit megaphone.fm/adchoices",4302208,True,7MCxGf8YzqkyWoVGuPmHpo,en,My Ex Wants Our Dog Back,2026-01-21,,,,,
 Sleep Faster with Gentle Rain Sounds and Dark Screen. Stop Insomnia with Rain Sounds. Block Noise so you Don't wake up. Soothing Rain to Sleep Longer.   ,40142356,False,4tc463dQl21sLkDUmmcnvQ,en-US,🔴 Gentle Night Rain to Sleep FAST + Black Screen - Rain Sounds for Sleeping,2025-01-15,,,,,
" 🌧️ 12-Hour Black Screen Rain Sounds | Sleep & Relaxation | No Ads 🌧️  Welcome to your ultimate relaxation destination! Immerse yourself in 12 hours of soothing black screen rain sounds, meticulously designed to help you sleep better and unwind. Perfect for sleep, meditation, studying, or simply creating a calming atmosphere, this stream features uninterrupted, high-quality rain audio with no ads, ensuring a seamless experience.  ✨ What You’ll Experience:  Deep Sleep: Drift off effortlessly with the gentle sound of rain. Stress Relief: Create a peaceful environment to relax and recharge. Focus & Productivity: Ideal background noise for studying or working.  🔔 Why Choose Our Stream?  No Interruptions: Enjoy 12 hours of continuous rain sounds without any ads. Visual Relaxation: The black screen prevents distractions, making it easier to relax and sleep. High-Quality Audio: Professionally recorded to provide the most soothing experience. Join our community of relaxation enthusiasts and transform your sleep routine. Don’t forget to like, subscribe, and share for more tranquil soundscapes!  sonidos de lluvia, sons de la pluie, Regengeräusche, suoni della pioggia, sons de chuva, नींद के लिए बारिश की आवाज़ें  💤 #RainSounds #SleepSounds #Relaxation #NoAds #MeditationMusic #StudyMusic #DeepSleep #CalmingSounds #BlackScreenRain  ",40142356,False,1DOd3bQgZHPCQDoBFxYexo,en-US,🌧️ 12-Hour Black Screen Rain Sounds | Sleep & Relaxation | No Ads 🌧️,2025-01-14,,,,,
"Truth-Seeking moments:Fact Check 1 - 6:36 - https://youtu.be/2d7MITbdFHwFact Check 2 - 42:05 - https://youtu.be/BClwtV79UFYFact Check 3 - 45:53 - https://youtu.be/-pjhwHTFZAkFact Check 4 - 54:16 - https://youtu.be/O0-_ml1J0NwFact Check 5 - 1:22:36 - https://youtu.be/NzoUVKSDYqcFollow Dr. Jason Fung here:https://www.doctorjasonfung.com/https://www.youtube.com/channel/UCoyL4iGArWn5Hu0V_sAhK2whttps://x.com/drjasonfung?https://www.facebook.com/jason.fung.313/I'll teach you how to become the media's go-to expert in your field. Enroll in The Professional's Media Academy now: https://www.professionalsmediaacademy.com/00:00 Intro1:27 Nephrology / Controlling Blood Sugar / Diabetes19:40 Weight Loss / Intermittent Fasting34:50 Lowering Insulin40:55 Counting Calories52:33 Set Weight Theory58:29 Hormones1:02:45 Counting Calories Part 21:21:20 Is It All About Calories?1:29:18 Which Meal Should You Skip?1:40:22 Losing Weight On Vacation1:46:38 Future Research1:51:30 Artificial SweetenersHelp us continue the fight against medical misinformation and change the world through charity by becoming a Doctor Mike Resident on Patreon where every month I donate 100% of the proceeds to the charity, organization, or cause of your choice! Residents get access to bonus content, an exclusive discord community, and many other perks for just $10 a month. Become a Resident today:https://www.patreon.com/doctormikeLet’s connect:IG: https://go.doctormikemedia.com/instagram/DMinstagramTwitter: https://go.doctormikemedia.com/twitter/DMTwitterFB: https://go.doctormikemedia.com/facebook/DMFacebookTikTok: https://go.doctormikemedia.com/tiktok/DMTikTokReddit: https://go.doctormikemedia.com/reddit/DMRedditContact Email: DoctorMikeMedia@Gmail.comExecutive Producer: Doctor MikeProduction Director and Editor: Dan OwensManaging Editor and Producer: Sam BowersEditor and Designer: Caroline WeigumEditor: Juan Carlos Zuniga* Select photos/videos provided by Getty Images *** The information in this video is not intended nor implied to be a substitute for professional medical advice, diagnosis or treatment. All content, including text, graphics, images, and information, contained in this video is for general information purposes only and does not replace a consultation with your own doctor/health professional **",7134805,False,6PrM6RVYp5GaQck2FGPOvO,en,Debating Dr. Jason Fung On Calories & Insulin,2025-02-09,,,,,
"Today, I sit down with Arthur Brooks, a renowned social scientist and happiness expert, for a deep dive into the realms of meaning, faith, and love. Our conversation takes unexpected turns as we explore the intersection of spirituality, psychology, and personal growth. From discussing the evolutionary roots of our search for meaning to examining the role of faith in modern life, this episode challenges conventional wisdom and offers fresh perspectives on age-old questions.We cover a wide range of topics, including the importance of boredom in fostering creativity, the dangers of political activism as a substitute for religion, and the keys to a successful marriage. Arthur shares insights from his work with the Dalai Lama, explains why young men are increasingly turning to religion, and offers advice on finding meaning in a world dominated by technology. Whether you're grappling with questions of faith, seeking to understand the nature of love, or simply looking for ways to live a more fulfilling life, this conversation will leave you with plenty to ponder and explore further.Arthur’s latest book with Oprah Winfrey: Build the Life You Want: https://www.amazon.com/Build-Life-You-Want-Science-ebook/dp/B0C38FCTJCAll of Arthur’s books: https://www.amazon.com/stores/Arthur-C.-Brooks/author/B001HOU7REArthur’s online workshop: https://www.scienceofhappier.com/Arthur’s newsletter: https://arthurbrooks.com/newsletterArthur’s column in The Atlantic: https://www.theatlantic.com/projects/how-build-life/Follow Arthur:https://www.instagram.com/arthurcbrooks/https://www.facebook.com/ArthurBrooks/https://x.com/arthurbrookshttps://www.tiktok.com/@arthurcbrooksChapters:0:12  Arthur and Mark's failed music careers6:28   Trading meaning for acclaim11:41 How to live a more meaningful life19:28 Is finding meaning a 1st world problem?22:27 The role of religion and/or spirituality25:43 The meaning struggle for young men and women29:44 Is religion making a comeback?37:48 What's love got to do with it?45:12 The case for religious/spiritual practice49:58 Healthy forms of spirituality55:22 Dealing with toxic people59:52 Spotting the people who will bring you down1:02:44 Marriage and meaningFollow me:https://instagram.com/markmanson/https://twitter.com/IAmMarkMansonhttps://facebook.com/Markmansonnet/https://linkedin.com/in/markmanson/ Learn more about your ad choices. Visit megaphone.fm/adchoices",4282709,True,2ulQjpP1Fe3KsWiefPwVu7,en,How to Build a Life Full of Meaning and Purpose (ft. Arthur Brooks),2025-01-29,,,,,
"View the Show Notes Page for This EpisodeBecome a Member to Receive Exclusive ContentSign Up to Receive Peter’s Weekly NewsletterView our full terms of useIn this quarterly podcast summary (QPS) episode, Peter summarizes his biggest takeaways from the last three months of guest interviews on the podcast. Peter shares key insights from his discussions on diverse topics such as aerobic efficiency and VO2 max with Olav Aleksander Bu; insulin resistance with Ralph DeFronzo; economics of the US healthcare system and cost-saving strategies with Saum Sutaria; diagnosis and treatment of autism, ADHD, and anxiety in children with Trenna Sutcliffe; and strength training with Mike Israetel. Additionally, Peter shares any personal behavioral adjustments or modifications to his patient care practices that have arisen from these fascinating discussions.We discuss:00:00 - Intro01:18 - Overview of topics to be discussed03:58 - Olav Aleksander Bu Pt.2 episode: metrics to track aerobic efficiency and insights about VO2 max, and the ability of increased carbohydrate consumption to boost performance15:46 - The best practices for performing a VO2 max test, the differences between VO2 max training and all-out efforts, and the role of energy intake in endurance performance26:25 - Ralph DeFronzo episode: the pathophysiology of insulin resistance and type 2 diabetes—how they impact different organs, flaws in conventional diabetes treatment, and moreIn the full episode, we also discuss:Understanding type 2 diabetes beyond the traditional triumvirate of features: the “ominous octet” describes changes in other organsPharmacological treatments for insulin resistance and type 2 diabetesThe importance of early detection and intervention in insulin resistanceSaum Sutaria episode: the economic and systemic drivers of high healthcare costs in the U.S.Reducing health care costs: redefining health insurance, lowering drug prices while maintaining innovation, leveraging AI for efficiency, and moreTrenna Sutcliffe episode: insights on autism, ADHD, and anxiety in children—definitions and diagnosisExploring the rising prevalence of autism spectrum disorderTrenna’s views on caring for children with autismMisconceptions around vaccines and autismMike Israetel episode: insights about strength training, minimum effective dose, troubleshooting plateaus, tips for beginners, and moreTopics Peter is interested in exploring in future podcastsMore.Connect With Peter on Twitter, Instagram, Facebook and YouTube",1783466,False,2bpBJHQj2JXXqw3x42if9Q,en-US,"#338 ‒ Peter’s takeaways on aerobic exercise and VO2 max, insulin resistance, rising healthcare costs, treating children with autism and ADHD, and strength training | Quarterly Podcast Summary #4",2025-03-03,,,,,
"I'll teach you how to become the media's go-to expert in your field. Enroll in The Professional's Media Academy now: https://www.professionalsmediaacademy.com/Fact Check #1: 44:50 - https://www.youtube.com/watch?v=W_ZGhRZee9AFact Check #2: 1:14:49 - https://youtu.be/OzvtIXiHjqg00:00 Intro02:20 How He Started08:00 Who Has Access?13:39 Does Prenuvo Actually Save Lives?23:10 Scans Causing Anxiety / False Positives31:46 Harms Of Scanning39:30 False Promises Of Scanning46:52 AI Spine Research56:45 The Psychology Of Good Health1:00:38 Prenuvo vs. Traditional System1:09:53 Brian Johnson / Longevity1:15:15 Biased Research1:25:47 Kim Kardashian's Endorsement1:32:53 Changes He MadeHelp us continue the fight against medical misinformation and change the world through charity by becoming a Doctor Mike Resident on Patreon where every month I donate 100% of the proceeds to the charity, organization, or cause of your choice! Residents get access to bonus content, an exclusive discord community, and many other perks for just $10 a month. Become a Resident today:https://www.patreon.com/doctormike​Let’s connect:IG: https://go.doctormikemedia.com/instagram/DMinstagram​Twitter: https://go.doctormikemedia.com/twitter/DMTwitter​FB: https://go.doctormikemedia.com/facebook/DMFacebook​TikTok: https://go.doctormikemedia.com/tiktok/DMTikTok​Reddit: https://go.doctormikemedia.com/reddit/DMReddit​Contact Email: DoctorMikeMedia@Gmail.comExecutive Producer: Doctor MikeProduction Director and Editor: Dan OwensManaging Editor and Producer: Sam BowersEditor and Designer: Caroline WeigumEditor: Juan Carlos Zuniga* Select photos/videos provided by Getty Images *** The information in this video is not intended nor implied to be a substitute for professional medical advice, diagnosis or treatment. All content, including text, graphics, images, and information, contained in this video is for general information purposes only and does not replace a consultation with your own doctor/health professional **",6252096,False,6TaMMMVgRetNu4ngDQRoKC,en,Do You Need A Full Body MRI Scan? | Prenuvo CEO,2025-03-16,,,,,
"Can a single behaviour predict divorce with 93.6% accuracy? According to body language expert Vanessa Van Edwards, yes. In this episode, we unpack the silent cues that can make or break your marriage, the three fights every couple has, and why resentment is the real relationship killer. Plus, Vanessa shares how Botox might actually change your emotions, her journey from awkwardness to confidence, and the surprising science behind listening.This episode is sponsored by Chime, Hungryroot & Hiya.Chime: Make progress towards a better financial future with Chime. Get started today https://chime.com/UNPLANNED. Hungryroot:  Visit https://hungryroot.com/unplanned and use code UNPLANNED to get 40% off your first box and a free item of your choice. Hiya: Go to https://hiyahealth.com/UNPLANNED and receive 50% off your first order. Get your kids the full-body nourishment they need to grow into healthy adults.  Learn more about your ad choices. Visit podcastchoices.com/adchoices",7752596,False,3yN36GZqcTlGW3tCu1V99B,en,Relationship warning signs & how to be likable w/ body language expert (Vanessa Van Edwards),2025-03-12,,,,,
"Connie Britton Joins Seth and Josh on the podcast this week! She talks all about what it’s like having a fraternal twin sister, growing up going to Singing Eagle Lodge sleep away camp, the skiing incident that scarred her for life, what motherhood in Nashville has been like, COVID-19 experiences filming The White Lotus in Maui, and more! Plus, Connie talks about her new Hallmark reality series “The Motherhood.  Watch more Family Trips episodes: https://www.youtube.com/playlist?list=PLlqYOfxU_jQem4_NRJPM8_wLBrEEQ17B6  Family Trips is produced by Rabbit Grin Productions. Theme song written and performed by Jeff Tweedy.  Visit BaltimoreBaltimore is just a short drive or train ride from New York, Philly, and D.C. Plan your visit today at Baltimore.org   Baltimore: You won’t get it ‘til you get here!” Ancient NutritionRight now, Ancient Nutrition is offering 25% off your first order when you go to AncientNutrition.com/tripsBeamVisit https://shopbeam.com/TRIPS and use code TRIPS to get our exclusive discount of up to 35% off. Learn more about your ad choices. Visit megaphone.fm/adchoices",4102016,True,7qxuwURDlbyG6MNtzf75Nc,en,CONNIE BRITTON Went to Singing Eagle Lodge ,2025-05-20,,,,,
"Narrated by Steve Taylor, the voice behind the popular YouTube channel ""Kurzgesagt"".Every night, the ocean comes alive. Billions of creatures rise from the depths in the largest migration on Earth — not across continents, but straight up. This is the secret night shift of the sea… and it’s happening right below the surface.",3790165,False,2XxdaZmMX1wa0adNyqWu9W,en-US,Why do Deep Sea Creatures Rise at Night?,2025-06-09,,,,,
"Not to brag, but the Jonas Brothers are able to stand up for their entire show. Amy hangs with the boy band and talks about mumble singing, 'They Came Together,' and their conflict resolution styles. Host: Amy PoehlerGuests: Jack McBrayer, Kevin Jonas, Joe Jonas, and Nick JonasExecutive Producers: Bill Simmons, Amy Poehler, and Jenna Weiss-BermanFor Paper Kite Productions: Executive producer Jenna Weiss-Berman, coordinator Sam Green, and supervising producer Joel LovellFor The Ringer: Supervising producers Juliet Litman, Sean Fennessey, and Mallory Rubin; video producers Jack Wilson, Belle Roman, Francis X Bernal Jr., Caroline Jannace, and Aleya Zenieris; audio producer Kaya McMullen; video editor Drew van Steenbergen; and booker Kat SpillaneOriginal Music: Amy Miles Try Laneige Lip Sleeping Mask & Cream Skin at www.Sephora.com and Sephora stores today. Learn more about your ad choices. Visit podcastchoices.com/adchoices",3195370,False,2FwPiaSZb9eQedsrkVBymD,en,The Jonas Brothers,2025-08-05,,,,,
"Do we have an epidemic of loneliness? Or just an epidemic of undatable men...Situationships, toxic exes, ""talking stages"" lasting for months-- it seems like EVERYONE is having trouble with dating these days. Especially among Gen ZIt is definitely something I have been struggling with, and our guest this week Amelia Moore is certainly no stranger to heartbreak, so we sat down to talk about all things relationships, dating, performative men, and how situations like these have inspired her music.#performativemale #relationshipadvice #datingsucks #performativemen #relationshippodcast ",2720404,False,6FDEJECjmILVtsUExRNaxg,en,"The Epidemic of ""Performative Men"" (ft Amelia Moore)",2025-08-05,,,,,
"It's finally here - game week for the Hokies is upon us! In this episode, Pete and Sam get break down the newly released Hokies depth chart before diving into the matchup against the Gamecocks.",6024646,True,791JfJeYy7LdO0h4WhzxKP,en,"Hokies Depth Chart Surprises - VT vs. South Carolina Preview, Keys, & Predictions",2025-08-28,,,,,
"This episode is about Bill Gates' obsessive drive and hardcore work ethic. Bill Gates had the rarest entrepreneurial talent—the ability to see the leverage point in a new industry, seize it with relentless intensity, and *will* Microsoft into one of the most successful companies in human history.  To make this episode I read Bill's new autobiography, Source Code: My Beginnings, and pulled ideas and notes from 4 more books about his singular career:  Hard Drive: Bill Gates and the Making of the Microsoft Empire   Overdrive: Bill Gates and the Race to Control Cyberspace   Idea Man: A Memoir by the Cofounder of Microsoft   In the Company of Giants: Candid Conversations With the Visionaries of the Digital World   Episode sponsors:   Ramp⁠⁠⁠⁠⁠⁠ gives you everything you need to control spend, watch your costs, and optimize your financial operations —all on a single platform. Make history's greatest entrepreneurs proud ⁠⁠⁠by going to Ramp and learning how they can help your business control your costs and save time and money.⁠⁠⁠ ⁠⁠⁠https://ramp.com⁠⁠⁠   Automate compliance, security, and trust with Vanta. ⁠⁠⁠Vanta helps you win trust, close deals, and stay secure—faster and with less effort⁠⁠⁠. ⁠⁠⁠Find out how increased security leads to more customers by going to Vanta⁠⁠⁠. Tell them David from Founders sent you and you'll get $1000 off.  ⁠⁠https://www.vanta.com/founders⁠⁠ ⁠  Collateral⁠ transforms your complex ideas into compelling narratives. Collateral crafts institutional grade marketing collateral for private equity, private credit, real estate, venture capital, family offices, hedge funds, oil & gas companies, and all kinds of corporations.  Storytelling is one of the highest forms of leverage and you should invest heavily in it. You can do that by going to ⁠https://collateral.com",4090538,False,4DloPho5LbeyDrY4cFhuxA,en-US,#401 How Bill Gates Works ,2025-09-24,,,,,
"Chris and Andy talk about the season finale of ‘Task,’ discussing why the ending was so satisfying, the constantly evolving nature of the show, and whether they want more of the HBO crime drama (1:00). Later, they’re joined by series creator Brad Ingelsby to discuss what inspired him to make the show, its significant religious through line, Mark Ruffalo’s finale monologue, the chances of a second season, and much more (27:42). Subscribe to the Ringer TV YouTube channel here for full episodes of ‘The Watch’ and so much more! Hosts: Chris Ryan and Andy Greenwald Guest: Brad Ingelsby Producers: Kaya McMullen and Kai Grady Video Producers: Jon Jones Additional Video Supervision: Michael Delgado Learn more about your ad choices. Visit podcastchoices.com/adchoices",4705536,False,2JRVBJJOUQyWZw32OHlxeN,en,Creator Brad Ingelsby on the ‘Task’ Finale,2025-10-20,,,,,
"Hayley Williams made sure she warmed up and warmed down for this podcast. Amy hangs with the singer and Paramore frontwoman and talks about hitting that high note on ""All I Wanted,"" watching 'Gogglebox,' and her longest body part. Host: Amy PoehlerGuests: Doug Peck and Hayley WilliamsExecutive Producers: Bill Simmons, Amy Poehler, and Jenna Weiss-BermanFor Paper Kite Productions: Executive producer Jenna Weiss-Berman, coordinator Sam Green, and supervising producer Joel LovellFor The Ringer: Supervising producers Juliet Litman, Sean Fennessey, and Mallory Rubin; video producers Jack Wilson and Aleya Zenieris; audio producer Kaya McMullen; video editor Drew van Steenbergen; and booker Kat SpillaneOriginal Music: Amy Miles Gifts in as fast as 1 hour. Order thru 5pm on 12/24.Get $30 off Best Buy orders of $100 on Uber Eats. Learn more about your ad choices. Visit podcastchoices.com/adchoices",4145578,False,5qJgFZJ0AV7EnAOGYR5ndV,en,Hayley Williams,2025-12-02,,,,,
"In this Huberman Lab Essentials episode, I explain how to create lasting habits and break unwanted ones. I explain two habit-building systems: one aligned with daily rhythms and another based on a 21-day cycle of forming and reinforcing habits. I also discuss why habit formation differs between individuals and how certain ""linchpin"" habits can make other behaviors easier to adopt. Finally, I share practical tools—including visualization, task bracketing, and methods for rewiring bad habits—to support lasting behavioral change. Read the episode show notes at hubermanlab.com.  Thank you to our sponsors AGZ by AG1: https://drinkagz.com/huberman Eight Sleep: https://eightsleep.com/huberman LMNT: https://drinklmnt.com/huberman Timestamps (00:00) Habits (00:43) What are Habits?, Neuroplasticity (01:15) Goal-Based vs Identity-Based Habits (02:33) How Long Does It Take to Form a Habit?; Limbic Friction (05:31) Sponsor: Eight Sleep (06:59) Tool: Linchpin Habits (08:51) Habit Strength, Context Dependence & Limbic Friction (10:41) How We Form Habits, Tool: Review Procedural Steps (12:49) Tool: Task Bracketing (16:30) Sponsor: LMNT (18:02) Should You Schedule Habits?; Phase-Based Habit Plan (20:00) Phase 1 (Morning) & Challenging Habits (21:23) Phase 2 (Afternoon), Relaxation; Mellow Habits (24:46) Phase 3 (Evening), Enhancing Sleep & Habit Consolidation (28:00) Habit Flexibility & Daily Timing (30:33) Sponsor: AGZ by AG1 (32:02) Tool: 21-Day Habit Program; Habit Missteps (37:16) Tool: How to Break Habits & Replacement Behaviors (39:59) Recap Disclaimer & Disclosures Learn more about your ad choices. Visit megaphone.fm/adchoices",2444693,False,4zXN80VsLVwbXjQSsHBGft,en,Essentials: The Science of Making & Breaking Habits,2025-12-04,,,,,
"Goo Goo Dolls formed in 1986 in Buffalo, New York, and by the time 1998 rolled around, they’d already had a pretty successful career. They’d released five albums, and one of their songs, “Name,” from 1995, had become a Top 10 hit. But things really changed for them when they made the song “Iris.” It originally came out on the soundtrack for the movie City of Angels, which came out in 1998 and starred Nicolas Cage and Meg Ryan. “Iris” spent a record-breaking 18 weeks at number one on the radio, and became one of the best selling songs of all time, with over 14 million copies sold, and over 4.5 billion streams. So for this episode, John Rzeznik of Goo Goo Dolls came over to my place, and he told me about how he wrote the song. He told me how the Grammy-winning producer Rob Cavallo helped them expand their vision, and how the version of the song in the movie isn’t actually the version that everybody knows.For more info, visit songexploder.net/goo-goo-dolls.",1624543,True,5treVqu2ytPhEyopnxnfZs,en,Goo Goo Dolls - Iris,2025-07-09,,,,,
"Johnny Knoxville is a stunt performer, actor, co-creator of the “Jackass” franchise, and host of “Fear Factor: House of Fear.” The series premieres Wednesday, January 14, at 9/8c on FOX and streams the next day on Hulu.https://youtu.be/bwSQms7eyVM?si=GelPfF28gflbjhumhttps://www.hulu.com/series/fear-factor-house-of-fear-51cd2a7b-0f54-430a-aae8-b4c630806f79 https://www.fox.com/detail/series/SER262489TTWV/fear-factor-house-of-fear  Perplexity: Download the app or ask Perplexity anything at https://pplx.ai/rogan.  Brought to you by Amazon MGM Studios’ new movie, Mercy, only in theaters January 23. Get tickets at https://MercyMovie.com  Athletic Brewing Co. Non-alcoholic Beer. Fit For All Times. Athletic Brewing Company LLC. Milford, CT and San Diego, CA. Near Beer <0.5% alc/vol. Learn more about your ad choices. Visit podcastchoices.com/adchoices",8952468,True,0OGlEPft0uhXqI2l5lt4xU,en,#2439 - Johnny Knoxville,2026-01-15,,,,,
"Fiona Cauley is a comedian and podcaster known for her many appearances on the show “Kill Tony”. She also hosts her own podcast “Rampin Up”.  Fiona joins Theo to talk about what people don’t know about living with a disability, how much Kill Tony has helped her career, and what we can learn from Autistic Barbie.  Fiona Cauley: https://www.instagram.com/fionacauley/  ------------------------------------------------ Tour Dates! https://theovon.com/tour New Merch: https://www.theovonstore.com ------------------------------------------------- Sponsored By: Celsius: Go to the Celsius Amazon store to check out all of their flavors. #CELSIUSBrandPartner #CELSIUSLiveFit https://amzn.to/3HbAtPJ  Rocket Money: Go to http://rocketmoney.com/theo to reach your financial goals faster. Liquid IV: Go to http://liquidiv.com and get 20% off your first order with code THEO at checkout. Valor Recovery: To learn more about Valor Recovery please visit them at https://valorrecoverycoaching.com/  or email them at admin@valorrecoverycoaching.com ------------------------------------------------- Music: “Shine” by Bishop Gunn Bishop Gunn - Shine ------------------------------------------------ Submit your funny videos, TikToks, questions and topics you'd like to hear on the podcast to: tpwproducer@gmail.com Hit the Hotline: 985-664-9503 Video Hotline for Theo Upload here: https://www.theovon.com/fan-upload Send mail to: This Past Weekend 1906 Glen Echo Rd PO Box #159359 Nashville, TN 37215 ------------------------------------------------ Find Theo: Website: https://theovon.com Instagram: https://instagram.com/theovon Facebook: https://facebook.com/theovon Facebook Group: https://www.facebook.com/groups/thispastweekend Twitter: https://twitter.com/theovon YouTube: https://youtube.com/theovon Clips Channel: https://www.youtube.com/c/TheoVonClips Shorts Channel: https://bit.ly/3ClUj8z ------------------------------------------------ Producer: Zach https://www.instagram.com/zachdpowers Producer: Trevyn https://www.instagram.com/trevyn.s/  Producer: Nick https://www.instagram.com/realnickdavis/ Producer: Andrew https://www.instagram.com/bleachmediaofficial/   Learn more about your ad choices. Visit megaphone.fm/adchoices",7851776,False,32BpNuea9OrG0A8UdJU4Rq,en,#634 - Fiona Cauley,2026-01-16,,,,,
"[video available on spotify] welcome back to advice session, a series here on anything goes where you send in your current dilemmas, or anything you want advice on, and i give you my unprofessional advice. today's topic is becoming a better person. Learn more about your ad choices. Visit podcastchoices.com/adchoices",2122068,False,4xbhvx0mDkttVWUHR5QwX9,en,"becoming a better person, advice session",2025-11-09,,,,,
"You asked, we listened. Best Noise Labs presents EIGHT HOURS of continuous white noise with our time-tested, super-soft 432 Hz low-pass filter. Get the rest you deserve. Brought to you by Best Noise, the world's premier producer of quality noise recordings for sleep, relaxation and focus. Learn more about your ad choices. Visit megaphone.fm/adchoices",28800026,False,1GeQLGZymA6dq0QPBP4aRX,en,White Noise (8 hours continuous) 432 Hz LPF,2024-04-03,,,,,
"Marty Supreme is a boy movie and Enya will never watch it https://www.patreon.com/emergencyintercom join the Patreon for bonus episodes, q&a/topic submissions, livestreams, pay for ky's lobotomySee omnystudio.com/listener for privacy information.",3736189,False,2Xx1HpRqju7EyH7gxYZzYL,en,2018 was 4 years ago,2026-01-02,,,,,
"Go to http://rocketmoney.com/hiddenthird to reach your financial goals faster.  This week on The Hidden Third, I speak to Anna Sorokin, better known as “Anna Delvey”, the infamous “fake heiress” whose real-life story was later dramatized in Netflix’s “Inventing Anna”. Anna posed as a wealthy German socialite, worked her way into New York’s elite circles, and used deception and manipulation to get banks, luxury hotels, and even friends to bankroll her lifestyle – a modern case study in scams, grifting, and image. She was convicted of theft of services and grand larceny and served time in prison, becoming one of the most recognizable names in high-society con artistry. Today, her notoriety has morphed into a new kind of power: Anna has become an influencer with a massive social media following, taking on paid promotional partnerships and selling some of the illustrations she made in prison for tens of thousands of dollars.   I wanted to understand who she is - behind the con artist. But Anna rarely opens up about her past and often comes across as unrepentant and dismissive about the harm she caused. That guardedness made this one of the hardest interviews I’ve ever done. There were several moments I thought she would walk out. But in the end, through a game of cat-and-mouse, she shares some of her past thinking and strategies for conning people, what life was like in prison, the friends she made there, the marriage proposals she received, and her plans for what comes next.  About The Hidden Third: From Emmy and Peabody Award–winning journalist Mariana van Zeller comes THE HIDDEN THIRD, a weekly dive into the underground markets that quietly power a third of the global economy. Every episode, Mariana sits down with people who know these worlds firsthand - the hustlers, smugglers, scammers, kingpins, and those trying to shut them down. The series reveals how they function, why they endure, and the profound ways they impact us all. The Hidden Third Show Sponsors Go to ⁠http://rocketmoney.com/hiddenthird⁠ to reach your financial goals faster.  THE HIDDEN THIRD: ⁠⁠YouTube  ⁠⁠⁠⁠⁠Instagram ⁠ ⁠Spotify⁠ ⁠ Apple Podcasts⁠  MARIANA: ⁠⁠YouTube TikTok ⁠Instagram  Learn more about your ad choices. Visit megaphone.fm/adchoices",5043562,False,1XH7gxf0Dc2Wajj7ylVDsk,en,Anna Delvey / Fake Heiress | The Hidden Third with Mariana van Zeller,2026-01-07,,,,,
"hellooo everyone and welcome back, excited to sit down and chat with you all this week as we talk schedule changes, new vlogs, dermatology, adult acne, my acne journeys, Capricorn season energy, getting it done, 2016 trend, what I was up to in 2016, its getting scary out here, cultivating hope, not feeling small, crazy questions, feeling yourself, the power of a good photo, sending love to you guys, quitting vaping, vaping addiction, going cold turkey, immunity, flu season, how I stay healthy, vaccines, opposite of jealousy, attractive partner, making content, getting made fun of, adult bullies, shutting down a bully, standing up for yourself, struggling out there, leaving people behind, outgrowing people, accepting them for who they are, choosing your life, playing the game of life, making intuitive decisions, and much much much more!submit your questions follow the instagram at hannahmarlenejoin the patreon club at patreon.com/smokeseshshawtywatch the vlogs at YouTube.com/hannahmarlene444",4697705,False,3WHEptAsHq9GtSzRqAeCtz,en,"adult bullies, adult acne & vaping addiction",2026-01-20,,,,,
"In addition to revoking Harvard's ability to enroll international students, the Trump administration is pulling all federal contracts from the university. NPR's Steve Inskeep sits down with Harvard's President Alan Garber and asks whether he sees the current actions as a warning.Want more comprehensive analysis of the most important news of the day, plus a little fun? Subscribe to the Up First newsletter.Today's episode of Up First was edited by Reena Advani and produced by Ana Perez. Our Executive Producer is Jay Shaylor.Learn more about sponsor message choices: podcastchoices.com/adchoicesNPR Privacy Policy",1297893,False,5xo9rRaL8ckemagxUpccUf,en-US,"Harvard President says critics' ""fire is misdirected""",2025-05-27,,,,,
"We're just a month away from the hotly-contested Democratic primary for New York City Mayor. And one of the candidates -- Queens assemblyman Zohran Mamdani -- is running on a somewhat unusual platform. Endorsed by the Democratic Socialists of America, he's proposing rent freezes, universal childcare, higher taxes on corporations and the wealthy, free buses, and city-run grocery stores. In this conversation, we talk to the would-be mayor about his socialist vision for New York, including how he plans to fund more public goods, what he would do to ensure that government-run services are up to standard, and why there should be Halal carts on every street corner. Read more: NYC Mayor Ditches Democratic Primary to Seek Independent BidOdd Lots Live is returning to New York City on June 26. Get your tickets here!See omnystudio.com/listener for privacy information.",2817724,False,1ZrncfLvJ4KF3eHKIRxoii,en-US,"Zohran Mamdani, the Socialist Who Could Be NYC's New Mayor",2025-05-23,,,,,
"Israeli forces fired shots at a food distribution site in Gaza after people, many of whom face the threat of starvation, had overrun the place. The incident happened on the first day that a new U.S.-based system distributed humanitarian aid. The U.S. government has updated its COVID-19 vaccine guidelines. The shot is no longer recommended for healthy children or healthy pregnant women. But independent health experts are voicing concerns. And thousands of children of ISIS fighters are stuck in Syrian detention camps.Want more comprehensive analysis of the most important news of the day, plus a little fun? Subscribe to the Up First newsletter.Today's episode of Up First was edited by Carrie Kahn, Rebecca Davis, Barrie Hardymon, HJ Mai and Alice Woelfle. It was produced by Ziad Buchh, Nia Dumas and Christopher Thomas. We get engineering support from Neisha Heinis and our technical director is Carleigh Strange.Learn more about sponsor message choices: podcastchoices.com/adchoicesNPR Privacy Policy",950465,False,1w07BvcGf08VdbeUGF9g4t,en-US,"Gaza Food Distribution Chaos, New COVID-19 Vaccine Guidelines, Children Of ISIS",2025-05-28,,,,,
"Multi-strategy hedge funds have been having a moment with big asset allocators pouring billions of dollars into names like Millennium and Citadel. And given all the growth, multi-strat funds have also been battling each other for talent. But why, exactly, do big investors seem to love multi-strats so much? What actually makes a multi-strat good to invest in? And how do fees and compensation work? In this episode, we speak with Ronan Cosgrave, a partner at Albourne Partners, which advises institutional investors on investing in hedge funds and other alternative asset classes. We talk about key differences between multi-strats and pod shops, plus the importance of pay to the business model.The Math Powering Profits at Multi-Strategy Hedge FundsMultistrategy Hedge Funds Delivered Again in 2024 Odd Lots Live is returning to New York City on June 26. Get your tickets here!See omnystudio.com/listener for privacy information.",2982791,False,4ZeJqPLGPUSJC47jcSNGb0,en-US,Why Asset Allocators Love Multi-Strategy Hedge Funds,2025-05-26,,,,,
"A federal court has blocked most of President Trump's ""Liberation Day"" tariffs. The judges said the president overstepped his authority when he put tariffs on nearly every country in the world last month. Trump also appears increasingly frustrated with Russian leader Vladimir Putin over Moscow's ongoing airstrikes in Ukraine. How could this affect any peace negotiations? And one of the largest right-wing political gatherings is getting underway in Eastern Europe.Want more comprehensive analysis of the most important news of the day, plus a little fun? Subscribe to the Up First newsletter.Today's episode of Up First was edited by Kara Platoni, Miguel Macias, Arezou Rezvani, HJ Mai and Lisa Thomson. It was produced by Ziad Buchh, Nia Dumas and Christopher Thomas. We get engineering support from Neisha Heinis, and our technical director is Carleigh Strange.Learn more about sponsor message choices: podcastchoices.com/adchoicesNPR Privacy Policy",970161,False,6fHQYzNhiHCn2nRjvxKiG1,en-US,"Court Blocks Most Trump Tariffs, Trump Grows Frustrated With Putin, CPAC Hungary",2025-05-29,,,,,
"U.S. officials planned to meet with an Iranian delegation this weekend to discuss curbs on Iran’s nuclear program. In a twist, those talks ended up as cover for a surprise Israeli attack that killed top Iranian officials and struck key nuclear sites. Now, Iran is retaliating. WSJ’s Michael R. Gordon lays out the U.S.’s diplomacy efforts in the Middle East and explains what to expect next. Annie Minoff hosts.  Further Listening: - Why Israel and Hamas Could Be Headed Into a Forever War  - A Deadly Drone Attack and Iran’s ‘Axis of Resistance’  Sign up for WSJ’s free What’s News newsletter.   Learn more about your ad choices. Visit megaphone.fm/adchoices",806034,False,6INZBfQ1442CZ8MYewZrmU,en,Iran and the U.S. Were Set To Negotiate. Then Israel Attacked.,2025-06-13,,,,,
"An arrest has been made in the shooting of two Democratic Minnesota state lawmakers and their spouses, Israel and Iran are trading missile strikes with few signs of deescalation, President Trump has arrived at the G7 in Canada, and the Justice Department sent an unprecedented demand for election data to the state of Colorado.Want more comprehensive analysis of the most important news of the day, plus a little fun? Subscribe to the Up First newsletter. Today's episode of Up First was edited by Kevin Drew, Alex Leff, Roberta Rampton, Janaya Williams and Arezou Rezvani. It was produced by Ziad Buchh, Claire Murashima and Christopher Thomas. We get engineering support from Neisha Heinis. And our technical director is Carleigh Strange.Learn more about sponsor message choices: podcastchoices.com/adchoicesNPR Privacy Policy",1063105,False,707IufHQwI3Bz9kqfkK8Ts,en-US,"Minnesota Shooting Arrest, Israel-Iran Conflict, G7 Kicks Off, Colorado Election Data",2025-06-16,,,,,
"President Trump says U.S. military strikes on Iran ""obliterated"" Tehran's nuclear program, Iran continues to send missiles into Israel, while Iran's ambassador to the United Nations denounced U.S. strikes on Iran's nuclear sites as ""premeditated acts of aggression."" Want more comprehensive analysis of the most important news of the day, plus a little fun? Subscribe to the Up First newsletter.Today's episode of Up First was edited by Krishnadev Calamur, Alex Leff, Andrew Sussman, Janaya Williams and Alice Woelfle. It was produced by Ziad Buchh, Nia Dumas and Christopher Thomas. We get engineering support from Stacey Abbott. And our technical director is Carleigh Strange.Learn more about sponsor message choices: podcastchoices.com/adchoicesNPR Privacy Policy",804231,False,0D82GFCMtK1BVZzAcPHEEV,en-US,"Trump Strikes Iran, View From Israel, Iran's Options",2025-06-23,,,,,
President Trump ordered the U.S. military to bomb three Iranian sites he said were crucial to that nation's nuclear ambitions.Learn more about sponsor message choices: podcastchoices.com/adchoicesNPR Privacy Policy,696842,False,4XAcQcb44AEdRawg2heVvJ,en-US,Bonus Episode: US Strikes Iran,2025-06-22,,,,,
"Several Senate Republicans are attacking the cuts to Medicaid in the President's massive tax and spending bill, Russia unleashed a barrage of missiles and drones across Ukraine, and two firefighters are dead in North Idaho after an ambush by a sniper. Want more comprehensive analysis of the most important news of the day, plus a little fun? Subscribe to the Up First newsletter. Today's episode of Up First was edited by Jason Breslow, Ryland Barton, Kevin Drew, Janaya Williams and Alice Woelfle. It was produced by Ziad Buchh, Destinee Adams and Christopher Thomas. We get engineering support from Zo van Ginhoven. And our technical director is Zac Coleman. Learn more about sponsor message choices: podcastchoices.com/adchoicesNPR Privacy Policy",758465,False,33V7lzA9fWcNVgtMwHV78U,en-US,"Senate Spending Bill, Ukraine Airstrikes, Idaho Firefighter Shootings",2025-06-30,,,,,
"Republican leaders must find a fragile balance in the reconciliation bill between making deep cuts and protecting programs for the vulnerable. Also, an overwhelming majority of Americans say democracy is under serious threat, and USAID officially ends today.Want more comprehensive analysis of the most important news of the day, plus a little fun? Subscribe to the Up First newsletter. Today's episode of Up First was edited by Jason Breslow, Dana Farrington, Rebecca Davis, Janaya Williams and Lisa Thomson. It was produced by Ziad Buchh, Claire Murashima and Christopher Thomas. We get engineering support from Zo van Ginhoven. And our technical director is Zac Coleman.Learn more about sponsor message choices: podcastchoices.com/adchoicesNPR Privacy Policy",868205,False,0VBdTaKinw8CHMuvNUTw3y,en-US,"Megabill Wrangling, State Of Democracy Poll, USAID Ends",2025-07-01,,,,,
"House Republicans are racing to pass President Trump's sweeping tax and spending bill and have it to his desk by July 4th. Budget analysts say it would add trillions of dollars to the government's debt. And, Sean Combs was found guilty on two counts of transportation to engage in prostitution, but on the more serious charges, the jury found him not guilty. Want more comprehensive analysis of the most important news of the day, plus a little fun? Subscribe to the Up First newsletter. Today's episode of Up First was edited by Jason Breslow, Kelsey Snell, Kevin Drew, Rafael Nam, Jacob Ganz, Janaya Williams and Alice Woelfle. It was produced by Ziad Buchh, Nia Dumas and Christopher Thomas. We get engineering support from Stacey Abbott. And our technical director is Zac Coleman.Learn more about sponsor message choices: podcastchoices.com/adchoicesNPR Privacy Policy",762409,False,4wMe9uwcfRg4rCEOLfzp1E,en-US,"GOP Megabill Latest, Tax Cuts And Debt, Sean Combs Conviction",2025-07-03,,,,,
"NPR's Leila Fadel speaks with Zohran Mamdani about his vision for New York City and his surprise win in the Democratic primary for mayor. Want more comprehensive analysis of the most important news of the day, plus a little fun? Subscribe to the Up First newsletter.Today's episode of Up First was edited by Arezou Rezvani and produced by Mansee Khurana and Lilly Quiroz. Our Executive Producer is Jay Shaylor.Learn more about sponsor message choices: podcastchoices.com/adchoicesNPR Privacy Policy",2440620,False,6kDdKWMhS5Es0hlp4lvqpk,en-US,One-on-One with Zohran Mamdani,2025-07-02,,,,,
"The administration has revealed new details about U.S. airstrikes on Iran's nuclear program, the Supreme Court hands down it's final rulings of the session today, and a new aid group in Gaza is drawing international controversy because hundreds of Palestinians have been killed while approaching the group's food distribution sites.  Want more comprehensive analysis of the most important news of the day, plus a little fun? Subscribe to the Up First newsletter. Today's episode of Up First was edited by Andrew Sussman, Krishnadev Calamur, Alex Leff, Janaya Williams and Alice Woelfle. It was produced by Ziad Buchh, Nia Dumas and Christopher Thomas. We get engineering support from Stacey Abbott and our technical director is Carleigh Strange. Our executive producer is Jay Shaylor.Learn more about sponsor message choices: podcastchoices.com/adchoicesNPR Privacy Policy",1654778,False,239Mdd7fKpB9hXfjIhR08Z,en-US,"Iran Intelligence, Supreme Court Term Ends, Gaza Food Program",2025-06-27,,,,,
"The Supreme Court has come to a highly anticipated decision in the case related to birthright citizenship. The issue before the court was how lower courts should handle President Trump's executive order declaring that the children of parents who enter the U.S. illegally or on a temporary visa are not entitled to automatic citizenship. A conservative supermajority sided with the Trump administration's request to limit universal injunctions issued by federal courts. This episode was edited by Krishnadev Calamur, Natalie Winston, Ally Schweitzer, Lisa Thomson. It was produced by Claire Murashima, Kaity Kline, and Lilly Quiroz. Our technical director is Carleigh Strange and our Executive Producer is Jay Shaylor. Want more comprehensive analysis of the most important news of the day, plus a little fun? Subscribe to the Up First newsletter. Learn more about sponsor message choices: podcastchoices.com/adchoicesNPR Privacy Policy",1463562,False,3pcIqImbsxsKJehfHOjYcT,en-US,Supreme Court Decision on Nationwide Injunctions,2025-06-27,,,,,
"The White House is pushing against the wave of questions around the release of Jeffrey Epstein documents, Columbia University agreed to pay over $220 million to the federal government in order to resolve investigations and restore access to federal research funding, and President Trump signed an executive order instructing tech companies to address what he labeled ""woke AI.""Want more comprehensive analysis of the most important news of the day, plus a little fun? Subscribe to the Up First newsletter. Today's episode of Up First was edited by Dana Farrington, Steve Drummond, Brett Neely, Janaya Williams and Alice Woelfle. It was produced by Ziad Buchh, Nia Dumas and Christopher Thomas. We get engineering support from Zo van Ginhoven. And our technical director is Carleigh Strange.  Learn more about sponsor message choices: podcastchoices.com/adchoicesNPR Privacy Policy",782497,False,5sqkVT19Jdx8YsdQienfO4,en-US,"Epstein Files Subpoena, Columbia $221 Million Settlement, 'Woke' AI",2025-07-24,,,,,
"President Trump plots his next steps to broker an end to Russia's war on Ukraine after White House meetings. We look at the Kremlin's view on the peace talks. And California lawmakers seek to overhaul the state's congressional map to counter a Trump-backed move in Texas to gain an edge in the 2026 midterms.Want more comprehensive analysis of the most important news of the day, plus a little fun? Subscribe to the Up First newsletter. Today’s episode of Up First was edited by Roberta Rampton, Ryland Barton, Acacia Squires, Olivia Hampton and Adriana Gallardo. It was produced by Ziad Buchh, Nia Dumas and Christopher Thomas. We get engineering support from Stacey Abbott. And our technical director is Carleigh Strange.Learn more about sponsor message choices: podcastchoices.com/adchoicesNPR Privacy Policy",933172,False,0bPvs4vjBeGmjCAMLMWtyY,en-US,"Trump and Ukraine, Kremlin's View, California Redistricting",2025-08-19,,,,,
"President Trump and his Russian counterpart Vladimir Putin prepare talks to end the war in Ukraine. Israeli Prime Minister Benjamin Netanyahu plans to forcibly move Gaza's residents to take control of the entire Palestinian enclave. And Trump deploys federal agents as a show of force across Washington, D.C.Want more comprehensive analysis of the most important news of the day, plus a little fun? Subscribe to the Up First newsletter. Today's episode of Up First was edited by Rebecca Rossman, Hannah Bloch, Kevin Drew, Olivia Hampton and Adam Bearne. It was produced by Ziad Buchh, Nia Dumas, and Christopher Thomas. We get engineering support from Stacey Abbott. And our technical director is Carleigh Strange. Learn more about sponsor message choices: podcastchoices.com/adchoicesNPR Privacy Policy",949524,False,4aexLe01xjx3nnOib42ey7,en-US,"Putin U.S. Meeting, Netanyahu's Gaza Plan, Trump D.C. Action",2025-08-11,,,,,
"We're still at the Kansas City Federal Reserve Bank's annual economic symposium in Jackson Hole, where we just heard Fed Chair Jerome Powell's big speech. The speech -- which opened the door to a September rate cut -- proved to be a dovish surprise to the market and stocks are now soaring because of it. But why did Powell decide to focus on what he sees as ""downside"" risks to the labor market as opposed to ""upside"" risks to inflation? On this episode, we speak to Bloomberg TV's Michael McKee, who's been to dozens of Jackson Hole meetings since the late 1990s. We talk with him about the speech, how Jackson Hole has changed over time, and who's in the running to replace Powell next year. Only Bloomberg.com subscribers can get the Odd Lots newsletter in their inbox — now delivered every weekday — plus unlimited access to the site and app. Subscribe at bloomberg.com/subscriptions/oddlotsSee omnystudio.com/listener for privacy information.",1080946,False,79tifpkKYIobonluYUrIGz,en-US,Lots More on What Just Happened With the Fed at Jackson Hole,2025-08-22,,,,,
"It’s not everyday that a message from the 16th century appears on a computer from the 1980s, so when that happened it caught an English couple’s attention and launched a still-unresolved mystery  - across tiiiiiiime!See omnystudio.com/listener for privacy information.",853315,False,03J3EXxvLlMHWkubxuh8GP,en,Short Stuff: Dodleston Messages,2022-11-09,,,,,
"A theory in the field of psychology has become so pervasive, it’s generally taken on faith that it’s true. It says that how your parents respond to you during a short window in your infancy has lifelong effects on your personality. Could this be correct?See omnystudio.com/listener for privacy information.",3274762,False,43s0Mrwpkj1SEtAb2OGVWG,en,How Attachment Theory Works,2023-01-26,,,,,
"Private equity is a business operation where companies are bought and run at their leanest to maximize returns for a handful of investors. It can be a lifeline for a flailing company or run it into the ground. Either way, PE firms make out like bandits.See omnystudio.com/listener for privacy information.",2802390,False,6ytxKhNh0TgLePxvs1g7Fv,en,Private Equity: Your Ears Will Bleed,2025-08-21,,,,,
In December 1900 three lighthouse keepers vanished without a trace from a deserted island in Scotland. To this day no one knows exactly what happened to them. Find out all about this strange situation in this classic episode.See omnystudio.com/listener for privacy information.,3006876,False,3bycNJFMDpSLlqhttekgb2,en,Selects: The Flannen Isles Mystery,2025-08-23,,,,,
"In the early days of the Hollywood studio system, producers exerted far greater creative control than any individual director. Then, in the mid-twentieth century, a group of young French critics issued a cri du coeur that gave rise to the figure of the auteur: visionary filmmakers ranging from Jean-Luc Godard to Martin Scorsese and Wes Anderson. In the final installment of this year’s Critics at Large interview series, Vinson Cunningham talks with fellow staff writer Richard Brody about the origins of auteur theory, and about the lengths to which directors have gone for artistic freedom in the decades since. They take Spike Lee’s body of work as a case study, considering his new movie “Highest 2 Lowest” and how his filmmaking sensibility reflects his singular view of the world. “Style is a funny thing in movies,” Brody says. “If it’s any good, it’s not inseparable from substance. It is substance.”Read, watch, and listen with the critics:“The 400 Blows” (1959)“Breathless” (1960)“Notes on the Auteur Theory in 1962,” by Andrew Sarris (Film Culture)“Circles and Squares,” by Pauline Kael (Film Quarterly)“Martin Scorsese on Making ‘Killers of the Flower Moon,’ ” by Richard Brody (The New Yorker)“The Wolf of Wall Street” (2013)“Spike Lee Comes Home,” by Richard Brody (The New Yorker)“Da Sweet Blood of Jesus” (2014)“Red Hook Summer” (2012)“A Great Film Reveals Itself in Five Minutes,” by Richard Brody (The New Yorker)“Highest 2 Lowest” (2025)“ ‘Highest 2 Lowest’ Marks a Conservative Pivot for Spike Lee,” by Richard Brody (The New Yorker)“Do the Right Thing” (1989)New episodes drop every Thursday. Follow Critics at Large wherever you get your podcasts.Critics at Large is a weekly discussion from The New Yorker that explores the latest trends in books, television, film, and more. Join us every Thursday as we make unexpected connections between classic texts and pop culture.  Learn about your ad choices: dovetail.prx.org/ad-choices",2862407,False,2anlJqfSCvlAi0n4X8HDzx,en,How to Watch a Movie,2025-08-21,,,,,
"Congress returns to Washington following the August recess as a deadline to avoid a government shutdown looms. The former President of Brazil is on trial for attempting to overthrow the government. And, the Taliban is calling for international aid as rescue efforts continue following a deadly earthquake in Afghanistan. Want more comprehensive analysis of the most important news of the day, plus a little fun? Subscribe to the Up First newsletter.Today’s episode of Up First was edited by Anna Yukhananov, Tara Neill, Ryland Barton, Lisa Thomson and Alice Woelfle. It was produced by Ziad Buchh, Nia Dumas and Christopher Thomas. We get engineering support from Stacey Abbott. And our technical director is Carleigh Strange.Learn more about sponsor message choices: podcastchoices.com/adchoicesNPR Privacy Policy",977632,False,5LbIHsuEZBCzsdLVmWjyC6,en-US,"Government Shutdown Looms, Brazil's Ex-President on Trial, Earthquake in Afghanistan",2025-09-02,,,,,
"In a series of extraordinary deals, President Trump has muscled himself directly into the business of corporate America.The U.S. government has been made the largest shareholder of Intel, one of the most iconic companies in the country. Senator Bernie Sanders has praised the move, while conservatives have criticized it as socialism.Andrew Ross Sorkin, a columnist at The Times, explains how Mr. Trump’s deal could reshape America’s approach to capitalism.Guest: Andrew Ross Sorkin, a columnist and the founder and editor at large of DealBook, which publishes the flagship business and policy newsletter of The New York Times.Background reading: Intel agreed to sell a 10 percent stake in its business to the U.S. government.From DealBook: Trump may expand his revision of U.S. capitalism.For more information on today’s episode, visit nytimes.com/thedaily. Transcripts of each episode will be made available by the next workday. Photo: Tierney L. Cross/The New York Times Subscribe today at nytimes.com/podcasts or on Apple Podcasts and Spotify. You can also subscribe via your favorite podcast app here https://www.nytimes.com/activate-access/audio?source=podcatcher. For more podcasts and narrated articles, download The New York Times app at nytimes.com/app.",1867206,False,6Az5O1BIc6VsXHjUdfEcEm,en,How Trump Is Changing American Capitalism,2025-09-02,,,,,
"Ed Stack built Dick’s Sporting Goods from a struggling family store into an empire of more than 800 stores and billions in sales.  Along the way he nearly lost everything. Multiple times. This episode is the story of what he did, how he did it, and the lessons you can learn. ----- Some of the things you'll learn in this episode:    Never rely on the kindness of strangers.   Your name is your biggest asset.   The person who talks the least is usually the decision maker.   Sometimes the most profitable decision on a spreadsheet is the worst decision for a business.   Good businesses don’t need debt and bad ones can’t handle it.   When the data and the anecdotes differ, you’re measuring the wrong thing.   Trust isn’t earned in the easy times; it’s earned in the fire.   People are rarely buying just your product.   Give the underdog a chance. They want it more.   Not knowing what you’re doing can be an asset.   All money comes with strings.   Your competition always has something to teach you.   Always bet on yourself.   Learn from mistakes, but don’t over-learn them.   “The moment a business stops evolving, the moment its leaders sit back and think, ‘Everything’s good,’ that’s when it starts to fail.”   Problems are opportunities to add value.   Play the game to win.   Become someone people want to help.   Investment bankers are not your friends.   Manically focus on the numbers.   The recipe is boldness mixed with caution.   What you get out of anything is directly proportional to what you put in.   The spreadsheet is not the customer.   Arguing teaches you how to think.   If you go into a deal with a win-win mindset, it almost always works out.   Clever excuses don’t make anything better.   Every business is someone’s irrational dedication.   The most important element of success is perseverance.   Always let people keep their dignity.   The cost of making others happy is losing yourself.   Do right for the company. Do right for society. You can’t prosper unless the community around you prospers.   Believing in someone before they believe in themselves changes everything.  Learn more at: https://fs.blog/knowledge-project-podcast/outliers-ed-stack/ ----- Upgrade: Get a hand edited transcripts and ad free experiences along with my thoughts and reflections at the end of every conversation. Learn more @ ⁠⁠⁠⁠⁠⁠⁠⁠⁠⁠⁠⁠⁠⁠⁠⁠⁠⁠⁠⁠fs.blog/membership⁠⁠⁠⁠⁠⁠⁠⁠⁠⁠⁠⁠⁠⁠⁠ ----- Newsletter: The Brain Food newsletter delivers actionable insights and thoughtful ideas every Sunday. It takes 5 minutes to read, and it’s completely free. Learn more and sign up at ⁠⁠⁠⁠⁠⁠⁠⁠⁠⁠⁠⁠⁠⁠⁠⁠⁠⁠⁠⁠⁠⁠⁠⁠⁠fs.blog/newsletter⁠⁠⁠⁠⁠⁠⁠⁠⁠⁠ ----- Follow Shane Parrish X @ShaneAParrish Insta ⁠@farnamstreet⁠ LinkedIn ⁠Shane Parrish ----- This episode is for informational purposes only. Learn more about your ad choices. Visit megaphone.fm/adchoices",4694184,False,7EkFbDDovHumvhzRc2Ke8t,en-US,Ed Stack: Lessons from Dick’s Sporting Goods [Outliers] ,2025-09-23,,,,,
"Artificial intelligence researcher and author Kenneth Stanley has argued that “as soon as you create an objective, you ruin your ability to reach it.” So what should you consider when thinking about your objectives, and what will set you up for success? On this episode Stanley discusses how to set the right objectives for your life, why we’re too tied to accomplishments, what role accountability plays in our education system, the value of peer review,  why transformative innovations are always counter intuitive, and so much more.  Stanley is the co–author of Why Greatness Cannot Be Planned: The Myth of the Objective,  as well as the former Head of Core AI Research at Uber AI and the Open-Endedness Team Leader at OpenAI. He has also served as the Charles Millican Professor in Computer Science at University of Central Florida. -- Want even more? Members get early access, hand-edited transcripts, member-only episodes, and so much more. Learn more here: https://fs.blog/membership/ Every Sunday our Brain Food newsletter shares timeless insights and ideas that you can use at work and home. Add it to your inbox: https://fs.blog/newsletter/ Follow Shane on Twitter at: https://twitter.com/ShaneAParrish  Learn more about your ad choices. Visit megaphone.fm/adchoices",3209665,False,6h25J8xJUD8nlGJaFsH8cb,en-US,Kenneth Stanley: Set The Right Objectives,2022-10-04,,,,,
"The US government has shut down after Democrats and Republicans failed to agree on a spending deal before the October 1 deadline, and Sir Keir Starmer has tried to revive his floundering premiership by urging his Labour party to launch a “patriotic” fight against Nigel Farage’s Reform UK. Plus, US President Donald Trump is launching a direct-to-consumer drug sales programme, and Spotify is appointing co-CEOs to replace Daniel Ek. Mentioned in this podcast:Donald Trump announces direct-to-consumer ‘TrumpRx’ drug sales programmeWhat happens if the US government shuts down?Starmer urges Labour to launch ‘patriotic’ fight against ReformSpotify CEO Daniel Ek to step down as music streamer splits roleListen to Political Fix here: https://podfollow.com/975569919 The FT News Briefing has been nominated for Signal’s listener’s choice award for best Daily Podcast. Vote for us here! Today’s FT News Briefing was produced by Fiona Symon, Katya Kumkova, Sonja Hutson, and Marc Filippino. Additional help from Kelly Garry, Michael Lello and David da Silva. The FT’s acting co-head of audio is Topher Forhecz. The show’s theme music is by Metaphor Music.Read a transcript of this episode on FT.com Hosted on Acast. See acast.com/privacy for more information.",623020,False,2uXVfOE8XI5qgCDj28tN5G,en,Spotify has its leadership on shuffle mode 🔀,2025-10-01,,,,,
but it makes me wonder jonnyyyyy ,134076,False,2gUsnrRUgCbOgaa6DsCTNq,en,was it you? i don't remember ,2025-03-25,,,,,
"i was an angel, though plummetting ",754325,False,4PL5ChNftzQGPuScjRFxOf,en,the worst that could happen is happening to me ,2025-09-27,,,,,
"you built this cage lost colour in my face you're fair and i'm insane hallucination, shame, guilt, pain, more pain ",293199,False,0Vh8xGCI5XYd3Ze5pRWdFq,en,i told you things (live at outside lands),2025-12-15,,,,,
