personID,"inferences"
1,"6018d181-48b8-4978-94a3-9042b02541ff"
1,"2a9cbff5-5dfa-40d1-b05c-d1a7ad3c7db5"
1,"content_music"
1,"c0025ef9-e1fc-4659-95c8-be0d66edf2c2"
1,"00b8f7ad-d91b-4ff5-acbb-b1d5bbdc0104"
1,"17cd9706-3f29-4c5e-97b9-fe2c37ce74fe"
1,"2374fa41-f053-4ff0-a1f5-3472d8fb5a88"
1,"1P_Custom_Mobile_Only_Streamers"
1,"interest_events-and-attractions"
1,"43f88597-9447-4358-a9c9-7608da602687"
1,"15c72004-05bf-4fd8-8250-ab312f09c14d"
1,"67d25600-de07-4f68-ade3-cb4db9dd4447"
1,"37d7f53c-ca5c-4eea-98c7-dc86538cef07"
1,"67c58539-0150-44e0-bebf-d4ffc9b2cc60"
1,"1P_Custom_Content_Affinity_EQUAL"
1,"0bf58de6-850c-41fc-a428-6545dd747a91"
1,"interest_healthy-living_yoga"
1,"c9c9acbf-50c5-46dc-8a1f-d4eb9e0e2f07"
1,"02ce719c-4911-4e1e-a05a-ebfca308d10d"
1,"238ddd70-916b-42dd-b5e5-281a43801a0d"
1,"248d6854-c8ee-46e3-8643-b9dd8f95441c"
1,"a6923924-de67-44d1-a448-11025b7dccfb"
1,"1abf8bf5-b696-41e0-b439-f3244c2712cf"
1,"content_podcasts_comedy"
1,"d67fcbfc-fa46-4f50-9da3-c8ab9df43ae7"
1,"1P_Custom_Holiday_Playlist_Streamers"
1,"interest_television_comedy-tv"
1,"content_audiobooks"
1,"427d03fc-dbd7-4a3f-b6fa-287005cfe460"
1,"4c57d833-45ad-4592-9708-6359dccec782"
1,"interest_healthy-living"
1,"ebbe8843-1dd5-4790-b864-33bb0a0b2cde"
1,"e6f5b212-3e8f-4d79-854d-39753b2ff483"
1,"interest_food-and-drink_dining-out"
1,"9e291b99-3277-4a0d-9486-a16905b8fe3c"
1,"ec910226-1109-4993-aeb2-006891f4035b"
1,"e697d322-4d13-4c37-8bf1-f684031d7a20"
1,"9508a922-49ac-49dc-a615-cadacafb1192"
1,"4e28ec8b-ba5e-433b-821c-da93f6dca55a"
1,"e9bb59f8-7197-49b1-9de1-f02d6e89ef2e"
1,"a81ac3c6-dfeb-4f14-b863-4caca0f85307"
1,"b9552fb3-eeb9-4efd-979f-03d6ea67e7ed"
1,"1P_Custom_Prom_Playlist_Listeners"
1,"4625b7e1-7e18-4916-8af0-2bc81109cede"
1,"d0115a84-07dc-4c8e-8681-b14b46df0502"
1,"e3ec4738-274d-45aa-b765-db5f7c976d7d"
1,"71ab5845-71d7-475c-a329-71ef17f50d44"
1,"content_music_pop"
1,"interest_fine-art"
1,"2b0ed6a5-3e14-46ff-b547-853e65f06ac0"
1,"dc13a274-d82e-403d-8d4f-2c4ba298ea6b"
1,"1P_Custom_Wicked_Musical_Content_Listeners"
1,"1P_Custom_2024_Wrapped_Engagers"
1,"demographic_female"
1,"981bebbd-7b65-4e95-9fbe-fa1bd3bdd3b6"
1,"7dd7383d-9256-4897-8be4-76ddf49a0f74"
1,"content_audiobooks_fiction-and-literature"
1,"interest_style-and-fashion"
1,"1P_Custom_Hindi_Language_Content_Listeners"
1,"f8219dd5-ff91-44a6-a34c-b4e03828d525"
1,"ca654dbe-c5d2-48cc-8cde-dbfbf63e690f"
1,"interest_hobbies-and-interests_paranormal-phenomena"
1,"d6566743-c03c-4bb5-9f27-3b580a308afe"
1,"6b9b1dc3-b487-4f55-9973-e5d84c8540ce"
1,"1P_Custom_Romance_Playlist_Listeners"
1,"473ecafc-3867-4ad5-9180-69aae90fc557"
1,"1P_Custom_Wrapped_Eligible"
1,"1P_Custom_Apple_Loyalists [Advertiser-Restricted]"
1,"3bd2b08f-4bfb-4d2f-ae51-0ad57f498069"
1,"950bd4b3-6e68-4ad2-864b-2e6385f561ec"
1,"3ef2a0cb-5235-45a3-8bbf-cec6bbd111f7"
1,"5f7e1ef4-6e13-43fd-bcf7-e7476e7e13fd"
1,"29a0c7b3-365e-4faa-95de-74e2ee0b0781"
1,"6c2f9525-4919-4491-a7cd-a7d05896db87"
1,"interest_healthy-living_fitness-and-exercise"
1,"3e3025f6-3722-4e22-8b37-c7c13a0fd949"
1,"interest_family-and-relationships"
1,"e5d6aa0e-d48a-4558-a588-1c43d07e33d3"
1,"350c9eb5-c205-4665-9a64-f9f95817260a"
1,"4f41474e-ce08-435b-950e-c9ad68be11f9"
1,"75473f63-f499-4e20-aa48-feee819ecead"
1,"f9cabe4e-1212-4ce4-90aa-476b56a40be6"
1,"interest_hobbies-and-interests_arts-and-crafts"
1,"2703f585-f259-4228-9bed-128b55392ab3"
1,"6e04289a-5d70-48f2-b00e-5b6e151b5f44"
1,"c0c05927-9920-4642-aa0f-dd6d7e6229d8"
1,"8fa4e1a8-9b3e-4d14-aac5-a3ddcb76b447"
1,"content_podcasts"
1,"cc0f035d-f019-4c53-9426-d981eac89295"
1,"1P_Custom_iOS_Mobile_Streamers [Advertiser-Restricted]"
1,"bbf843b6-a781-45ec-9dbc-9bbe4cb4a9d4"
1,"778aec5f-1693-4154-8c0e-4dbf5d85b8c8"
1,"147c17a7-a2f0-4a4b-8660-a44a7a1ff948"
1,"2fea6cb2-3a03-4d09-8ba3-86c4299e7754"
1,"ae9b4609-f286-4955-b55b-97d5a8f35cb1"
1,"7f71eb3f-b0c9-4ba6-b8de-81b77d7fedaa"
1,"1P_Custom_Made_For_You_Power_Playlist_Streamers"
1,"b1e267e0-e4a3-4e76-84c7-f59ee3c57de4"
1,"11973e9a-4b2b-448c-ac86-c5c52b4ac28c"
1,"2701fe59-b580-4496-a09e-942c861cb57b"
1,"77e16875-c7a7-4d5d-9979-267b77d612c7"
1,"interest_hobbies-and-interests_musical-instruments"
1,"352a8737-d358-4915-b49b-366450f7e589"
1,"1P_Custom_Algorithmic_Playlist_Listeners"
1,"1P_Custom_English_Language_Content_Listeners"
1,"d104b7b4-dc5f-4b65-895c-fea2fcc4f4b7"
1,"0b897ff2-bfb2-4aa0-9c02-c8e8f79018ef"
1,"d56ee1bf-1f0b-40f9-9a80-939d69d1b293"
1,"dd395c79-36c1-4681-8854-df44d8202e78"
1,"decf38c4-b47e-4b03-8ea2-954f76f7935b"
1,"1P_Custom_Summer_Moment_Listeners"
1,"fdc175a5-8fe7-450f-a02a-c0dd8e702c91"
1,"interest_academic-interests_arts-and-humanities_music-and-art"
1,"370468a9-2c16-4da8-b5e4-bf8c42e7c952"
1,"605efd7d-bb2a-45de-8276-6dab2d1f981b"
1,"5cabbc13-e8d5-4b41-ae8d-460ad645bb0b"
1,"f770376f-ffab-46d7-86de-a3f1129d52bd"
1,"69878e31-aa43-4d9f-90fb-51f62f0c4685"
1,"77ca38e3-e65d-4357-93c1-10eb4ccde609"
1,"20feb4cc-246d-4f26-bf62-078ff51b3609"
1,"6b3bbb75-a082-43da-a4a6-4e47d6e04387"
1,"bfa1a545-c77d-4888-9409-3104e6ac0144"
1,"79fda190-c131-4ecf-886f-7f1adf99af1b"
1,"bd9c4eb7-ee8c-4274-8b8e-27ddbac8fb91"
1,"4bd7a796-1286-4f80-a272-31230ee568ea"
1,"7b37df46-2895-4d3c-9ad9-3e089db4bdcd"
1,"1P_Custom_Confidence_Productivity_Motivation_Listeners"
1,"0329338c-15cc-4838-a476-101c2617621f"
1,"244e68a6-a3c7-4b8a-9fe8-c762c1230253"
1,"225b8db3-41d2-4855-b557-9f259bc66e48"
1,"1P_Custom_Friendship_Playlist_Listeners"
1,"504bd9a7-f44d-46db-8e0a-04f33b44a639"
1,"813330fa-d9ed-4e69-90f0-87c1d3d0d08b"
1,"interest_television"
1,"1c1d7dd0-8c18-4fe4-a7c8-ffd217d21e37"
1,"a56267d0-8b1e-441e-ab44-d62555be9a12"
1,"1P_Custom_Broadway_Soundtrack_Streamers"
1,"80dec1f9-a562-4093-a099-8791c4ae35e0"
1,"de473ca8-0882-4145-b7b0-2fe0f7e6f167"
1,"1e852355-0a12-4b6a-93ff-11e5cc5e6143"
1,"4ed0f581-0a8c-4021-925d-6e8e3933f11a"
1,"5ae8f2d1-5936-47ad-81d3-8ea86d665917"
1,"ca2e63b4-a66c-4b47-a6ce-73e327851d49"
1,"59615d68-e87f-4a7b-ada5-d5ef2ff9939e"
1,"807134ba-2abb-48e6-8e41-f83afbfd0ced"
1,"interest_pop-culture"
1,"f8597c03-bccc-4557-a11b-d1d3076b5e0e"
1,"d166837a-6f85-44d3-bc70-7e4308724691"
1,"e6823423-c750-4f38-b7d9-131a665914d2"
1,"fb3a8d0c-7c74-40ed-a432-77504e44c476"
1,"89858f3b-d34f-4431-b2f7-5285f4a3ccdc"
1,"0418cdcd-5f26-4dc9-856d-11f82b560cb8"
1,"b7ccf08c-91aa-48dc-ac7e-c363ecea48f0"
1,"demographic_age_55-59"
1,"content_music_holiday"
1,"1P_Custom_Content_Affinity_Frequency"
1,"dbbfde80-3c9b-475f-84ea-fcd0aaa6f44f"
1,"interest_music-and-audio_comedy-music-and-audio"
1,"1P_Custom_Workout_Moment_Listeners"
1,"5b931046-c5d0-4814-899f-51d774cb954e"
1,"interest_pop-culture_humor-and-satire"
1,"c467e5e7-f5c2-4063-b9b6-ea22a295d740"
1,"ace75cb2-2111-4c3d-972c-370fb9042830"
1,"content_audiobooks_self-help"
1,"00eaa841-4a6a-4ff2-be64-831004e1663b"
1,"b18fbec0-278f-4fd7-af33-228eee17e6a4"
1,"aa33c143-b58c-4624-917a-61c375070a61"
1,"7f64f7fc-2f12-47e2-8fc7-36df2d3e818e"
1,"8fdfdd6c-0652-4706-b818-fc59b2439d02"
1,"3c064d8c-ba6b-44b2-9175-7af5697dc480"
1,"9c203e46-706d-4038-9e7a-0dd64141f024"
1,"e613a618-af6d-42ee-aff1-057aa597219c"
1,"interest_movies_comedy-movies"
1,"84d14ad2-7f75-4243-90f6-5da875bbf843"
1,"interest_academic-interests_arts-and-humanities"
1,"04be37ce-473b-4c6d-bbee-e7ef2e123b63"
1,"2f2b2dac-f3cb-4aad-8c7e-fa660f1a1bfd"
1,"0443b7a8-1f9c-4497-ae2e-fe74742c2b19"
1,"32ad8ae6-d726-41ef-828d-0c01e5cc8ec0"
1,"interest_food-and-drink"
1,"interest_movies"
1,"d4321a36-fbee-4f13-97d9-83ae1a4d4d8a"
1,"9144d4e8-0d1e-4129-9ee8-08afe2656fd4"
1,"ca92cb01-a8c9-4541-8cf9-bb3b94bd6212"
1,"b61aeb55-c4df-46e1-9ea4-c0f2a86ca589"
1,"ee472d3f-d24f-4201-9a15-6757c607570f"
1,"f3d6114c-73d9-499b-8827-9ff0fb5d351d"
1,"03ded614-6485-44c7-9a41-a531117f69e8"
1,"interest_academic-interests"
1,"e8d54fd4-7b45-4874-9432-a68ac2141f34"
1,"1P_Custom_Canadian_Artist_Listeners"
1,"interest_hobbies-and-interests"
1,"54880ba1-40b4-41f5-970e-cf80a8978034"
1,"interest_books-and-literature"
1,"d8e51d8e-6f9b-4ee1-a521-1d3a053190c4"
1,"a1c56d9b-8e65-4591-962c-dcd8b5153edf"
1,"6cd0724c-bc49-4303-ad5a-4907cea1929e"
1,"interest_video-gaming"
1,"105afef0-903a-43b7-9c50-7ede3810e23f"
1,"75a7b313-7068-43d7-8fb3-8dc79c160207"
1,"8b051ec3-55e1-4935-8bdf-8346d5ba4866"
1,"e95f32b4-b68b-4a05-83a0-fe7bc2cf88ce"
1,"1025da9a-c31d-4a3b-843d-2ec14a1f2ec6"
10,"00b8f7ad-d91b-4ff5-acbb-b1d5bbdc0104"
10,"017e1c18-e640-48e2-b4de-3fc7861f316f"
10,"0329338c-15cc-4838-a476-101c2617621f"
10,"03ded614-6485-44c7-9a41-a531117f69e8"
10,"0443b7a8-1f9c-4497-ae2e-fe74742c2b19"
10,"0688251c-aea5-4c7a-8ecc-3ea46eac32b2"
10,"0e65aa7c-05b4-4b56-85eb-4da4aab470f9"
10,"1025da9a-c31d-4a3b-843d-2ec14a1f2ec6"
10,"105afef0-903a-43b7-9c50-7ede3810e23f"
10,"15c72004-05bf-4fd8-8250-ab312f09c14d"
10,"15f04a99-9df8-40c4-b44c-4c4c7337ecd5"
10,"1626ff8a-1b58-4241-bfe7-ef0f005ec67c"
10,"16551913-ccce-46f4-92fa-b629b254356a"
10,"17cd9706-3f29-4c5e-97b9-fe2c37ce74fe"
10,"1P_Custom_2024_Wrapped_Engagers"
10,"1P_Custom_Algorithmic_Playlist_Listeners"
10,"1P_Custom_Apple_Airpods_Streamers [Advertiser-Restricted]"
10,"1P_Custom_Apple_Loyalists [Advertiser-Restricted]"
10,"1P_Custom_Apple_iPad_Streamers [Advertiser-Restricted]"
10,"1P_Custom_Auto_Honda [Advertiser-Specific]"
10,"1P_Custom_Auto_Standard_Car_Streamers"
10,"1P_Custom_Broadway_Soundtrack_Streamers"
10,"1P_Custom_Canadian_Artist_Listeners"
10,"1P_Custom_Car_Mode_Streamers"
10,"1P_Custom_Confidence_Productivity_Motivation_Listeners"
10,"1P_Custom_Content_Affinity_LatinX"
10,"1P_Custom_Content_Affinity_Pride"
10,"1P_Custom_Daylist_Power_Playlist_Streamers_New"
10,"1P_Custom_English_Language_Content_Listeners"
10,"1P_Custom_Focus_Moment_Listeners"
10,"1P_Custom_Friendship_Playlist_Listeners"
10,"1P_Custom_Hindi_Language_Content_Listeners"
10,"1P_Custom_Holiday_Playlist_Streamers"
10,"1P_Custom_In_Car_Streamers"
10,"1P_Custom_Made_For_You_Power_Playlist_Streamers"
10,"1P_Custom_Music_Festival_Playlist_Listeners"
10,"1P_Custom_Musicals_Playlist_Listeners"
10,"1P_Custom_Romance_Playlist_Listeners"
10,"1P_Custom_Smart_Technology_Streamers"
10,"1P_Custom_Sony_Headphones_Users [Advertiser-Restricted]"
10,"1P_Custom_Students"
10,"1P_Custom_Summer_Moment_Listeners"
10,"1P_Custom_Valorant_Playlist_Listeners"
10,"1P_Custom_Windows_Users [Advertiser-Restricted]"
10,"1P_Custom_Wireless_Headphone_Users"
10,"1P_Custom_Workout_Moment_Listeners"
10,"1P_Custom_Wrapped_Eligible"
10,"1P_Custom_Wrapped_Listeners"
10,"1P_Custom_Wrapped_Power_Playlist_Streamers"
10,"1P_Custom_iOS_Mobile_Streamers [Advertiser-Restricted]"
10,"1abf8bf5-b696-41e0-b439-f3244c2712cf"
10,"1add871f-9961-44e6-a931-f974c8ad9b1f"
10,"1c1d7dd0-8c18-4fe4-a7c8-ffd217d21e37"
10,"2083091a42ba492491edd57bb7922898"
10,"20feb4cc-246d-4f26-bf62-078ff51b3609"
10,"225b8db3-41d2-4855-b557-9f259bc66e48"
10,"2374fa41-f053-4ff0-a1f5-3472d8fb5a88"
10,"238ddd70-916b-42dd-b5e5-281a43801a0d"
10,"244e68a6-a3c7-4b8a-9fe8-c762c1230253"
10,"248d6854-c8ee-46e3-8643-b9dd8f95441c"
10,"25481e24-1bdd-494c-b2c9-bf6fa49d08da"
10,"2701fe59-b580-4496-a09e-942c861cb57b"
10,"2703f585-f259-4228-9bed-128b55392ab3"
10,"2a9cbff5-5dfa-40d1-b05c-d1a7ad3c7db5"
10,"2b0ed6a5-3e14-46ff-b547-853e65f06ac0"
10,"2f2b2dac-f3cb-4aad-8c7e-fa660f1a1bfd"
10,"2fea6cb2-3a03-4d09-8ba3-86c4299e7754"
10,"32ad8ae6-d726-41ef-828d-0c01e5cc8ec0"
10,"32b8a213-8dfc-498c-b280-fcc2ef3586ff"
10,"34230cd4-828e-4620-9be4-5773dd7bbf8f"
10,"350c9eb5-c205-4665-9a64-f9f95817260a"
10,"352a8737-d358-4915-b49b-366450f7e589"
10,"370468a9-2c16-4da8-b5e4-bf8c42e7c952"
10,"37d7f53c-ca5c-4eea-98c7-dc86538cef07"
10,"37f15050-3e9f-44a9-9fd2-c343defbfb18"
10,"3bd2b08f-4bfb-4d2f-ae51-0ad57f498069"
10,"3c064d8c-ba6b-44b2-9175-7af5697dc480"
10,"3e3025f6-3722-4e22-8b37-c7c13a0fd949"
10,"3ee6dd0e-6514-423b-8930-d4e54c7990f5"
10,"3ef2a0cb-5235-45a3-8bbf-cec6bbd111f7"
10,"427d03fc-dbd7-4a3f-b6fa-287005cfe460"
10,"42992ca5b8d3489799b70a89f7536112"
10,"45401e04-fdc2-4dfa-a68e-2699c0840115"
10,"4625b7e1-7e18-4916-8af0-2bc81109cede"
10,"473ecafc-3867-4ad5-9180-69aae90fc557"
10,"482b52f6-8c2a-4801-a7a0-7b5f55e85fef"
10,"4a6bbfb9-7d7c-40fe-98e0-4c8adf0db12e"
10,"4bd7a796-1286-4f80-a272-31230ee568ea"
10,"4c57d833-45ad-4592-9708-6359dccec782"
10,"4cbd967a-a4d0-40d9-969e-12885fbe2153"
10,"4e28ec8b-ba5e-433b-821c-da93f6dca55a"
10,"4ed0f581-0a8c-4021-925d-6e8e3933f11a"
10,"4f41474e-ce08-435b-950e-c9ad68be11f9"
10,"504bd9a7-f44d-46db-8e0a-04f33b44a639"
10,"5265bb41-0ffe-49c8-ba6d-5c75d0e25f1d"
10,"5786f9b7-c9cc-48c2-8fc7-cbafd8861d19"
10,"58dd6f6e-5965-4498-85b2-d234423c0f26"
10,"59615d68-e87f-4a7b-ada5-d5ef2ff9939e"
10,"5b931046-c5d0-4814-899f-51d774cb954e"
10,"5cabbc13-e8d5-4b41-ae8d-460ad645bb0b"
10,"6018d181-48b8-4978-94a3-9042b02541ff"
10,"605efd7d-bb2a-45de-8276-6dab2d1f981b"
10,"67c58539-0150-44e0-bebf-d4ffc9b2cc60"
10,"67d25600-de07-4f68-ade3-cb4db9dd4447"
10,"689f0e39-e3b8-4637-8f1c-33a0d4909d69"
10,"68ad475c-b939-4d16-891f-7dd22c1cf01a"
10,"69878e31-aa43-4d9f-90fb-51f62f0c4685"
10,"6987d53c-a655-4acd-8705-7d0398f686b8"
10,"6b3bbb75-a082-43da-a4a6-4e47d6e04387"
10,"6b9b1dc3-b487-4f55-9973-e5d84c8540ce"
10,"6c2f9525-4919-4491-a7cd-a7d05896db87"
10,"6c723f44-a2b7-4872-8163-e1d875a00d55"
10,"6cd0724c-bc49-4303-ad5a-4907cea1929e"
10,"6d53637b-6898-4a7b-8877-5b52cf545e51"
10,"6e04289a-5d70-48f2-b00e-5b6e151b5f44"
10,"6e9dac43-3f0e-4dc3-9ed6-a498c6a2d118"
10,"71ab5845-71d7-475c-a329-71ef17f50d44"
10,"7471d1a5-ebfb-4c90-a854-e6d567c90c9e"
10,"74979bb2-543b-438a-94d6-53a1b7fbafb9"
10,"75a7b313-7068-43d7-8fb3-8dc79c160207"
10,"76905aed-bcb1-44de-849e-5478b126e6f3"
10,"778aec5f-1693-4154-8c0e-4dbf5d85b8c8"
10,"77ca38e3-e65d-4357-93c1-10eb4ccde609"
10,"77e16875-c7a7-4d5d-9979-267b77d612c7"
10,"79fda190-c131-4ecf-886f-7f1adf99af1b"
10,"7b37df46-2895-4d3c-9ad9-3e089db4bdcd"
10,"7dd7383d-9256-4897-8be4-76ddf49a0f74"
10,"7e89978b5996451486924f079add30e2"
10,"7f71eb3f-b0c9-4ba6-b8de-81b77d7fedaa"
10,"807134ba-2abb-48e6-8e41-f83afbfd0ced"
10,"80dec1f9-a562-4093-a099-8791c4ae35e0"
10,"813330fa-d9ed-4e69-90f0-87c1d3d0d08b"
10,"84d14ad2-7f75-4243-90f6-5da875bbf843"
10,"87c8da6e-c0be-4b6f-b950-47494cca6667"
10,"89858f3b-d34f-4431-b2f7-5285f4a3ccdc"
10,"8b051ec3-55e1-4935-8bdf-8346d5ba4866"
10,"8f288b0a-8695-467d-a7f0-4619e29539d2"
10,"8fa4e1a8-9b3e-4d14-aac5-a3ddcb76b447"
10,"8fdfdd6c-0652-4706-b818-fc59b2439d02"
10,"9508a922-49ac-49dc-a615-cadacafb1192"
10,"950bd4b3-6e68-4ad2-864b-2e6385f561ec"
10,"976ba51e-5654-42c6-9fc2-753d5a909c6d"
10,"981bebbd-7b65-4e95-9fbe-fa1bd3bdd3b6"
10,"9e291b99-3277-4a0d-9486-a16905b8fe3c"
10,"a0075583-f2ab-4f8b-9cc5-29621213676c"
10,"a1c56d9b-8e65-4591-962c-dcd8b5153edf"
10,"a6923924-de67-44d1-a448-11025b7dccfb"
10,"a9a8de8c-f26d-4b74-bc0c-7b0f6ae9affb"
10,"aa33c143-b58c-4624-917a-61c375070a61"
10,"ac38b69c8e4640619ca5a2afe3a7a0e2"
10,"ace75cb2-2111-4c3d-972c-370fb9042830"
10,"acee5d47-9592-4952-9e7e-34cd5848fe1c"
10,"ae9b4609-f286-4955-b55b-97d5a8f35cb1"
10,"b0098ff9-d155-4949-b7a7-fc42db5cc1b5"
10,"b068fd9b-b241-40af-997e-99add5359d7f"
10,"b18fbec0-278f-4fd7-af33-228eee17e6a4"
10,"b61aeb55-c4df-46e1-9ea4-c0f2a86ca589"
10,"b63d0cd3-66af-41ae-8508-f58f655038f2"
10,"b63ed455-edbc-4c82-b354-f83c181ebd4f"
10,"b6b6af41-3487-4502-bad4-017f86a9aa6d"
10,"b7ccf08c-91aa-48dc-ac7e-c363ecea48f0"
10,"b91855ac-8c6a-4b74-be63-510b73690c89"
10,"b9552fb3-eeb9-4efd-979f-03d6ea67e7ed"
10,"b99d9d05-9e4e-468d-b438-cbf526995d9b"
10,"bbf843b6-a781-45ec-9dbc-9bbe4cb4a9d4"
10,"bd9c4eb7-ee8c-4274-8b8e-27ddbac8fb91"
10,"bf8f8521-f67b-4358-9c82-1b75a2ff9c25"
10,"bfe83c89-0955-4a7a-b0ae-46184efe905f"
10,"c0025ef9-e1fc-4659-95c8-be0d66edf2c2"
10,"c0c05927-9920-4642-aa0f-dd6d7e6229d8"
10,"c167d4b5-139c-4698-bca2-442af6be9884"
10,"c467e5e7-f5c2-4063-b9b6-ea22a295d740"
10,"c8bb7af6-e996-4efc-b170-a38b0a04aea8"
10,"c9c9acbf-50c5-46dc-8a1f-d4eb9e0e2f07"
10,"ca2e63b4-a66c-4b47-a6ce-73e327851d49"
10,"ca654dbe-c5d2-48cc-8cde-dbfbf63e690f"
10,"ca92cb01-a8c9-4541-8cf9-bb3b94bd6212"
10,"cb07906a-4432-467d-9805-6af7328872a5"
10,"cc0f035d-f019-4c53-9426-d981eac89295"
10,"content_audiobooks"
10,"content_audiobooks_self-help"
10,"content_audiobooks_teen-and-young-adult"
10,"content_music"
10,"content_music_childrens"
10,"content_music_edm/dance"
10,"content_music_latin"
10,"content_podcasts"
10,"content_podcasts_music"
10,"d0115a84-07dc-4c8e-8681-b14b46df0502"
10,"d104b7b4-dc5f-4b65-895c-fea2fcc4f4b7"
10,"d166837a-6f85-44d3-bc70-7e4308724691"
10,"d4321a36-fbee-4f13-97d9-83ae1a4d4d8a"
10,"d6566743-c03c-4bb5-9f27-3b580a308afe"
10,"d67fcbfc-fa46-4f50-9da3-c8ab9df43ae7"
10,"d8e51d8e-6f9b-4ee1-a521-1d3a053190c4"
10,"dc13a274-d82e-403d-8d4f-2c4ba298ea6b"
10,"dd395c79-36c1-4681-8854-df44d8202e78"
10,"de473ca8-0882-4145-b7b0-2fe0f7e6f167"
10,"decf38c4-b47e-4b03-8ea2-954f76f7935b"
10,"demographic_age_21-24"
10,"demographic_driver"
10,"demographic_female"
10,"demographic_student"
10,"e395dbc5-1d64-4886-829c-a84c291bf5e3"
10,"e3ec4738-274d-45aa-b765-db5f7c976d7d"
10,"e5d6aa0e-d48a-4558-a588-1c43d07e33d3"
10,"e613a618-af6d-42ee-aff1-057aa597219c"
10,"e6823423-c750-4f38-b7d9-131a665914d2"
10,"e697d322-4d13-4c37-8bf1-f684031d7a20"
10,"e6f5b212-3e8f-4d79-854d-39753b2ff483"
10,"e8d54fd4-7b45-4874-9432-a68ac2141f34"
10,"e95f32b4-b68b-4a05-83a0-fe7bc2cf88ce"
10,"e9bb59f8-7197-49b1-9de1-f02d6e89ef2e"
10,"ebbe8843-1dd5-4790-b864-33bb0a0b2cde"
10,"ebcedf55-7931-42ac-9d4d-9dbbea8c3b81"
10,"ec910226-1109-4993-aeb2-006891f4035b"
10,"ecf0995b-fb27-4545-84cd-cb0a83d00781"
10,"edf019ae-8eb0-4f3f-9296-1ca5c1a74a45"
10,"ee472d3f-d24f-4201-9a15-6757c607570f"
10,"f3d6114c-73d9-499b-8827-9ff0fb5d351d"
10,"f770376f-ffab-46d7-86de-a3f1129d52bd"
10,"f77273d2-a3e5-41b1-858f-7f15c4b2e423"
10,"f8219dd5-ff91-44a6-a34c-b4e03828d525"
10,"f8597c03-bccc-4557-a11b-d1d3076b5e0e"
10,"f9cabe4e-1212-4ce4-90aa-476b56a40be6"
10,"fdc175a5-8fe7-450f-a02a-c0dd8e702c91"
10,"ff6d9812-80ec-474a-91c1-8986dbcd7612"
10,"interest_academic-interests"
10,"interest_academic-interests_arts-and-humanities_music-and-art"
10,"interest_academic-interests_language-learning"
10,"interest_academic-interests_life-sciences"
10,"interest_academic-interests_life-sciences_medicine-and-healthcare"
10,"interest_academic-interests_social-sciences_psychology"
10,"interest_books-and-literature"
10,"interest_education"
10,"interest_education_homework-and-study"
10,"interest_events-and-attractions"
10,"interest_events-and-attractions_personal-celebrations-and-life-events"
10,"interest_family-and-relationships"
10,"interest_family-and-relationships_parenting"
10,"interest_family-and-relationships_parenting_parenting-babies-and-toddlers"
10,"interest_health-and-medical-services"
10,"interest_health-and-medical-services_health-and-pharma"
10,"interest_health-and-medical-services_health-and-pharma_medical-services"
10,"interest_healthy-living"
10,"interest_healthy-living_fitness-and-exercise"
10,"interest_healthy-living_wellness"
10,"interest_healthy-living_womens-health"
10,"interest_healthy-living_yoga"
10,"interest_hobbies-and-interests"
10,"interest_hobbies-and-interests_content-production_audio-production"
10,"interest_hobbies-and-interests_musical-instruments"
10,"interest_medical-health"
10,"interest_music-and-audio_comedy-music-and-audio"
10,"interest_music_ambient"
10,"interest_music_happy"
10,"interest_music_latin"
10,"interest_music_sleep"
10,"interest_news-and-politics"
10,"interest_news-and-politics_national-news"
10,"interest_news-and-politics_politics"
10,"interest_pharmaceuticals-conditions-and-symptoms"
10,"interest_pharmaceuticals-conditions-and-symptoms_health-and-pharma"
10,"interest_pop-culture"
10,"interest_style-and-fashion"
10,"interest_style-and-fashion_beauty"
10,"interest_technology-and-computing"
10,"interest_technology-and-computing_computing"
10,"interest_television"
10,"interest_television_music-tv"
2,"00b8f7ad-d91b-4ff5-acbb-b1d5bbdc0104"
2,"017e1c18-e640-48e2-b4de-3fc7861f316f"
2,"0329338c-15cc-4838-a476-101c2617621f"
2,"033cfa0232d34a91950fd59ff4d6d4cb"
2,"03ded614-6485-44c7-9a41-a531117f69e8"
2,"0443b7a8-1f9c-4497-ae2e-fe74742c2b19"
2,"0688251c-aea5-4c7a-8ecc-3ea46eac32b2"
2,"0d81238d-86a5-4e8a-9c37-41e7421df9a0"
2,"0f88634a-95fd-4f86-808e-2507101c672a"
2,"1025da9a-c31d-4a3b-843d-2ec14a1f2ec6"
2,"105afef0-903a-43b7-9c50-7ede3810e23f"
2,"13849e89-7dea-4e6c-88b3-8eb33d12fc6e"
2,"147c17a7-a2f0-4a4b-8660-a44a7a1ff948"
2,"155427de04ce415cb2e3c25da2e6c629"
2,"15c72004-05bf-4fd8-8250-ab312f09c14d"
2,"16551913-ccce-46f4-92fa-b629b254356a"
2,"17cd9706-3f29-4c5e-97b9-fe2c37ce74fe"
2,"1846deabbc5a4fc4acaa38c681e45c93"
2,"1P_Custom_2024_Wrapped_Engagers"
2,"1P_Custom_Algorithmic_Playlist_Listeners"
2,"1P_Custom_Apple_Airpods_Streamers [Advertiser-Restricted]"
2,"1P_Custom_Apple_Loyalists [Advertiser-Restricted]"
2,"1P_Custom_Apple_iPad_Streamers [Advertiser-Restricted]"
2,"1P_Custom_Broadway_Soundtrack_Streamers"
2,"1P_Custom_Canadian_Artist_Listeners"
2,"1P_Custom_Car_Mode_Streamers"
2,"1P_Custom_Confidence_Productivity_Motivation_Listeners"
2,"1P_Custom_Daylist_Power_Playlist_Streamers_New"
2,"1P_Custom_Device_Laggards_ios_Mobile"
2,"1P_Custom_English_Language_Content_Listeners"
2,"1P_Custom_Friendship_Playlist_Listeners"
2,"1P_Custom_Hindi_Language_Content_Listeners"
2,"1P_Custom_Holiday_Playlist_Streamers"
2,"1P_Custom_Live_Events_Concerts_Hub_Users"
2,"1P_Custom_Made_For_You_Power_Playlist_Streamers"
2,"1P_Custom_Music_Festival_Playlist_Listeners"
2,"1P_Custom_Musicals_Playlist_Listeners"
2,"1P_Custom_Personal_Wellness"
2,"1P_Custom_Philippines_20Kto50K_Device_Listeners"
2,"1P_Custom_Podcast_Category_Gaming"
2,"1P_Custom_Podcast_Category_Self_Help"
2,"1P_Custom_Power_Users"
2,"1P_Custom_Punjabi_Language_Content_Listeners"
2,"1P_Custom_Romance_Playlist_Listeners"
2,"1P_Custom_Smart_Technology_Streamers"
2,"1P_Custom_Soccer_Playlist_Streamers"
2,"1P_Custom_Students"
2,"1P_Custom_Summer_Moment_Listeners"
2,"1P_Custom_Tamil_Language_Content_Listeners"
2,"1P_Custom_Travel_Playlist_Listeners"
2,"1P_Custom_Windows_Users [Advertiser-Restricted]"
2,"1P_Custom_Wireless_Headphone_Users"
2,"1P_Custom_Workout_Moment_Listeners"
2,"1P_Custom_Wrapped_Eligible"
2,"1P_Custom_Wrapped_Listeners"
2,"1P_Custom_iOS_Mobile_Streamers [Advertiser-Restricted]"
2,"1P_Custom_iPhone_14_Users [Advertiser-Restricted]"
2,"1abf8bf5-b696-41e0-b439-f3244c2712cf"
2,"1c1d7dd0-8c18-4fe4-a7c8-ffd217d21e37"
2,"1e852355-0a12-4b6a-93ff-11e5cc5e6143"
2,"20cd3541703343fc9efda033d3457031"
2,"20feb4cc-246d-4f26-bf62-078ff51b3609"
2,"225b8db3-41d2-4855-b557-9f259bc66e48"
2,"2374fa41-f053-4ff0-a1f5-3472d8fb5a88"
2,"238ddd70-916b-42dd-b5e5-281a43801a0d"
2,"244e68a6-a3c7-4b8a-9fe8-c762c1230253"
2,"248d6854-c8ee-46e3-8643-b9dd8f95441c"
2,"25481e24-1bdd-494c-b2c9-bf6fa49d08da"
2,"2701fe59-b580-4496-a09e-942c861cb57b"
2,"2703f585-f259-4228-9bed-128b55392ab3"
2,"29a0c7b3-365e-4faa-95de-74e2ee0b0781"
2,"2a9cbff5-5dfa-40d1-b05c-d1a7ad3c7db5"
2,"2b0865f5-7f2d-4946-8b11-a3cd855f74e4"
2,"2b0ed6a5-3e14-46ff-b547-853e65f06ac0"
2,"2f2b2dac-f3cb-4aad-8c7e-fa660f1a1bfd"
2,"2fea6cb2-3a03-4d09-8ba3-86c4299e7754"
2,"3279ec69-f725-4833-8155-31c153558c52"
2,"32ad8ae6-d726-41ef-828d-0c01e5cc8ec0"
2,"34230cd4-828e-4620-9be4-5773dd7bbf8f"
2,"350c9eb5-c205-4665-9a64-f9f95817260a"
2,"352a8737-d358-4915-b49b-366450f7e589"
2,"3541cb2c-7409-4660-855e-f3451b8a553a"
2,"370468a9-2c16-4da8-b5e4-bf8c42e7c952"
2,"37d7f53c-ca5c-4eea-98c7-dc86538cef07"
2,"37f15050-3e9f-44a9-9fd2-c343defbfb18"
2,"3969d472-9e7e-474e-8d85-3916444a8034"
2,"39b584607a5a4c8b86499ec73808fe12"
2,"3bd2b08f-4bfb-4d2f-ae51-0ad57f498069"
2,"3c064d8c-ba6b-44b2-9175-7af5697dc480"
2,"3e3025f6-3722-4e22-8b37-c7c13a0fd949"
2,"3ee6dd0e-6514-423b-8930-d4e54c7990f5"
2,"3ef2a0cb-5235-45a3-8bbf-cec6bbd111f7"
2,"427d03fc-dbd7-4a3f-b6fa-287005cfe460"
2,"45401e04-fdc2-4dfa-a68e-2699c0840115"
2,"482b52f6-8c2a-4801-a7a0-7b5f55e85fef"
2,"4a6bbfb9-7d7c-40fe-98e0-4c8adf0db12e"
2,"4bd7a796-1286-4f80-a272-31230ee568ea"
2,"4c57d833-45ad-4592-9708-6359dccec782"
2,"4cbd967a-a4d0-40d9-969e-12885fbe2153"
2,"4e28ec8b-ba5e-433b-821c-da93f6dca55a"
2,"4ed0f581-0a8c-4021-925d-6e8e3933f11a"
2,"4f41474e-ce08-435b-950e-c9ad68be11f9"
2,"504bd9a7-f44d-46db-8e0a-04f33b44a639"
2,"5051684d-2ad6-4913-93ac-a2a661c088b6"
2,"516720fd-2b18-4177-9a9d-6d828cf0afda"
2,"5265bb41-0ffe-49c8-ba6d-5c75d0e25f1d"
2,"54880ba1-40b4-41f5-970e-cf80a8978034"
2,"579ce1384b474b0d8f7b037887901ca9"
2,"58dd6f6e-5965-4498-85b2-d234423c0f26"
2,"59615d68-e87f-4a7b-ada5-d5ef2ff9939e"
2,"6018d181-48b8-4978-94a3-9042b02541ff"
2,"605efd7d-bb2a-45de-8276-6dab2d1f981b"
2,"6703356c095e4f728e3ada0c9c9ec7b4"
2,"67b100b5-42cc-4718-a3b8-99710334c2f5"
2,"67c58539-0150-44e0-bebf-d4ffc9b2cc60"
2,"67d25600-de07-4f68-ade3-cb4db9dd4447"
2,"68ad475c-b939-4d16-891f-7dd22c1cf01a"
2,"69878e31-aa43-4d9f-90fb-51f62f0c4685"
2,"6987d53c-a655-4acd-8705-7d0398f686b8"
2,"6b3bbb75-a082-43da-a4a6-4e47d6e04387"
2,"6b9b1dc3-b487-4f55-9973-e5d84c8540ce"
2,"6c723f44-a2b7-4872-8163-e1d875a00d55"
2,"6cd0724c-bc49-4303-ad5a-4907cea1929e"
2,"6d53637b-6898-4a7b-8877-5b52cf545e51"
2,"6dcfe7bd-3e7c-4126-8547-5584f1268a76"
2,"6e04289a-5d70-48f2-b00e-5b6e151b5f44"
2,"6e9dac43-3f0e-4dc3-9ed6-a498c6a2d118"
2,"71ab5845-71d7-475c-a329-71ef17f50d44"
2,"74979bb2-543b-438a-94d6-53a1b7fbafb9"
2,"75a7b313-7068-43d7-8fb3-8dc79c160207"
2,"768609e5-41ef-4e3a-ad8f-bf030cf690f0"
2,"76905aed-bcb1-44de-849e-5478b126e6f3"
2,"778aec5f-1693-4154-8c0e-4dbf5d85b8c8"
2,"77ca38e3-e65d-4357-93c1-10eb4ccde609"
2,"77e16875-c7a7-4d5d-9979-267b77d612c7"
2,"7b37df46-2895-4d3c-9ad9-3e089db4bdcd"
2,"7dd7383d-9256-4897-8be4-76ddf49a0f74"
2,"7f71eb3f-b0c9-4ba6-b8de-81b77d7fedaa"
2,"80dec1f9-a562-4093-a099-8791c4ae35e0"
2,"813330fa-d9ed-4e69-90f0-87c1d3d0d08b"
2,"84d14ad2-7f75-4243-90f6-5da875bbf843"
2,"87c8da6e-c0be-4b6f-b950-47494cca6667"
2,"89858f3b-d34f-4431-b2f7-5285f4a3ccdc"
2,"8b051ec3-55e1-4935-8bdf-8346d5ba4866"
2,"8b545d67-d015-4b89-bf1a-3759d7a78bc4"
2,"8f288b0a-8695-467d-a7f0-4619e29539d2"
2,"9508a922-49ac-49dc-a615-cadacafb1192"
2,"976ba51e-5654-42c6-9fc2-753d5a909c6d"
2,"981bebbd-7b65-4e95-9fbe-fa1bd3bdd3b6"
2,"9aff0fce-3bed-4b41-8b8c-abd02e24265a"
2,"9e291b99-3277-4a0d-9486-a16905b8fe3c"
2,"Custom Audience_PRINCESS POLLY ONLINE PTY LTD Business"
2,"Orchestra AntiTargetAudience"
2,"a0075583-f2ab-4f8b-9cc5-29621213676c"
2,"a1c56d9b-8e65-4591-962c-dcd8b5153edf"
2,"a56267d0-8b1e-441e-ab44-d62555be9a12"
2,"a6923924-de67-44d1-a448-11025b7dccfb"
2,"aa33c143-b58c-4624-917a-61c375070a61"
2,"ac38b69c8e4640619ca5a2afe3a7a0e2"
2,"ac4a6101-7544-4142-afa7-f35244e836ee"
2,"ace75cb2-2111-4c3d-972c-370fb9042830"
2,"acee5d47-9592-4952-9e7e-34cd5848fe1c"
2,"ae9b4609-f286-4955-b55b-97d5a8f35cb1"
2,"b068fd9b-b241-40af-997e-99add5359d7f"
2,"b18fbec0-278f-4fd7-af33-228eee17e6a4"
2,"b1e267e0-e4a3-4e76-84c7-f59ee3c57de4"
2,"b5464487-86ec-40e1-abee-228cbad20540"
2,"b61aeb55-c4df-46e1-9ea4-c0f2a86ca589"
2,"b63ed455-edbc-4c82-b354-f83c181ebd4f"
2,"b6b6af41-3487-4502-bad4-017f86a9aa6d"
2,"b783d369f16842eaa21d0da0555a0c28"
2,"b7ccf08c-91aa-48dc-ac7e-c363ecea48f0"
2,"b91855ac-8c6a-4b74-be63-510b73690c89"
2,"b9552fb3-eeb9-4efd-979f-03d6ea67e7ed"
2,"bbf843b6-a781-45ec-9dbc-9bbe4cb4a9d4"
2,"bd9c4eb7-ee8c-4274-8b8e-27ddbac8fb91"
2,"bfe83c89-0955-4a7a-b0ae-46184efe905f"
2,"c0025ef9-e1fc-4659-95c8-be0d66edf2c2"
2,"c0b5d5e9-460e-4535-9b3d-4a95d069d596"
2,"c0c05927-9920-4642-aa0f-dd6d7e6229d8"
2,"c467e5e7-f5c2-4063-b9b6-ea22a295d740"
2,"c8320d73041d489aa8cec8c58374c5bb"
2,"c9c9acbf-50c5-46dc-8a1f-d4eb9e0e2f07"
2,"ca2e63b4-a66c-4b47-a6ce-73e327851d49"
2,"ca654dbe-c5d2-48cc-8cde-dbfbf63e690f"
2,"ca92cb01-a8c9-4541-8cf9-bb3b94bd6212"
2,"cb07906a-4432-467d-9805-6af7328872a5"
2,"cb0a6111-58dc-42e7-96c7-05adb7e81c2a"
2,"content_audiobooks"
2,"content_audiobooks_biography-and-memoir"
2,"content_audiobooks_business-and-careers"
2,"content_audiobooks_fiction-and-literature"
2,"content_audiobooks_mystery-and-thriller"
2,"content_audiobooks_nonfiction"
2,"content_audiobooks_parenting-and-relationships"
2,"content_audiobooks_religion-and-spirituality"
2,"content_audiobooks_romance"
2,"content_audiobooks_sci-fi-and-fantasy"
2,"content_audiobooks_self-help"
2,"content_audiobooks_teen-and-young-adult"
2,"content_music"
2,"content_music_edm/dance"
2,"content_music_hip hop"
2,"content_podcasts"
2,"content_podcasts_business-and-technology"
2,"content_podcasts_comedy"
2,"content_podcasts_educational"
2,"content_podcasts_games"
2,"content_podcasts_lifestyle-and-health"
2,"content_podcasts_news-and-politics"
2,"d0115a84-07dc-4c8e-8681-b14b46df0502"
2,"d104b7b4-dc5f-4b65-895c-fea2fcc4f4b7"
2,"d166837a-6f85-44d3-bc70-7e4308724691"
2,"d4321a36-fbee-4f13-97d9-83ae1a4d4d8a"
2,"d67fcbfc-fa46-4f50-9da3-c8ab9df43ae7"
2,"d8e51d8e-6f9b-4ee1-a521-1d3a053190c4"
2,"da0b386258df45039541130a3bcf1d90"
2,"da2285bf-5418-457b-ba2a-b472fd575b73"
2,"dc13a274-d82e-403d-8d4f-2c4ba298ea6b"
2,"dd395c79-36c1-4681-8854-df44d8202e78"
2,"de473ca8-0882-4145-b7b0-2fe0f7e6f167"
2,"decf38c4-b47e-4b03-8ea2-954f76f7935b"
2,"demographic_age_18-21"
2,"demographic_female"
2,"e395dbc5-1d64-4886-829c-a84c291bf5e3"
2,"e3ec4738-274d-45aa-b765-db5f7c976d7d"
2,"e5d6aa0e-d48a-4558-a588-1c43d07e33d3"
2,"e613a618-af6d-42ee-aff1-057aa597219c"
2,"e6823423-c750-4f38-b7d9-131a665914d2"
2,"e697d322-4d13-4c37-8bf1-f684031d7a20"
2,"e6f5b212-3e8f-4d79-854d-39753b2ff483"
2,"e8d54fd4-7b45-4874-9432-a68ac2141f34"
2,"e95f32b4-b68b-4a05-83a0-fe7bc2cf88ce"
2,"e9bb59f8-7197-49b1-9de1-f02d6e89ef2e"
2,"ea3a39b5-80a7-4542-83d2-0a888c10bdb4"
2,"ebbe8843-1dd5-4790-b864-33bb0a0b2cde"
2,"ec910226-1109-4993-aeb2-006891f4035b"
2,"ecf0995b-fb27-4545-84cd-cb0a83d00781"
2,"ee472d3f-d24f-4201-9a15-6757c607570f"
2,"f3d6114c-73d9-499b-8827-9ff0fb5d351d"
2,"f770376f-ffab-46d7-86de-a3f1129d52bd"
2,"f77273d2-a3e5-41b1-858f-7f15c4b2e423"
2,"f8219dd5-ff91-44a6-a34c-b4e03828d525"
2,"f8597c03-bccc-4557-a11b-d1d3076b5e0e"
2,"f9cabe4e-1212-4ce4-90aa-476b56a40be6"
2,"fdc175a5-8fe7-450f-a02a-c0dd8e702c91"
2,"ff6d9812-80ec-474a-91c1-8986dbcd7612"
2,"impressions-order-3001460787"
2,"impressions-order-3014967529"
2,"impressions-order-3037149029"
2,"interest_academic-interests"
2,"interest_academic-interests_arts-and-humanities"
2,"interest_academic-interests_arts-and-humanities_counseling"
2,"interest_academic-interests_arts-and-humanities_music-and-art"
2,"interest_academic-interests_arts-and-humanities_philosophy"
2,"interest_academic-interests_life-sciences"
2,"interest_academic-interests_life-sciences_biology"
2,"interest_academic-interests_life-sciences_medicine-and-healthcare"
2,"interest_academic-interests_social-sciences"
2,"interest_academic-interests_social-sciences_economics"
2,"interest_academic-interests_social-sciences_education"
2,"interest_academic-interests_social-sciences_governance-and-society"
2,"interest_academic-interests_social-sciences_international-relations"
2,"interest_academic-interests_social-sciences_psychology"
2,"interest_automotive"
2,"interest_automotive_auto-buying-and-selling"
2,"interest_books-and-literature"
2,"interest_books-and-literature_fiction"
2,"interest_business-and-finance"
2,"interest_business-and-finance_business"
2,"interest_business-and-finance_business_business-administration"
2,"interest_business-and-finance_business_business-banking-and-finance"
2,"interest_business-and-finance_business_business-it"
2,"interest_business-and-finance_business_business-operations"
2,"interest_business-and-finance_business_consumer-issues"
2,"interest_business-and-finance_business_executive-leadership-and-management"
2,"interest_business-and-finance_business_government-business"
2,"interest_business-and-finance_business_green-solutions"
2,"interest_business-and-finance_business_human-resources"
2,"interest_business-and-finance_business_large-business"
2,"interest_business-and-finance_business_logistics"
2,"interest_business-and-finance_business_marketing-and-advertising"
2,"interest_business-and-finance_business_sales"
2,"interest_business-and-finance_business_small-and-medium-sized-business"
2,"interest_business-and-finance_business_startups"
2,"interest_business-and-finance_economy"
2,"interest_business-and-finance_economy_commodities"
2,"interest_business-and-finance_economy_currencies"
2,"interest_business-and-finance_economy_financial-crisis"
2,"interest_business-and-finance_economy_financial-reform"
2,"interest_business-and-finance_economy_financial-regulation"
2,"interest_business-and-finance_economy_gasoline-prices"
2,"interest_business-and-finance_economy_housing-market"
2,"interest_business-and-finance_economy_interest-rates"
2,"interest_business-and-finance_economy_job-market"
2,"interest_business-and-finance_industries"
2,"interest_business-and-finance_industries_advertising-industry"
2,"interest_business-and-finance_industries_agriculture"
2,"interest_business-and-finance_industries_apparel-industry"
2,"interest_business-and-finance_industries_automotive-industry"
2,"interest_business-and-finance_industries_aviation-industry"
2,"interest_business-and-finance_industries_biotech-and-biomedical-industry"
2,"interest_business-and-finance_industries_civil-engineering-industry"
2,"interest_business-and-finance_industries_construction-industry"
2,"interest_business-and-finance_industries_defense-industry"
2,"interest_business-and-finance_industries_education-industry"
2,"interest_business-and-finance_industries_environmental-services-industry"
2,"interest_business-and-finance_industries_financial-industry"
2,"interest_business-and-finance_industries_food-industry"
2,"interest_business-and-finance_industries_healthcare-industry"
2,"interest_business-and-finance_industries_hospitality-industry"
2,"interest_business-and-finance_industries_information-services-industry"
2,"interest_business-and-finance_industries_legal-services-industry"
2,"interest_business-and-finance_industries_management-consulting-industry"
2,"interest_business-and-finance_industries_manufacturing-industry"
2,"interest_business-and-finance_industries_media-industry"
2,"interest_business-and-finance_industries_metals-industry"
2,"interest_business-and-finance_industries_non-profit-organizations"
2,"interest_business-and-finance_industries_pharmaceutical-industry"
2,"interest_business-and-finance_industries_power-and-energy-industry"
2,"interest_business-and-finance_industries_retail-industry"
2,"interest_business-and-finance_industries_technology-industry"
2,"interest_business-and-finance_industries_telecommunications-industry"
2,"interest_careers"
2,"interest_careers_career-advice"
2,"interest_careers_career-planning"
2,"interest_education"
2,"interest_education_adult-education"
2,"interest_education_language-learning"
2,"interest_education_online-education"
2,"interest_events-and-attractions"
2,"interest_events-and-attractions_personal-celebrations-and-life-events"
2,"interest_family-and-relationships"
2,"interest_family-and-relationships_dating"
2,"interest_family-and-relationships_parenting"
2,"interest_family-and-relationships_parenting_daycare-and-pre-school"
2,"interest_family-and-relationships_parenting_internet-safety"
2,"interest_family-and-relationships_parenting_parenting-babies-and-toddlers"
2,"interest_family-and-relationships_parenting_parenting-children-aged-4-11"
2,"interest_family-and-relationships_parenting_parenting-teens"
2,"interest_fine-art"
2,"interest_fine-art_dance"
2,"interest_food-and-drink"
2,"interest_health-and-medical-services"
2,"interest_health-and-medical-services_health-and-pharma"
2,"interest_health-and-medical-services_health-and-pharma_medical-services"
2,"interest_healthy-living"
2,"interest_healthy-living_fitness-and-exercise"
2,"interest_healthy-living_wellness"
2,"interest_healthy-living_wellness_alternative-medicine"
2,"interest_healthy-living_wellness_alternative-medicine_holistic-health"
2,"interest_healthy-living_yoga"
2,"interest_hobbies-and-interests"
2,"interest_hobbies-and-interests_arts-and-crafts"
2,"interest_hobbies-and-interests_content-production_audio-production"
2,"interest_hobbies-and-interests_musical-instruments"
2,"interest_medical-health"
2,"interest_movies"
2,"interest_movies_comedy-movies"
2,"interest_movies_horror-movies"
2,"interest_movies_romance-movies"
2,"interest_music-and-audio_comedy-music-and-audio"
2,"interest_music_autumn"
2,"interest_music_bollywood"
2,"interest_music_brazilian funk"
2,"interest_music_chill"
2,"interest_music_club"
2,"interest_music_cold"
2,"interest_music_folk"
2,"interest_music_indie"
2,"interest_music_k-pop"
2,"interest_music_latin"
2,"interest_music_winter"
2,"interest_news-and-politics"
2,"interest_news-and-politics_crime"
2,"interest_news-and-politics_disasters"
2,"interest_news-and-politics_international-news"
2,"interest_news-and-politics_law"
2,"interest_news-and-politics_local-news"
2,"interest_news-and-politics_national-news"
2,"interest_news-and-politics_politics"
2,"interest_news-and-politics_politics_elections"
2,"interest_news-and-politics_politics_political-issues"
2,"interest_news-and-politics_weather"
2,"interest_personal-finance"
2,"interest_personal-finance_personal-investing"
2,"interest_pharmaceuticals-conditions-and-symptoms"
2,"interest_pharmaceuticals-conditions-and-symptoms_health-and-pharma"
2,"interest_pop-culture"
2,"interest_pop-culture_humor-and-satire"
2,"interest_social-gatherings_birthday"
2,"interest_sports"
2,"interest_sports_american-football"
2,"interest_sports_australian-rules-football"
2,"interest_sports_college-sports"
2,"interest_sports_college-sports_college-football"
2,"interest_sports_extreme-sports"
2,"interest_sports_olympic-sports_summer-olympic-sports"
2,"interest_sports_soccer"
2,"interest_sports_swimming"
2,"interest_technology-and-computing"
2,"interest_technology-and-computing_computing_social-networking"
2,"interest_television"
2,"interest_television_comedy-tv"
2,"interest_television_music-tv"
2,"interest_travel"
2,"interest_travel_beach-travel"
2,"interest_travel_europe-travel"
2,"interest_video-gaming"
2,"interest_video-gaming_video-game-genres"
2,"interest_video-gaming_video-game-genres_educational-video-games"
3,"00b8f7ad-d91b-4ff5-acbb-b1d5bbdc0104"
3,"00eaa841-4a6a-4ff2-be64-831004e1663b"
3,"02ce719c-4911-4e1e-a05a-ebfca308d10d"
3,"0329338c-15cc-4838-a476-101c2617621f"
3,"03ded614-6485-44c7-9a41-a531117f69e8"
3,"0418cdcd-5f26-4dc9-856d-11f82b560cb8"
3,"0443b7a8-1f9c-4497-ae2e-fe74742c2b19"
3,"0bde0127d2e94b8fa316fa1075199182"
3,"0bf58de6-850c-41fc-a428-6545dd747a91"
3,"0d81238d-86a5-4e8a-9c37-41e7421df9a0"
3,"1025da9a-c31d-4a3b-843d-2ec14a1f2ec6"
3,"105afef0-903a-43b7-9c50-7ede3810e23f"
3,"15c72004-05bf-4fd8-8250-ab312f09c14d"
3,"17cd9706-3f29-4c5e-97b9-fe2c37ce74fe"
3,"1P_Custom_2024_Wrapped_Engagers"
3,"1P_Custom_Algorithmic_Playlist_Listeners"
3,"1P_Custom_Apple_Airpods_Streamers [Advertiser-Restricted]"
3,"1P_Custom_Apple_Loyalists [Advertiser-Restricted]"
3,"1P_Custom_Auto_Honda [Advertiser-Specific]"
3,"1P_Custom_Auto_Standard_Car_Streamers"
3,"1P_Custom_Auto_Tesla [Advertiser-Specific]"
3,"1P_Custom_Broadway_Soundtrack_Streamers"
3,"1P_Custom_Canadian_Artist_Listeners"
3,"1P_Custom_Car_Mode_Streamers"
3,"1P_Custom_Content_Affinity_EQUAL"
3,"1P_Custom_Daylist_Power_Playlist_Streamers_New"
3,"1P_Custom_English_Language_Content_Listeners"
3,"1P_Custom_Friendship_Playlist_Listeners"
3,"1P_Custom_Holiday_Playlist_Streamers"
3,"1P_Custom_In_Car_Streamers"
3,"1P_Custom_International_Travelers"
3,"1P_Custom_Live_Events_Concerts_Hub_Users"
3,"1P_Custom_Made_For_You_Power_Playlist_Streamers"
3,"1P_Custom_Musicals_Playlist_Listeners"
3,"1P_Custom_Podcast_Category_Beauty_and_Fashion"
3,"1P_Custom_Romance_Playlist_Listeners"
3,"1P_Custom_Smart_Technology_Streamers"
3,"1P_Custom_Summer_Moment_Listeners"
3,"1P_Custom_TV_Movies_Hub_Streamers"
3,"1P_Custom_Wicked_Musical_Content_Listeners"
3,"1P_Custom_Windows_Users [Advertiser-Restricted]"
3,"1P_Custom_Wireless_Headphone_Users"
3,"1P_Custom_Workout_Moment_Listeners"
3,"1P_Custom_Wrapped_Eligible"
3,"1P_Custom_Wrapped_Listeners"
3,"1P_Custom_Wrapped_Power_Playlist_Streamers"
3,"1P_Custom_iOS_Mobile_Streamers [Advertiser-Restricted]"
3,"1abf8bf5-b696-41e0-b439-f3244c2712cf"
3,"1c1d7dd0-8c18-4fe4-a7c8-ffd217d21e37"
3,"1e852355-0a12-4b6a-93ff-11e5cc5e6143"
3,"20cd3541703343fc9efda033d3457031"
3,"20feb4cc-246d-4f26-bf62-078ff51b3609"
3,"225b8db3-41d2-4855-b557-9f259bc66e48"
3,"2374fa41-f053-4ff0-a1f5-3472d8fb5a88"
3,"238ddd70-916b-42dd-b5e5-281a43801a0d"
3,"244e68a6-a3c7-4b8a-9fe8-c762c1230253"
3,"248d6854-c8ee-46e3-8643-b9dd8f95441c"
3,"2701fe59-b580-4496-a09e-942c861cb57b"
3,"2703f585-f259-4228-9bed-128b55392ab3"
3,"29a0c7b3-365e-4faa-95de-74e2ee0b0781"
3,"2a9cbff5-5dfa-40d1-b05c-d1a7ad3c7db5"
3,"2b0ed6a5-3e14-46ff-b547-853e65f06ac0"
3,"2f2b2dac-f3cb-4aad-8c7e-fa660f1a1bfd"
3,"2fea6cb2-3a03-4d09-8ba3-86c4299e7754"
3,"32ad8ae6-d726-41ef-828d-0c01e5cc8ec0"
3,"350c9eb5-c205-4665-9a64-f9f95817260a"
3,"352a8737-d358-4915-b49b-366450f7e589"
3,"3612089b-1230-4479-ba73-d7620baf7ad6"
3,"370468a9-2c16-4da8-b5e4-bf8c42e7c952"
3,"37d7f53c-ca5c-4eea-98c7-dc86538cef07"
3,"3969d472-9e7e-474e-8d85-3916444a8034"
3,"39b584607a5a4c8b86499ec73808fe12"
3,"3aa6a813-6c23-445a-b462-297c6a1ea268"
3,"3bd2b08f-4bfb-4d2f-ae51-0ad57f498069"
3,"3c064d8c-ba6b-44b2-9175-7af5697dc480"
3,"3e3025f6-3722-4e22-8b37-c7c13a0fd949"
3,"3ef2a0cb-5235-45a3-8bbf-cec6bbd111f7"
3,"427d03fc-dbd7-4a3f-b6fa-287005cfe460"
3,"42992ca5b8d3489799b70a89f7536112"
3,"4bd7a796-1286-4f80-a272-31230ee568ea"
3,"4c57d833-45ad-4592-9708-6359dccec782"
3,"4e28ec8b-ba5e-433b-821c-da93f6dca55a"
3,"4ed0f581-0a8c-4021-925d-6e8e3933f11a"
3,"4f41474e-ce08-435b-950e-c9ad68be11f9"
3,"504bd9a7-f44d-46db-8e0a-04f33b44a639"
3,"516720fd-2b18-4177-9a9d-6d828cf0afda"
3,"54880ba1-40b4-41f5-970e-cf80a8978034"
3,"59615d68-e87f-4a7b-ada5-d5ef2ff9939e"
3,"5ae8f2d1-5936-47ad-81d3-8ea86d665917"
3,"5b931046-c5d0-4814-899f-51d774cb954e"
3,"5cabbc13-e8d5-4b41-ae8d-460ad645bb0b"
3,"5cbf0e5d-6d8d-4a78-b6c5-252ba2dd2daa"
3,"5fe3a5b6-508b-49ee-ba8d-4a63266f6416"
3,"6018d181-48b8-4978-94a3-9042b02541ff"
3,"605efd7d-bb2a-45de-8276-6dab2d1f981b"
3,"6716b23a-fbc3-484c-9971-15ad55a61864"
3,"67c58539-0150-44e0-bebf-d4ffc9b2cc60"
3,"67d25600-de07-4f68-ade3-cb4db9dd4447"
3,"69878e31-aa43-4d9f-90fb-51f62f0c4685"
3,"6987d53c-a655-4acd-8705-7d0398f686b8"
3,"6b3bbb75-a082-43da-a4a6-4e47d6e04387"
3,"6b9b1dc3-b487-4f55-9973-e5d84c8540ce"
3,"6c2f9525-4919-4491-a7cd-a7d05896db87"
3,"6c723f44-a2b7-4872-8163-e1d875a00d55"
3,"6cd0724c-bc49-4303-ad5a-4907cea1929e"
3,"6dcfe7bd-3e7c-4126-8547-5584f1268a76"
3,"6e9dac43-3f0e-4dc3-9ed6-a498c6a2d118"
3,"71ab5845-71d7-475c-a329-71ef17f50d44"
3,"75a7b313-7068-43d7-8fb3-8dc79c160207"
3,"778aec5f-1693-4154-8c0e-4dbf5d85b8c8"
3,"77e16875-c7a7-4d5d-9979-267b77d612c7"
3,"79fda190-c131-4ecf-886f-7f1adf99af1b"
3,"7b0f421f2de54d9fb34b9081b4cf588c"
3,"7b37df46-2895-4d3c-9ad9-3e089db4bdcd"
3,"7dd7383d-9256-4897-8be4-76ddf49a0f74"
3,"7e89978b5996451486924f079add30e2"
3,"7f64f7fc-2f12-47e2-8fc7-36df2d3e818e"
3,"80dec1f9-a562-4093-a099-8791c4ae35e0"
3,"813330fa-d9ed-4e69-90f0-87c1d3d0d08b"
3,"84d14ad2-7f75-4243-90f6-5da875bbf843"
3,"884c7a23-e74b-4d26-9315-33473a4aec08"
3,"89858f3b-d34f-4431-b2f7-5285f4a3ccdc"
3,"8b051ec3-55e1-4935-8bdf-8346d5ba4866"
3,"8f288b0a-8695-467d-a7f0-4619e29539d2"
3,"8fdfdd6c-0652-4706-b818-fc59b2439d02"
3,"90c34e00-e551-4da7-881d-60763b6aeea0"
3,"9508a922-49ac-49dc-a615-cadacafb1192"
3,"950bd4b3-6e68-4ad2-864b-2e6385f561ec"
3,"976ba51e-5654-42c6-9fc2-753d5a909c6d"
3,"981bebbd-7b65-4e95-9fbe-fa1bd3bdd3b6"
3,"9c203e46-706d-4038-9e7a-0dd64141f024"
3,"Orchestra AntiTargetAudience"
3,"a1c56d9b-8e65-4591-962c-dcd8b5153edf"
3,"a4f1eae3-1e2e-4e41-a2f3-cc04574f269e"
3,"a56267d0-8b1e-441e-ab44-d62555be9a12"
3,"a6923924-de67-44d1-a448-11025b7dccfb"
3,"aa33c143-b58c-4624-917a-61c375070a61"
3,"ace75cb2-2111-4c3d-972c-370fb9042830"
3,"ae9b4609-f286-4955-b55b-97d5a8f35cb1"
3,"b18fbec0-278f-4fd7-af33-228eee17e6a4"
3,"b1e267e0-e4a3-4e76-84c7-f59ee3c57de4"
3,"b29d07a3-cd17-407b-95be-282cb6236d42"
3,"b5bf6843-ccc7-45e5-95f1-c2b71cdf1bfd"
3,"b61aeb55-c4df-46e1-9ea4-c0f2a86ca589"
3,"b6b6af41-3487-4502-bad4-017f86a9aa6d"
3,"b7ccf08c-91aa-48dc-ac7e-c363ecea48f0"
3,"b91855ac-8c6a-4b74-be63-510b73690c89"
3,"b9552fb3-eeb9-4efd-979f-03d6ea67e7ed"
3,"bbf843b6-a781-45ec-9dbc-9bbe4cb4a9d4"
3,"bd9c4eb7-ee8c-4274-8b8e-27ddbac8fb91"
3,"be6bed3d-cde1-41a1-86b6-b5b1073eac4b"
3,"bfa1a545-c77d-4888-9409-3104e6ac0144"
3,"c0025ef9-e1fc-4659-95c8-be0d66edf2c2"
3,"c0b5d5e9-460e-4535-9b3d-4a95d069d596"
3,"c9c9acbf-50c5-46dc-8a1f-d4eb9e0e2f07"
3,"ca2e63b4-a66c-4b47-a6ce-73e327851d49"
3,"ca654dbe-c5d2-48cc-8cde-dbfbf63e690f"
3,"ca92cb01-a8c9-4541-8cf9-bb3b94bd6212"
3,"cb07906a-4432-467d-9805-6af7328872a5"
3,"cc0f035d-f019-4c53-9426-d981eac89295"
3,"content_audiobooks"
3,"content_audiobooks_biography-and-memoir"
3,"content_audiobooks_fiction-and-literature"
3,"content_audiobooks_nonfiction"
3,"content_audiobooks_romance"
3,"content_music"
3,"content_music_alternative"
3,"content_podcasts"
3,"content_podcasts_dating-and-romantic-relationships"
3,"content_podcasts_lifestyle-and-health"
3,"d0115a84-07dc-4c8e-8681-b14b46df0502"
3,"d104b7b4-dc5f-4b65-895c-fea2fcc4f4b7"
3,"d166837a-6f85-44d3-bc70-7e4308724691"
3,"d4321a36-fbee-4f13-97d9-83ae1a4d4d8a"
3,"d56ee1bf-1f0b-40f9-9a80-939d69d1b293"
3,"d67fcbfc-fa46-4f50-9da3-c8ab9df43ae7"
3,"d8e51d8e-6f9b-4ee1-a521-1d3a053190c4"
3,"dc13a274-d82e-403d-8d4f-2c4ba298ea6b"
3,"dd395c79-36c1-4681-8854-df44d8202e78"
3,"de473ca8-0882-4145-b7b0-2fe0f7e6f167"
3,"decf38c4-b47e-4b03-8ea2-954f76f7935b"
3,"demographic_age_25-29"
3,"demographic_driver"
3,"demographic_female"
3,"e395dbc5-1d64-4886-829c-a84c291bf5e3"
3,"e3ec4738-274d-45aa-b765-db5f7c976d7d"
3,"e5d6aa0e-d48a-4558-a588-1c43d07e33d3"
3,"e613a618-af6d-42ee-aff1-057aa597219c"
3,"e6823423-c750-4f38-b7d9-131a665914d2"
3,"e697d322-4d13-4c37-8bf1-f684031d7a20"
3,"e6f5b212-3e8f-4d79-854d-39753b2ff483"
3,"e8d54fd4-7b45-4874-9432-a68ac2141f34"
3,"e95f32b4-b68b-4a05-83a0-fe7bc2cf88ce"
3,"e98c9e61-42d8-4bf7-9078-06b9bf632117"
3,"e9bb59f8-7197-49b1-9de1-f02d6e89ef2e"
3,"ebbe8843-1dd5-4790-b864-33bb0a0b2cde"
3,"ec910226-1109-4993-aeb2-006891f4035b"
3,"ecf0995b-fb27-4545-84cd-cb0a83d00781"
3,"ee472d3f-d24f-4201-9a15-6757c607570f"
3,"f3d6114c-73d9-499b-8827-9ff0fb5d351d"
3,"f770376f-ffab-46d7-86de-a3f1129d52bd"
3,"f8219dd5-ff91-44a6-a34c-b4e03828d525"
3,"f8597c03-bccc-4557-a11b-d1d3076b5e0e"
3,"f9cabe4e-1212-4ce4-90aa-476b56a40be6"
3,"fb3a8d0c-7c74-40ed-a432-77504e44c476"
3,"fdc175a5-8fe7-450f-a02a-c0dd8e702c91"
3,"ff9a856c871a48a7a852d509410b9f5e"
3,"interest_academic-interests"
3,"interest_academic-interests_arts-and-humanities"
3,"interest_academic-interests_arts-and-humanities_music-and-art"
3,"interest_academic-interests_arts-and-humanities_philosophy"
3,"interest_academic-interests_social-sciences"
3,"interest_academic-interests_social-sciences_governance-and-society"
3,"interest_academic-interests_social-sciences_psychology"
3,"interest_books-and-literature"
3,"interest_books-and-literature_fiction"
3,"interest_books-and-literature_young-adult-literature"
3,"interest_business-and-finance"
3,"interest_business-and-finance_business"
3,"interest_business-and-finance_business_business-banking-and-finance"
3,"interest_business-and-finance_business_business-operations"
3,"interest_business-and-finance_business_human-resources"
3,"interest_business-and-finance_industries_hospitality-industry"
3,"interest_careers"
3,"interest_careers_career-advice"
3,"interest_careers_career-planning"
3,"interest_events-and-attractions"
3,"interest_events-and-attractions_personal-celebrations-and-life-events"
3,"interest_family-and-relationships"
3,"interest_family-and-relationships_dating"
3,"interest_family-and-relationships_parenting"
3,"interest_family-and-relationships_parenting_daycare-and-pre-school"
3,"interest_family-and-relationships_parenting_internet-safety"
3,"interest_family-and-relationships_parenting_parenting-babies-and-toddlers"
3,"interest_family-and-relationships_parenting_parenting-teens"
3,"interest_fine-art"
3,"interest_fine-art_opera"
3,"interest_food-and-drink"
3,"interest_health-and-medical-services"
3,"interest_health-and-medical-services_health-and-pharma_medical-services"
3,"interest_healthy-living"
3,"interest_healthy-living_fitness-and-exercise"
3,"interest_healthy-living_wellness"
3,"interest_healthy-living_yoga"
3,"interest_hobbies-and-interests"
3,"interest_hobbies-and-interests_arts-and-crafts"
3,"interest_hobbies-and-interests_content-production"
3,"interest_hobbies-and-interests_content-production_audio-production"
3,"interest_hobbies-and-interests_content-production_video-production"
3,"interest_hobbies-and-interests_musical-instruments"
3,"interest_home-and-garden"
3,"interest_home-and-garden_gardening"
3,"interest_home-and-garden_home-entertaining"
3,"interest_home-and-garden_outdoor-decorating"
3,"interest_movies"
3,"interest_movies_comedy-movies"
3,"interest_movies_romance-movies"
3,"interest_music-and-audio_comedy-music-and-audio"
3,"interest_music_ambient"
3,"interest_music_autumn"
3,"interest_music_chill"
3,"interest_music_holiday"
3,"interest_music_sleep"
3,"interest_music_soundtrack"
3,"interest_music_summer"
3,"interest_news-and-politics"
3,"interest_news-and-politics_politics_political-issues"
3,"interest_personal-finance"
3,"interest_pets"
3,"interest_pets_birds"
3,"interest_pop-culture"
3,"interest_pop-culture_humor-and-satire"
3,"interest_real-estate"
3,"interest_social-gatherings_birthday"
3,"interest_social-gatherings_holidays"
3,"interest_social-gatherings_music-festivals"
3,"interest_style-and-fashion"
3,"interest_technology-and-computing"
3,"interest_television"
3,"interest_television_comedy-tv"
3,"interest_television_music-tv"
3,"interest_travel"
3,"interest_travel_camping"
3,"interest_video-gaming"
3,"interest_video-gaming_video-game-genres_music-and-party-video-games"
4,"00b8f7ad-d91b-4ff5-acbb-b1d5bbdc0104"
4,"0329338c-15cc-4838-a476-101c2617621f"
4,"039493f7-0d8a-4d0d-80b9-f76da0013333"
4,"03ded614-6485-44c7-9a41-a531117f69e8"
4,"0443b7a8-1f9c-4497-ae2e-fe74742c2b19"
4,"0688251c-aea5-4c7a-8ecc-3ea46eac32b2"
4,"1025da9a-c31d-4a3b-843d-2ec14a1f2ec6"
4,"11973e9a-4b2b-448c-ac86-c5c52b4ac28c"
4,"147c17a7-a2f0-4a4b-8660-a44a7a1ff948"
4,"15c72004-05bf-4fd8-8250-ab312f09c14d"
4,"17cd9706-3f29-4c5e-97b9-fe2c37ce74fe"
4,"1P_Custom_2024_Wrapped_Engagers"
4,"1P_Custom_Algorithmic_Playlist_Listeners"
4,"1P_Custom_Apple_Airpods_Streamers [Advertiser-Restricted]"
4,"1P_Custom_Apple_Loyalists [Advertiser-Restricted]"
4,"1P_Custom_Apple_Super_Fans [Advertiser-Restricted]"
4,"1P_Custom_Apple_Wearables_Users [Advertiser-Restricted]"
4,"1P_Custom_Auto_Standard_Car_Streamers"
4,"1P_Custom_Auto_Subaru [Advertiser-Specific]"
4,"1P_Custom_Auto_Toyota [Advertiser-Specific]"
4,"1P_Custom_Broadway_Soundtrack_Streamers"
4,"1P_Custom_Canadian_Artist_Listeners"
4,"1P_Custom_Car_Mode_Streamers"
4,"1P_Custom_Device_Laggards_ios_Mobile"
4,"1P_Custom_English_Language_Content_Listeners"
4,"1P_Custom_Holiday_Playlist_Streamers"
4,"1P_Custom_In_Car_Streamers"
4,"1P_Custom_Made_For_You_Power_Playlist_Streamers"
4,"1P_Custom_Mobile_Only_Streamers"
4,"1P_Custom_Musicals_Playlist_Listeners"
4,"1P_Custom_Philippines_20Kto50K_Device_Listeners"
4,"1P_Custom_Romance_Playlist_Listeners"
4,"1P_Custom_Smart_Technology_Streamers"
4,"1P_Custom_Sony_Headphones_Users [Advertiser-Restricted]"
4,"1P_Custom_Summer_Moment_Listeners"
4,"1P_Custom_Wireless_Headphone_Users"
4,"1P_Custom_Workout_Moment_Listeners"
4,"1P_Custom_Wrapped_Eligible"
4,"1P_Custom_Wrapped_Listeners"
4,"1P_Custom_Wrapped_Power_Playlist_Streamers"
4,"1P_Custom_iOS_Mobile_Streamers [Advertiser-Restricted]"
4,"1P_Custom_iPhone_14_Users [Advertiser-Restricted]"
4,"1abf8bf5-b696-41e0-b439-f3244c2712cf"
4,"1c1d7dd0-8c18-4fe4-a7c8-ffd217d21e37"
4,"20cd3541703343fc9efda033d3457031"
4,"20feb4cc-246d-4f26-bf62-078ff51b3609"
4,"225b8db3-41d2-4855-b557-9f259bc66e48"
4,"2374fa41-f053-4ff0-a1f5-3472d8fb5a88"
4,"238ddd70-916b-42dd-b5e5-281a43801a0d"
4,"244e68a6-a3c7-4b8a-9fe8-c762c1230253"
4,"248d6854-c8ee-46e3-8643-b9dd8f95441c"
4,"25481e24-1bdd-494c-b2c9-bf6fa49d08da"
4,"2701fe59-b580-4496-a09e-942c861cb57b"
4,"2a9cbff5-5dfa-40d1-b05c-d1a7ad3c7db5"
4,"2b0ed6a5-3e14-46ff-b547-853e65f06ac0"
4,"2f2b2dac-f3cb-4aad-8c7e-fa660f1a1bfd"
4,"2fea6cb2-3a03-4d09-8ba3-86c4299e7754"
4,"32ad8ae6-d726-41ef-828d-0c01e5cc8ec0"
4,"34230cd4-828e-4620-9be4-5773dd7bbf8f"
4,"350c9eb5-c205-4665-9a64-f9f95817260a"
4,"352a8737-d358-4915-b49b-366450f7e589"
4,"3541cb2c-7409-4660-855e-f3451b8a553a"
4,"370468a9-2c16-4da8-b5e4-bf8c42e7c952"
4,"37d7f53c-ca5c-4eea-98c7-dc86538cef07"
4,"3969d472-9e7e-474e-8d85-3916444a8034"
4,"3bd2b08f-4bfb-4d2f-ae51-0ad57f498069"
4,"3c064d8c-ba6b-44b2-9175-7af5697dc480"
4,"3ee6dd0e-6514-423b-8930-d4e54c7990f5"
4,"3ef2a0cb-5235-45a3-8bbf-cec6bbd111f7"
4,"45401e04-fdc2-4dfa-a68e-2699c0840115"
4,"4a6bbfb9-7d7c-40fe-98e0-4c8adf0db12e"
4,"4bd7a796-1286-4f80-a272-31230ee568ea"
4,"4c57d833-45ad-4592-9708-6359dccec782"
4,"4e28ec8b-ba5e-433b-821c-da93f6dca55a"
4,"4ed0f581-0a8c-4021-925d-6e8e3933f11a"
4,"504bd9a7-f44d-46db-8e0a-04f33b44a639"
4,"516720fd-2b18-4177-9a9d-6d828cf0afda"
4,"58dd6f6e-5965-4498-85b2-d234423c0f26"
4,"5cabbc13-e8d5-4b41-ae8d-460ad645bb0b"
4,"6018d181-48b8-4978-94a3-9042b02541ff"
4,"605efd7d-bb2a-45de-8276-6dab2d1f981b"
4,"67d25600-de07-4f68-ade3-cb4db9dd4447"
4,"68ad475c-b939-4d16-891f-7dd22c1cf01a"
4,"69878e31-aa43-4d9f-90fb-51f62f0c4685"
4,"6987d53c-a655-4acd-8705-7d0398f686b8"
4,"6b3bbb75-a082-43da-a4a6-4e47d6e04387"
4,"6b9b1dc3-b487-4f55-9973-e5d84c8540ce"
4,"6c723f44-a2b7-4872-8163-e1d875a00d55"
4,"6cd0724c-bc49-4303-ad5a-4907cea1929e"
4,"6d53637b-6898-4a7b-8877-5b52cf545e51"
4,"6e04289a-5d70-48f2-b00e-5b6e151b5f44"
4,"6e9dac43-3f0e-4dc3-9ed6-a498c6a2d118"
4,"7471d1a5-ebfb-4c90-a854-e6d567c90c9e"
4,"75a7b313-7068-43d7-8fb3-8dc79c160207"
4,"768609e5-41ef-4e3a-ad8f-bf030cf690f0"
4,"778aec5f-1693-4154-8c0e-4dbf5d85b8c8"
4,"77ca38e3-e65d-4357-93c1-10eb4ccde609"
4,"77e16875-c7a7-4d5d-9979-267b77d612c7"
4,"7b37df46-2895-4d3c-9ad9-3e089db4bdcd"
4,"7dd7383d-9256-4897-8be4-76ddf49a0f74"
4,"7f71eb3f-b0c9-4ba6-b8de-81b77d7fedaa"
4,"80dec1f9-a562-4093-a099-8791c4ae35e0"
4,"813330fa-d9ed-4e69-90f0-87c1d3d0d08b"
4,"89858f3b-d34f-4431-b2f7-5285f4a3ccdc"
4,"8b051ec3-55e1-4935-8bdf-8346d5ba4866"
4,"9144d4e8-0d1e-4129-9ee8-08afe2656fd4"
4,"9508a922-49ac-49dc-a615-cadacafb1192"
4,"950bd4b3-6e68-4ad2-864b-2e6385f561ec"
4,"976ba51e-5654-42c6-9fc2-753d5a909c6d"
4,"981bebbd-7b65-4e95-9fbe-fa1bd3bdd3b6"
4,"9aff0fce-3bed-4b41-8b8c-abd02e24265a"
4,"Orchestra AntiTargetAudience"
4,"a1c56d9b-8e65-4591-962c-dcd8b5153edf"
4,"a6923924-de67-44d1-a448-11025b7dccfb"
4,"a9a8de8c-f26d-4b74-bc0c-7b0f6ae9affb"
4,"aa33c143-b58c-4624-917a-61c375070a61"
4,"ace75cb2-2111-4c3d-972c-370fb9042830"
4,"b18fbec0-278f-4fd7-af33-228eee17e6a4"
4,"b1e267e0-e4a3-4e76-84c7-f59ee3c57de4"
4,"b5464487-86ec-40e1-abee-228cbad20540"
4,"b61aeb55-c4df-46e1-9ea4-c0f2a86ca589"
4,"b6b6af41-3487-4502-bad4-017f86a9aa6d"
4,"b7ccf08c-91aa-48dc-ac7e-c363ecea48f0"
4,"b91855ac-8c6a-4b74-be63-510b73690c89"
4,"b9552fb3-eeb9-4efd-979f-03d6ea67e7ed"
4,"bbf843b6-a781-45ec-9dbc-9bbe4cb4a9d4"
4,"bd9c4eb7-ee8c-4274-8b8e-27ddbac8fb91"
4,"be6bed3d-cde1-41a1-86b6-b5b1073eac4b"
4,"bf8f8521-f67b-4358-9c82-1b75a2ff9c25"
4,"c0025ef9-e1fc-4659-95c8-be0d66edf2c2"
4,"c467e5e7-f5c2-4063-b9b6-ea22a295d740"
4,"ca2e63b4-a66c-4b47-a6ce-73e327851d49"
4,"ca92cb01-a8c9-4541-8cf9-bb3b94bd6212"
4,"content_audiobooks"
4,"content_audiobooks_business-and-careers"
4,"content_audiobooks_self-help"
4,"content_music"
4,"content_music_edm/dance"
4,"content_music_metal"
4,"content_podcasts"
4,"d104b7b4-dc5f-4b65-895c-fea2fcc4f4b7"
4,"d166837a-6f85-44d3-bc70-7e4308724691"
4,"d67fcbfc-fa46-4f50-9da3-c8ab9df43ae7"
4,"dae809b1-8300-40c8-b03c-19d437caae9e"
4,"dc13a274-d82e-403d-8d4f-2c4ba298ea6b"
4,"dd112c15-8947-4f78-b80e-632cc1a99c4c"
4,"de473ca8-0882-4145-b7b0-2fe0f7e6f167"
4,"demographic_age_25-29"
4,"demographic_driver"
4,"demographic_male"
4,"e395dbc5-1d64-4886-829c-a84c291bf5e3"
4,"e3ec4738-274d-45aa-b765-db5f7c976d7d"
4,"e5d6aa0e-d48a-4558-a588-1c43d07e33d3"
4,"e697d322-4d13-4c37-8bf1-f684031d7a20"
4,"e8d54fd4-7b45-4874-9432-a68ac2141f34"
4,"e9bb59f8-7197-49b1-9de1-f02d6e89ef2e"
4,"ea3a39b5-80a7-4542-83d2-0a888c10bdb4"
4,"ebbe8843-1dd5-4790-b864-33bb0a0b2cde"
4,"ebcedf55-7931-42ac-9d4d-9dbbea8c3b81"
4,"ee472d3f-d24f-4201-9a15-6757c607570f"
4,"f3d6114c-73d9-499b-8827-9ff0fb5d351d"
4,"f770376f-ffab-46d7-86de-a3f1129d52bd"
4,"f77273d2-a3e5-41b1-858f-7f15c4b2e423"
4,"f8219dd5-ff91-44a6-a34c-b4e03828d525"
4,"f8597c03-bccc-4557-a11b-d1d3076b5e0e"
4,"f9cabe4e-1212-4ce4-90aa-476b56a40be6"
4,"fb3a8d0c-7c74-40ed-a432-77504e44c476"
4,"fdc175a5-8fe7-450f-a02a-c0dd8e702c91"
4,"ff6d9812-80ec-474a-91c1-8986dbcd7612"
4,"ff9a856c871a48a7a852d509410b9f5e"
4,"interest_academic-interests"
4,"interest_academic-interests_social-sciences_psychology"
4,"interest_books-and-literature"
4,"interest_events-and-attractions"
4,"interest_family-and-relationships"
4,"interest_fine-art"
4,"interest_fine-art_dance"
4,"interest_healthy-living"
4,"interest_healthy-living_fitness-and-exercise"
4,"interest_healthy-living_wellness"
4,"interest_hobbies-and-interests"
4,"interest_movies"
4,"interest_music-and-audio_comedy-music-and-audio"
4,"interest_music_chill"
4,"interest_music_soundtrack"
4,"interest_pop-culture"
4,"interest_sports"
4,"interest_sports_olympic-sports_summer-olympic-sports"
4,"interest_sports_swimming"
4,"interest_television"
4,"interest_travel"
4,"interest_travel_beach-travel"
4,"interest_video-gaming"
6,"1P_Custom_In_Car_Streamers"
6,"427d03fc-dbd7-4a3f-b6fa-287005cfe460"
6,"interest_healthy-living_senior-health"
6,"6716b23a-fbc3-484c-9971-15ad55a61864"
6,"content_audiobooks_romance"
6,"4bd7a796-1286-4f80-a272-31230ee568ea"
6,"interest_hobbies-and-interests_arts-and-crafts"
6,"interest_home-and-garden_home-entertaining"
6,"1P_Custom_Live_Event_Ticket_Purchasers"
6,"interest_hobbies-and-interests_musical-instruments"
6,"1P_Custom_Algorithmic_Playlist_Listeners"
6,"bd2b661c-54ea-40dd-ace7-72c984c8e46a"
6,"interest_technology-and-computing"
6,"content_audiobooks_sci-fi-and-fantasy"
6,"1P_Custom_Musicals_Playlist_Listeners"
6,"dd395c79-36c1-4681-8854-df44d8202e78"
6,"e613a618-af6d-42ee-aff1-057aa597219c"
6,"2fd98340-7c07-4888-9d2f-8892ec1de39b"
6,"1P_Custom_Wrapped_Eligible"
6,"interest_travel_beach-travel"
6,"d166837a-6f85-44d3-bc70-7e4308724691"
6,"demographic_commuter"
6,"interest_sports_olympic-sports_summer-olympic-sports"
6,"84d14ad2-7f75-4243-90f6-5da875bbf843"
6,"1P_Custom_India_50KPlus_Device_Listeners"
6,"b61aeb55-c4df-46e1-9ea4-c0f2a86ca589"
6,"interest_music_2000s"
6,"9e291b99-3277-4a0d-9486-a16905b8fe3c"
6,"ae9b4609-f286-4955-b55b-97d5a8f35cb1"
6,"content_audiobooks_fiction-and-literature"
6,"ee472d3f-d24f-4201-9a15-6757c607570f"
6,"c467e5e7-f5c2-4063-b9b6-ea22a295d740"
6,"1P_Custom_Wireless_Headphone_Users"
6,"6b3bbb75-a082-43da-a4a6-4e47d6e04387"
6,"58dd6f6e-5965-4498-85b2-d234423c0f26"
6,"1P_Custom_Disney_Marvel_Playlist_Streamers"
6,"content_audiobooks_self-help"
6,"ace75cb2-2111-4c3d-972c-370fb9042830"
6,"e3ec4738-274d-45aa-b765-db5f7c976d7d"
6,"605efd7d-bb2a-45de-8276-6dab2d1f981b"
6,"4f41474e-ce08-435b-950e-c9ad68be11f9"
6,"interest_healthy-living_womens-health"
6,"e02ab5f840784392961f388f0828538c"
6,"interest_healthy-living"
6,"77e16875-c7a7-4d5d-9979-267b77d612c7"
6,"interest_fine-art_opera"
6,"d56ee1bf-1f0b-40f9-9a80-939d69d1b293"
6,"666a7b1e-a369-4f06-9f3c-877d67a107ef"
6,"interest_music_summer"
6,"interest_television"
6,"a9a8de8c-f26d-4b74-bc0c-7b0f6ae9affb"
6,"1P_Custom_Focus_Moment_Listeners"
6,"content_music_house"
6,"interest_family-and-relationships"
6,"1P_Custom_Made_For_You_Power_Playlist_Streamers"
6,"content_audiobooks_business-and-careers"
6,"1P_Custom_iPhone_14_Users [Advertiser-Restricted]"
6,"00eaa841-4a6a-4ff2-be64-831004e1663b"
6,"4e28ec8b-ba5e-433b-821c-da93f6dca55a"
6,"interest_commuting"
6,"dae809b1-8300-40c8-b03c-19d437caae9e"
6,"1P_Custom_Game_Day_Playlist_Listeners"
6,"75a7b313-7068-43d7-8fb3-8dc79c160207"
6,"interest_healthy-living_yoga"
6,"b6b6af41-3487-4502-bad4-017f86a9aa6d"
6,"1P_Custom_Device_Laggards_ios_Mobile"
6,"25481e24-1bdd-494c-b2c9-bf6fa49d08da"
6,"f770376f-ffab-46d7-86de-a3f1129d52bd"
6,"1P_Custom_Live_Events_Concerts_Hub_Users"
6,"interest_family-and-relationships_parenting_parenting-babies-and-toddlers"
6,"1P_Custom_Auto_Ford [Advertiser-Specific]"
6,"interest_hobbies-and-interests"
6,"interest_style-and-fashion"
6,"b9552fb3-eeb9-4efd-979f-03d6ea67e7ed"
6,"b7ccf08c-91aa-48dc-ac7e-c363ecea48f0"
6,"interest_music_chill"
6,"interest_business-and-finance_business"
6,"1P_Custom_Smart_Technology_Streamers"
6,"content_music"
6,"ca654dbe-c5d2-48cc-8cde-dbfbf63e690f"
6,"6b9b1dc3-b487-4f55-9973-e5d84c8540ce"
6,"15c72004-05bf-4fd8-8250-ab312f09c14d"
6,"2703f585-f259-4228-9bed-128b55392ab3"
6,"a6923924-de67-44d1-a448-11025b7dccfb"
6,"interest_television_holiday-tv"
6,"76161eb8-facb-4120-a618-3a6eb5c01523"
6,"d0115a84-07dc-4c8e-8681-b14b46df0502"
6,"561764ca-54da-4da2-b5c9-f2936972be36"
6,"content_audiobooks_mystery-and-thriller"
6,"aa33c143-b58c-4624-917a-61c375070a61"
6,"ca92cb01-a8c9-4541-8cf9-bb3b94bd6212"
6,"1P_Custom_Star_Wars_Playlist_Streamers"
6,"6cd0724c-bc49-4303-ad5a-4907cea1929e"
6,"1P_Custom_iOS_Mobile_Streamers [Advertiser-Restricted]"
6,"21852226-48f3-462d-945b-d1a989912af1"
6,"2b0ed6a5-3e14-46ff-b547-853e65f06ac0"
6,"884c7a23-e74b-4d26-9315-33473a4aec08"
6,"69878e31-aa43-4d9f-90fb-51f62f0c4685"
6,"778aec5f-1693-4154-8c0e-4dbf5d85b8c8"
6,"981bebbd-7b65-4e95-9fbe-fa1bd3bdd3b6"
6,"3bd2b08f-4bfb-4d2f-ae51-0ad57f498069"
6,"1P_Custom_Wrapped_Listeners"
6,"interest_education"
6,"c9c9acbf-50c5-46dc-8a1f-d4eb9e0e2f07"
6,"7e89978b5996451486924f079add30e2"
6,"demographic_age_21-24"
6,"813330fa-d9ed-4e69-90f0-87c1d3d0d08b"
6,"e8d54fd4-7b45-4874-9432-a68ac2141f34"
6,"2a9cbff5-5dfa-40d1-b05c-d1a7ad3c7db5"
6,"interest_style-and-fashion_childrens-clothing"
6,"1P_Custom_Relaxation"
6,"fdc175a5-8fe7-450f-a02a-c0dd8e702c91"
6,"interest_sports_cycling"
6,"content_podcasts_religion-and-spirituality"
6,"e98c9e61-42d8-4bf7-9078-06b9bf632117"
6,"4c57d833-45ad-4592-9708-6359dccec782"
6,"32ad8ae6-d726-41ef-828d-0c01e5cc8ec0"
6,"interest_home-and-garden"
6,"content_audiobooks"
6,"7f64f7fc-2f12-47e2-8fc7-36df2d3e818e"
6,"demographic_male"
6,"interest_family-and-relationships_parenting"
6,"f9cabe4e-1212-4ce4-90aa-476b56a40be6"
6,"1P_Custom_Travel_Playlist_Listeners"
6,"e5d6aa0e-d48a-4558-a588-1c43d07e33d3"
6,"interest_academic-interests_arts-and-humanities_history"
6,"2f2b2dac-f3cb-4aad-8c7e-fa660f1a1bfd"
6,"interest_family-and-relationships_parenting_internet-safety"
6,"interest_academic-interests_social-sciences_psychology"
6,"interest_education_adult-education"
6,"f8219dd5-ff91-44a6-a34c-b4e03828d525"
6,"350c9eb5-c205-4665-9a64-f9f95817260a"
6,"1P_Custom_Broadway_Soundtrack_Streamers"
6,"3c064d8c-ba6b-44b2-9175-7af5697dc480"
6,"content_podcasts_infotainment"
6,"interest_family-and-relationships_parenting_daycare-and-pre-school"
6,"interest_television_childrens-tv"
6,"3ef2a0cb-5235-45a3-8bbf-cec6bbd111f7"
6,"interest_pop-culture"
6,"504bd9a7-f44d-46db-8e0a-04f33b44a639"
6,"de473ca8-0882-4145-b7b0-2fe0f7e6f167"
6,"1P_Custom_Auto_Standard_Car_Streamers"
6,"37d7f53c-ca5c-4eea-98c7-dc86538cef07"
6,"content_music_electronica"
6,"11973e9a-4b2b-448c-ac86-c5c52b4ac28c"
6,"6018d181-48b8-4978-94a3-9042b02541ff"
6,"cb07906a-4432-467d-9805-6af7328872a5"
6,"d67fcbfc-fa46-4f50-9da3-c8ab9df43ae7"
6,"bd9c4eb7-ee8c-4274-8b8e-27ddbac8fb91"
6,"1c1d7dd0-8c18-4fe4-a7c8-ffd217d21e37"
6,"ca2e63b4-a66c-4b47-a6ce-73e327851d49"
6,"bfa1a545-c77d-4888-9409-3104e6ac0144"
6,"03ded614-6485-44c7-9a41-a531117f69e8"
6,"interest_shopping"
6,"content_audiobooks_nonfiction"
6,"interest_books-and-literature_childrens-literature"
6,"3e3025f6-3722-4e22-8b37-c7c13a0fd949"
6,"0329338c-15cc-4838-a476-101c2617621f"
6,"1P_Custom_2024_Wrapped_Engagers"
6,"105afef0-903a-43b7-9c50-7ede3810e23f"
6,"92b6019d-932f-4ad3-b4b7-433996b31127"
6,"interest_sports_swimming"
6,"1e852355-0a12-4b6a-93ff-11e5cc5e6143"
6,"516720fd-2b18-4177-9a9d-6d828cf0afda"
6,"0d81238d-86a5-4e8a-9c37-41e7421df9a0"
6,"interest_family-and-relationships_parenting_parenting-children-aged-4-11"
6,"dc13a274-d82e-403d-8d4f-2c4ba298ea6b"
6,"e697d322-4d13-4c37-8bf1-f684031d7a20"
6,"4ed0f581-0a8c-4021-925d-6e8e3933f11a"
6,"1P_Custom_Philippines_80KPlus_Device_Listeners"
6,"9aff0fce-3bed-4b41-8b8c-abd02e24265a"
6,"a891738d75054848a08d1fd10d3af08e"
6,"147c17a7-a2f0-4a4b-8660-a44a7a1ff948"
6,"1P_Custom_Auto_Honda [Advertiser-Specific]"
6,"interest_travel"
6,"interest_academic-interests_social-sciences_education"
6,"370468a9-2c16-4da8-b5e4-bf8c42e7c952"
6,"99af9bec-a31d-446c-b9f1-3e85f29ffc04"
6,"5cabbc13-e8d5-4b41-ae8d-460ad645bb0b"
6,"content_podcasts"
6,"interest_business-and-finance_industries_education-industry"
6,"7f6b8846-0eb5-4a80-9ae6-3f819abef001"
6,"e95f32b4-b68b-4a05-83a0-fe7bc2cf88ce"
6,"interest_academic-interests_arts-and-humanities_music-and-art"
6,"interest_movies_family-and-children-movies"
6,"bf8f8521-f67b-4358-9c82-1b75a2ff9c25"
6,"b91855ac-8c6a-4b74-be63-510b73690c89"
6,"interest_video-gaming_video-game-genres_educational-video-games"
6,"80dec1f9-a562-4093-a099-8791c4ae35e0"
6,"2374fa41-f053-4ff0-a1f5-3472d8fb5a88"
6,"demographic_driver"
6,"0443b7a8-1f9c-4497-ae2e-fe74742c2b19"
6,"79fda190-c131-4ecf-886f-7f1adf99af1b"
6,"interest_video-gaming"
6,"a1c56d9b-8e65-4591-962c-dcd8b5153edf"
6,"interest_academic-interests_social-sciences"
6,"20cd3541703343fc9efda033d3457031"
6,"29a0c7b3-365e-4faa-95de-74e2ee0b0781"
6,"8b051ec3-55e1-4935-8bdf-8346d5ba4866"
6,"interest_academic-interests"
6,"1P_Custom_Daylist_Power_Playlist_Streamers_New"
6,"9508a922-49ac-49dc-a615-cadacafb1192"
6,"71ab5845-71d7-475c-a329-71ef17f50d44"
6,"1025da9a-c31d-4a3b-843d-2ec14a1f2ec6"
6,"1P_Custom_Canadian_Artist_Listeners"
6,"ebbe8843-1dd5-4790-b864-33bb0a0b2cde"
6,"6c723f44-a2b7-4872-8163-e1d875a00d55"
6,"3ee6dd0e-6514-423b-8930-d4e54c7990f5"
6,"950bd4b3-6e68-4ad2-864b-2e6385f561ec"
6,"interest_hobbies-and-interests_radio-control"
6,"interest_events-and-attractions_personal-celebrations-and-life-events"
6,"interest_healthy-living_fitness-and-exercise_participant-sports"
6,"2701fe59-b580-4496-a09e-942c861cb57b"
6,"a72ad92e-f0eb-48e0-a24d-0f0f847cc228"
6,"interest_books-and-literature"
6,"1P_Custom_Summer_Moment_Listeners"
6,"interest_healthy-living_childrens-health"
6,"1P_Custom_Romance_Playlist_Listeners"
6,"cc0f035d-f019-4c53-9426-d981eac89295"
6,"interest_personal-finance"
6,"e5b35bf0-524b-4b4b-8423-463ead911b25"
6,"1P_Custom_Apple_Airpods_Streamers [Advertiser-Restricted]"
6,"1P_Custom_Friendship_Playlist_Listeners"
6,"976ba51e-5654-42c6-9fc2-753d5a909c6d"
6,"248d6854-c8ee-46e3-8643-b9dd8f95441c"
6,"1P_Custom_Car_Mode_Streamers"
6,"interest_fine-art"
6,"00b8f7ad-d91b-4ff5-acbb-b1d5bbdc0104"
6,"1P_Custom_Workout_Moment_Listeners"
6,"interest_healthy-living_fitness-and-exercise_running-and-jogging"
6,"interest_movies"
6,"interest_music_rock"
6,"interest_business-and-finance"
6,"89858f3b-d34f-4431-b2f7-5285f4a3ccdc"
6,"interest_healthy-living_mens-health"
6,"b5bf6843-ccc7-45e5-95f1-c2b71cdf1bfd"
6,"b18fbec0-278f-4fd7-af33-228eee17e6a4"
6,"e9bb59f8-7197-49b1-9de1-f02d6e89ef2e"
6,"interest_music_country"
6,"67c58539-0150-44e0-bebf-d4ffc9b2cc60"
6,"1P_Custom_Mobile_Only_Streamers"
6,"1P_Custom_Holiday_Playlist_Streamers"
6,"interest_events-and-attractions"
6,"interest_sports"
6,"a8648486-c1c9-4392-957f-008029fb3e32"
6,"7ba2e42f871b4ffabc252e75947bdd7c"
6,"cf54942941d94622b33b3cf7486c610a"
6,"interest_sports_college-sports"
6,"2fea6cb2-3a03-4d09-8ba3-86c4299e7754"
6,"244e68a6-a3c7-4b8a-9fe8-c762c1230253"
6,"interest_education_language-learning"
6,"content_music_country"
6,"352a8737-d358-4915-b49b-366450f7e589"
6,"interest_food-and-drink"
6,"interest_music_sleep"
6,"f8597c03-bccc-4557-a11b-d1d3076b5e0e"
6,"interest_music-and-audio_comedy-music-and-audio"
6,"1P_Custom_English_Language_Content_Listeners"
6,"interest_news-and-politics"
6,"1P_Custom_Apple_Loyalists [Advertiser-Restricted]"
6,"1P_Custom_Running_Playlist_Listeners"
6,"interest_healthy-living_fitness-and-exercise"
6,"interest_education_online-education"
6,"d104b7b4-dc5f-4b65-895c-fea2fcc4f4b7"
6,"c0025ef9-e1fc-4659-95c8-be0d66edf2c2"
6,"67d25600-de07-4f68-ade3-cb4db9dd4447"
6,"0bde0127d2e94b8fa316fa1075199182"
6,"interest_home-and-garden_interior-decorating"
6,"5fe3a5b6-508b-49ee-ba8d-4a63266f6416"
6,"interest_healthy-living_wellness"
8,"00b8f7ad-d91b-4ff5-acbb-b1d5bbdc0104"
8,"00eaa841-4a6a-4ff2-be64-831004e1663b"
8,"0329338c-15cc-4838-a476-101c2617621f"
8,"0443b7a8-1f9c-4497-ae2e-fe74742c2b19"
8,"04d88b433d014d9dbccbb2d8fd4b3277"
8,"0d81238d-86a5-4e8a-9c37-41e7421df9a0"
8,"1025da9a-c31d-4a3b-843d-2ec14a1f2ec6"
8,"105afef0-903a-43b7-9c50-7ede3810e23f"
8,"15c72004-05bf-4fd8-8250-ab312f09c14d"
8,"15f04a99-9df8-40c4-b44c-4c4c7337ecd5"
8,"17cd9706-3f29-4c5e-97b9-fe2c37ce74fe"
8,"1P_Custom_2024_Wrapped_Engagers"
8,"1P_Custom_Algorithmic_Playlist_Listeners"
8,"1P_Custom_Apple_Airpods_Streamers [Advertiser-Restricted]"
8,"1P_Custom_Apple_Loyalists [Advertiser-Restricted]"
8,"1P_Custom_Apple_Super_Fans [Advertiser-Restricted]"
8,"1P_Custom_Apple_Wearables_Users [Advertiser-Restricted]"
8,"1P_Custom_Broadway_Soundtrack_Streamers"
8,"1P_Custom_Canadian_Artist_Listeners"
8,"1P_Custom_Car_Mode_Streamers"
8,"1P_Custom_Confidence_Productivity_Motivation_Listeners"
8,"1P_Custom_Connected_TV_and_Movie_Streamers"
8,"1P_Custom_Daylist_Power_Playlist_Streamers_New"
8,"1P_Custom_English_Language_Content_Listeners"
8,"1P_Custom_Friendship_Playlist_Listeners"
8,"1P_Custom_Halloween_Content_Listeners"
8,"1P_Custom_Happy_and_Uplifting_Playlist_Streamers"
8,"1P_Custom_Holiday_Playlist_Streamers"
8,"1P_Custom_In_Car_Streamers"
8,"1P_Custom_Live_Event_Ticket_Purchasers"
8,"1P_Custom_Live_Events_Concerts_Hub_Users"
8,"1P_Custom_Made_For_You_Power_Playlist_Streamers"
8,"1P_Custom_Musicals_Playlist_Listeners"
8,"1P_Custom_Passionate_Curators"
8,"1P_Custom_Romance_Playlist_Listeners"
8,"1P_Custom_Running_Playlist_Listeners"
8,"1P_Custom_Smart_Technology_Streamers"
8,"1P_Custom_Soccer_Playlist_Streamers"
8,"1P_Custom_Star_Wars_Playlist_Streamers"
8,"1P_Custom_Students"
8,"1P_Custom_Summer_Moment_Listeners"
8,"1P_Custom_Top_Hits_Listeners"
8,"1P_Custom_Travel_Playlist_Listeners"
8,"1P_Custom_Windows_Users [Advertiser-Restricted]"
8,"1P_Custom_Wireless_Headphone_Users"
8,"1P_Custom_Workout_Moment_Listeners"
8,"1P_Custom_Wrapped_Eligible"
8,"1P_Custom_iOS_Mobile_Streamers [Advertiser-Restricted]"
8,"1a2bbbcf-6855-4e29-b09a-3de15dfcfe54"
8,"1abf8bf5-b696-41e0-b439-f3244c2712cf"
8,"1c1d7dd0-8c18-4fe4-a7c8-ffd217d21e37"
8,"20feb4cc-246d-4f26-bf62-078ff51b3609"
8,"2374fa41-f053-4ff0-a1f5-3472d8fb5a88"
8,"238ddd70-916b-42dd-b5e5-281a43801a0d"
8,"248d6854-c8ee-46e3-8643-b9dd8f95441c"
8,"25a90ec3-b4cf-4cb9-a7d8-358c06ebcd9a"
8,"2701fe59-b580-4496-a09e-942c861cb57b"
8,"2703f585-f259-4228-9bed-128b55392ab3"
8,"29a0c7b3-365e-4faa-95de-74e2ee0b0781"
8,"2a9cbff5-5dfa-40d1-b05c-d1a7ad3c7db5"
8,"2b0ed6a5-3e14-46ff-b547-853e65f06ac0"
8,"2f2b2dac-f3cb-4aad-8c7e-fa660f1a1bfd"
8,"2fea6cb2-3a03-4d09-8ba3-86c4299e7754"
8,"32ad8ae6-d726-41ef-828d-0c01e5cc8ec0"
8,"352a8737-d358-4915-b49b-366450f7e589"
8,"37d7f53c-ca5c-4eea-98c7-dc86538cef07"
8,"3969d472-9e7e-474e-8d85-3916444a8034"
8,"3bd2b08f-4bfb-4d2f-ae51-0ad57f498069"
8,"3c064d8c-ba6b-44b2-9175-7af5697dc480"
8,"3e3025f6-3722-4e22-8b37-c7c13a0fd949"
8,"3ef2a0cb-5235-45a3-8bbf-cec6bbd111f7"
8,"427d03fc-dbd7-4a3f-b6fa-287005cfe460"
8,"42992ca5b8d3489799b70a89f7536112"
8,"4bd7a796-1286-4f80-a272-31230ee568ea"
8,"4c57d833-45ad-4592-9708-6359dccec782"
8,"4e28ec8b-ba5e-433b-821c-da93f6dca55a"
8,"4ed0f581-0a8c-4021-925d-6e8e3933f11a"
8,"4f41474e-ce08-435b-950e-c9ad68be11f9"
8,"516720fd-2b18-4177-9a9d-6d828cf0afda"
8,"54880ba1-40b4-41f5-970e-cf80a8978034"
8,"579ce1384b474b0d8f7b037887901ca9"
8,"5b931046-c5d0-4814-899f-51d774cb954e"
8,"5cbf0e5d-6d8d-4a78-b6c5-252ba2dd2daa"
8,"5fe3a5b6-508b-49ee-ba8d-4a63266f6416"
8,"6018d181-48b8-4978-94a3-9042b02541ff"
8,"605efd7d-bb2a-45de-8276-6dab2d1f981b"
8,"6716b23a-fbc3-484c-9971-15ad55a61864"
8,"67c58539-0150-44e0-bebf-d4ffc9b2cc60"
8,"67d25600-de07-4f68-ade3-cb4db9dd4447"
8,"69878e31-aa43-4d9f-90fb-51f62f0c4685"
8,"6b3bbb75-a082-43da-a4a6-4e47d6e04387"
8,"6c2f9525-4919-4491-a7cd-a7d05896db87"
8,"6cd0724c-bc49-4303-ad5a-4907cea1929e"
8,"6e9dac43-3f0e-4dc3-9ed6-a498c6a2d118"
8,"71ab5845-71d7-475c-a329-71ef17f50d44"
8,"75473f63-f499-4e20-aa48-feee819ecead"
8,"75a7b313-7068-43d7-8fb3-8dc79c160207"
8,"76161eb8-facb-4120-a618-3a6eb5c01523"
8,"778aec5f-1693-4154-8c0e-4dbf5d85b8c8"
8,"7b37df46-2895-4d3c-9ad9-3e089db4bdcd"
8,"7e89978b5996451486924f079add30e2"
8,"80dec1f9-a562-4093-a099-8791c4ae35e0"
8,"813330fa-d9ed-4e69-90f0-87c1d3d0d08b"
8,"84d14ad2-7f75-4243-90f6-5da875bbf843"
8,"884c7a23-e74b-4d26-9315-33473a4aec08"
8,"89858f3b-d34f-4431-b2f7-5285f4a3ccdc"
8,"8b051ec3-55e1-4935-8bdf-8346d5ba4866"
8,"8fdfdd6c-0652-4706-b818-fc59b2439d02"
8,"90c34e00-e551-4da7-881d-60763b6aeea0"
8,"9144d4e8-0d1e-4129-9ee8-08afe2656fd4"
8,"9508a922-49ac-49dc-a615-cadacafb1192"
8,"981bebbd-7b65-4e95-9fbe-fa1bd3bdd3b6"
8,"99af9bec-a31d-446c-b9f1-3e85f29ffc04"
8,"9e291b99-3277-4a0d-9486-a16905b8fe3c"
8,"Orchestra AntiTargetAudience"
8,"a4f1eae3-1e2e-4e41-a2f3-cc04574f269e"
8,"a56267d0-8b1e-441e-ab44-d62555be9a12"
8,"a6923924-de67-44d1-a448-11025b7dccfb"
8,"a72ad92e-f0eb-48e0-a24d-0f0f847cc228"
8,"a9a8de8c-f26d-4b74-bc0c-7b0f6ae9affb"
8,"aa33c143-b58c-4624-917a-61c375070a61"
8,"ac4a6101-7544-4142-afa7-f35244e836ee"
8,"ace75cb2-2111-4c3d-972c-370fb9042830"
8,"ae9b4609-f286-4955-b55b-97d5a8f35cb1"
8,"b18fbec0-278f-4fd7-af33-228eee17e6a4"
8,"b1e267e0-e4a3-4e76-84c7-f59ee3c57de4"
8,"b29d07a3-cd17-407b-95be-282cb6236d42"
8,"b5464487-86ec-40e1-abee-228cbad20540"
8,"b5bf6843-ccc7-45e5-95f1-c2b71cdf1bfd"
8,"b61aeb55-c4df-46e1-9ea4-c0f2a86ca589"
8,"b7ccf08c-91aa-48dc-ac7e-c363ecea48f0"
8,"b91855ac-8c6a-4b74-be63-510b73690c89"
8,"b9552fb3-eeb9-4efd-979f-03d6ea67e7ed"
8,"bd2b661c-54ea-40dd-ace7-72c984c8e46a"
8,"bd9c4eb7-ee8c-4274-8b8e-27ddbac8fb91"
8,"bfa1a545-c77d-4888-9409-3104e6ac0144"
8,"c0025ef9-e1fc-4659-95c8-be0d66edf2c2"
8,"c467e5e7-f5c2-4063-b9b6-ea22a295d740"
8,"c9c9acbf-50c5-46dc-8a1f-d4eb9e0e2f07"
8,"ca2e63b4-a66c-4b47-a6ce-73e327851d49"
8,"ca654dbe-c5d2-48cc-8cde-dbfbf63e690f"
8,"ca92cb01-a8c9-4541-8cf9-bb3b94bd6212"
8,"content_audiobooks"
8,"content_audiobooks_biography-and-memoir"
8,"content_audiobooks_business-and-careers"
8,"content_audiobooks_fiction-and-literature"
8,"content_audiobooks_history"
8,"content_audiobooks_kids-and-family"
8,"content_audiobooks_lgbtq"
8,"content_audiobooks_mystery-and-thriller"
8,"content_audiobooks_nonfiction"
8,"content_audiobooks_parenting-and-relationships"
8,"content_audiobooks_religion-and-spirituality"
8,"content_audiobooks_sci-fi-and-fantasy"
8,"content_audiobooks_self-help"
8,"content_audiobooks_teen-and-young-adult"
8,"content_music"
8,"content_music_country"
8,"content_music_pop"
8,"content_podcasts"
8,"content_podcasts_arts-and-entertainment"
8,"content_podcasts_business-and-technology"
8,"content_podcasts_comedy"
8,"content_podcasts_educational"
8,"content_podcasts_hobbies-and-interests"
8,"content_podcasts_infotainment"
8,"content_podcasts_lifestyle-and-health"
8,"content_podcasts_society-and-culture"
8,"content_podcasts_true-crime"
8,"d104b7b4-dc5f-4b65-895c-fea2fcc4f4b7"
8,"d166837a-6f85-44d3-bc70-7e4308724691"
8,"d56ee1bf-1f0b-40f9-9a80-939d69d1b293"
8,"d6566743-c03c-4bb5-9f27-3b580a308afe"
8,"d67fcbfc-fa46-4f50-9da3-c8ab9df43ae7"
8,"dae809b1-8300-40c8-b03c-19d437caae9e"
8,"dc13a274-d82e-403d-8d4f-2c4ba298ea6b"
8,"dd395c79-36c1-4681-8854-df44d8202e78"
8,"de473ca8-0882-4145-b7b0-2fe0f7e6f167"
8,"demographic_age_25-29"
8,"demographic_driver"
8,"demographic_male"
8,"e3ec4738-274d-45aa-b765-db5f7c976d7d"
8,"e5d6aa0e-d48a-4558-a588-1c43d07e33d3"
8,"e613a618-af6d-42ee-aff1-057aa597219c"
8,"e697d322-4d13-4c37-8bf1-f684031d7a20"
8,"e6f5b212-3e8f-4d79-854d-39753b2ff483"
8,"e8d54fd4-7b45-4874-9432-a68ac2141f34"
8,"e95f32b4-b68b-4a05-83a0-fe7bc2cf88ce"
8,"e98c9e61-42d8-4bf7-9078-06b9bf632117"
8,"e9bb59f8-7197-49b1-9de1-f02d6e89ef2e"
8,"ee472d3f-d24f-4201-9a15-6757c607570f"
8,"f770376f-ffab-46d7-86de-a3f1129d52bd"
8,"f8219dd5-ff91-44a6-a34c-b4e03828d525"
8,"f8597c03-bccc-4557-a11b-d1d3076b5e0e"
8,"f9cabe4e-1212-4ce4-90aa-476b56a40be6"
8,"fdc175a5-8fe7-450f-a02a-c0dd8e702c91"
8,"ff6d9812-80ec-474a-91c1-8986dbcd7612"
8,"interest_academic-interests"
8,"interest_academic-interests_arts-and-humanities"
8,"interest_academic-interests_arts-and-humanities_counseling"
8,"interest_academic-interests_arts-and-humanities_critical-thinking"
8,"interest_academic-interests_arts-and-humanities_history"
8,"interest_academic-interests_language-learning"
8,"interest_academic-interests_life-sciences"
8,"interest_academic-interests_life-sciences_animals-and-veterinary-science"
8,"interest_academic-interests_life-sciences_biology"
8,"interest_academic-interests_life-sciences_medicine-and-healthcare"
8,"interest_academic-interests_physical-science-and-engineering"
8,"interest_academic-interests_physical-science-and-engineering_geography"
8,"interest_academic-interests_physical-science-and-engineering_geology"
8,"interest_academic-interests_physical-science-and-engineering_physics"
8,"interest_academic-interests_social-sciences"
8,"interest_academic-interests_social-sciences_education"
8,"interest_academic-interests_social-sciences_governance-and-society"
8,"interest_academic-interests_social-sciences_international-relations"
8,"interest_academic-interests_social-sciences_law"
8,"interest_academic-interests_social-sciences_psychology"
8,"interest_books-and-literature"
8,"interest_books-and-literature_biographies"
8,"interest_books-and-literature_childrens-literature"
8,"interest_books-and-literature_fiction"
8,"interest_books-and-literature_young-adult-literature"
8,"interest_business-and-finance"
8,"interest_business-and-finance_business"
8,"interest_business-and-finance_business_business-banking-and-finance"
8,"interest_business-and-finance_business_business-utilities"
8,"interest_business-and-finance_business_consumer-issues"
8,"interest_business-and-finance_business_government-business"
8,"interest_business-and-finance_business_green-solutions"
8,"interest_business-and-finance_business_marketing-and-advertising"
8,"interest_business-and-finance_business_sales"
8,"interest_business-and-finance_economy"
8,"interest_business-and-finance_economy_commodities"
8,"interest_business-and-finance_economy_gasoline-prices"
8,"interest_business-and-finance_industries"
8,"interest_business-and-finance_industries_advertising-industry"
8,"interest_business-and-finance_industries_aviation-industry"
8,"interest_business-and-finance_industries_defense-industry"
8,"interest_business-and-finance_industries_education-industry"
8,"interest_business-and-finance_industries_entertainment-industry"
8,"interest_business-and-finance_industries_environmental-services-industry"
8,"interest_business-and-finance_industries_healthcare-industry"
8,"interest_business-and-finance_industries_hospitality-industry"
8,"interest_business-and-finance_industries_media-industry"
8,"interest_business-and-finance_industries_metals-industry"
8,"interest_business-and-finance_industries_non-profit-organizations"
8,"interest_business-and-finance_industries_power-and-energy-industry"
8,"interest_business-and-finance_industries_publishing-industry"
8,"interest_careers"
8,"interest_careers_vocational-training"
8,"interest_education"
8,"interest_education_adult-education"
8,"interest_education_language-learning"
8,"interest_education_online-education"
8,"interest_events-and-attractions"
8,"interest_events-and-attractions_personal-celebrations-and-life-events"
8,"interest_family-and-relationships"
8,"interest_family-and-relationships_dating"
8,"interest_family-and-relationships_parenting"
8,"interest_family-and-relationships_parenting_daycare-and-pre-school"
8,"interest_family-and-relationships_parenting_internet-safety"
8,"interest_family-and-relationships_parenting_parenting-babies-and-toddlers"
8,"interest_family-and-relationships_parenting_parenting-children-aged-4-11"
8,"interest_family-and-relationships_parenting_parenting-teens"
8,"interest_fine-art"
8,"interest_fine-art_theater"
8,"interest_food-and-drink"
8,"interest_food-and-drink_desserts-and-baking"
8,"interest_food-and-drink_dining-out"
8,"interest_health-and-medical-services"
8,"interest_health-and-medical-services_health-and-pharma"
8,"interest_health-and-medical-services_health-and-pharma_medical-services"
8,"interest_healthy-living"
8,"interest_healthy-living_childrens-health"
8,"interest_healthy-living_fitness-and-exercise"
8,"interest_healthy-living_fitness-and-exercise_participant-sports"
8,"interest_healthy-living_outdoor-activities"
8,"interest_healthy-living_senior-health"
8,"interest_healthy-living_wellness"
8,"interest_healthy-living_wellness_alternative-medicine"
8,"interest_healthy-living_wellness_smoking-cessation"
8,"interest_healthy-living_womens-health"
8,"interest_healthy-living_yoga"
8,"interest_hobbies-and-interests"
8,"interest_hobbies-and-interests_arts-and-crafts"
8,"interest_hobbies-and-interests_collecting"
8,"interest_hobbies-and-interests_content-production"
8,"interest_hobbies-and-interests_content-production_audio-production"
8,"interest_hobbies-and-interests_content-production_freelance-writing"
8,"interest_hobbies-and-interests_content-production_screenwriting"
8,"interest_hobbies-and-interests_content-production_video-production"
8,"interest_hobbies-and-interests_games-and-puzzles"
8,"interest_hobbies-and-interests_games-and-puzzles_roleplaying-games"
8,"interest_hobbies-and-interests_genealogy-and-ancestry"
8,"interest_hobbies-and-interests_paranormal-phenomena"
8,"interest_hobbies-and-interests_radio-control"
8,"interest_hobbies-and-interests_sci-fi-and-fantasy"
8,"interest_home-and-garden"
8,"interest_home-and-garden_gardening"
8,"interest_home-and-garden_home-entertaining"
8,"interest_home-and-garden_home-improvement"
8,"interest_home-and-garden_outdoor-decorating"
8,"interest_home-and-garden_smart-home"
8,"interest_medical-health"
8,"interest_movies"
8,"interest_movies_action-and-adventure-movies"
8,"interest_movies_comedy-movies"
8,"interest_movies_crime-and-mystery-movies"
8,"interest_movies_family-and-children-movies"
8,"interest_movies_horror-movies"
8,"interest_movies_science-fiction-movies"
8,"interest_music-and-audio_comedy-music-and-audio"
8,"interest_music_ambient"
8,"interest_music_emo"
8,"interest_music_sleep"
8,"interest_music_winter"
8,"interest_news-and-politics"
8,"interest_news-and-politics_crime"
8,"interest_news-and-politics_disasters"
8,"interest_news-and-politics_international-news"
8,"interest_news-and-politics_law"
8,"interest_news-and-politics_local-news"
8,"interest_news-and-politics_national-news"
8,"interest_news-and-politics_politics"
8,"interest_news-and-politics_politics_elections"
8,"interest_news-and-politics_politics_political-issues"
8,"interest_news-and-politics_politics_war-and-conflicts"
8,"interest_personal-finance"
8,"interest_personal-finance_frugal-living"
8,"interest_personal-finance_insurance"
8,"interest_personal-finance_personal-debt"
8,"interest_personal-finance_personal-investing"
8,"interest_personal-finance_personal-taxes"
8,"interest_personal-finance_retirement-planning"
8,"interest_pets"
8,"interest_pets_fish-and-aquariums"
8,"interest_pets_pet-adoptions"
8,"interest_pharmaceuticals-conditions-and-symptoms"
8,"interest_pharmaceuticals-conditions-and-symptoms_health-and-pharma"
8,"interest_pop-culture"
8,"interest_pop-culture_humor-and-satire"
8,"interest_real-estate"
8,"interest_real-estate_houses"
8,"interest_real-estate_land-and-farms"
8,"interest_shopping"
8,"interest_sports"
8,"interest_sports_american-football"
8,"interest_sports_college-sports"
8,"interest_sports_disabled-sports"
8,"interest_sports_extreme-sports"
8,"interest_sports_olympic-sports"
8,"interest_sports_poker-and-professional-gambling"
8,"interest_sports_track-and-field"
8,"interest_style-and-fashion"
8,"interest_style-and-fashion_beauty"
8,"interest_technology-and-computing"
8,"interest_technology-and-computing_artificial-intelligence"
8,"interest_technology-and-computing_computing"
8,"interest_technology-and-computing_computing_social-networking"
8,"interest_technology-and-computing_computing_web-design-and-html"
8,"interest_technology-and-computing_computing_web-development"
8,"interest_television"
8,"interest_television_comedy-tv"
8,"interest_television_holiday-tv"
8,"interest_television_science-fiction-tv"
8,"interest_travel"
8,"interest_travel_adventure-travel"
8,"interest_travel_africa-travel"
8,"interest_travel_asia-travel"
8,"interest_travel_beach-travel"
8,"interest_travel_camping"
8,"interest_travel_day-trips"
8,"interest_travel_north-america-travel"
8,"interest_travel_polar-travel"
8,"interest_travel_road-trips"
8,"interest_video-gaming"
8,"interest_video-gaming_video-game-genres"
8,"interest_video-gaming_video-game-genres_adventure-video-games"
8,"interest_video-gaming_video-game-genres_educational-video-games"
8,"interest_video-gaming_video-game-genres_role-playing-video-games"
9,"00b8f7ad-d91b-4ff5-acbb-b1d5bbdc0104"
9,"017e1c18-e640-48e2-b4de-3fc7861f316f"
9,"02ce719c-4911-4e1e-a05a-ebfca308d10d"
9,"0329338c-15cc-4838-a476-101c2617621f"
9,"033cfa0232d34a91950fd59ff4d6d4cb"
9,"03ded614-6485-44c7-9a41-a531117f69e8"
9,"0418cdcd-5f26-4dc9-856d-11f82b560cb8"
9,"0443b7a8-1f9c-4497-ae2e-fe74742c2b19"
9,"0529af7c-8952-48e4-bb57-060a4d6703eb"
9,"1025da9a-c31d-4a3b-843d-2ec14a1f2ec6"
9,"105afef0-903a-43b7-9c50-7ede3810e23f"
9,"11973e9a-4b2b-448c-ac86-c5c52b4ac28c"
9,"147c17a7-a2f0-4a4b-8660-a44a7a1ff948"
9,"15c72004-05bf-4fd8-8250-ab312f09c14d"
9,"16551913-ccce-46f4-92fa-b629b254356a"
9,"17cd9706-3f29-4c5e-97b9-fe2c37ce74fe"
9,"1846deabbc5a4fc4acaa38c681e45c93"
9,"1P_Custom_2024_Wrapped_Engagers"
9,"1P_Custom_Algorithmic_Playlist_Listeners"
9,"1P_Custom_Apple_Airpods_Streamers [Advertiser-Restricted]"
9,"1P_Custom_Apple_Loyalists [Advertiser-Restricted]"
9,"1P_Custom_Apple_iPad_Streamers [Advertiser-Restricted]"
9,"1P_Custom_Auto_Honda [Advertiser-Specific]"
9,"1P_Custom_Auto_Standard_Car_Streamers"
9,"1P_Custom_Auto_Tesla [Advertiser-Specific]"
9,"1P_Custom_Canadian_Artist_Listeners"
9,"1P_Custom_Car_Mode_Streamers"
9,"1P_Custom_Confidence_Productivity_Motivation_Listeners"
9,"1P_Custom_ConnectedTV_no_Speaker_Streamers"
9,"1P_Custom_Connected_TV_and_Movie_Streamers"
9,"1P_Custom_Content_Affinity_APIHM"
9,"1P_Custom_Content_Affinity_Pride"
9,"1P_Custom_English_Language_Content_Listeners"
9,"1P_Custom_Friendship_Playlist_Listeners"
9,"1P_Custom_Hindi_Language_Content_Listeners"
9,"1P_Custom_Holiday_Playlist_Streamers"
9,"1P_Custom_In_Car_Streamers"
9,"1P_Custom_International_Travelers"
9,"1P_Custom_KPop_Demon_Hunters_Listeners [Advertiser-Restricted]"
9,"1P_Custom_Kannada_Language_Content_Listeners"
9,"1P_Custom_Made_For_You_Power_Playlist_Streamers"
9,"1P_Custom_Malayalam_Language_Content_Listeners"
9,"1P_Custom_Personal_Wellness"
9,"1P_Custom_Philippines_20Kto50K_Device_Listeners"
9,"1P_Custom_Podcast_Category_Self_Help"
9,"1P_Custom_Punjabi_Language_Content_Listeners"
9,"1P_Custom_Romance_Playlist_Listeners"
9,"1P_Custom_Running_Playlist_Listeners"
9,"1P_Custom_Samsung_Podcast_Streamers [Advertiser-Restricted]"
9,"1P_Custom_Samsung_TV_Users [Advertiser-Restricted]"
9,"1P_Custom_Summer_Moment_Listeners"
9,"1P_Custom_Tamil_Language_Content_Listeners"
9,"1P_Custom_Telugu_Language_Content_Listeners"
9,"1P_Custom_Top_Hits_Listeners"
9,"1P_Custom_Wireless_Headphone_Users"
9,"1P_Custom_Workout_Moment_Listeners"
9,"1P_Custom_Wrapped_Eligible"
9,"1P_Custom_iOS_Mobile_Streamers [Advertiser-Restricted]"
9,"1P_Custom_iPhone_15_Users [Advertiser-Restricted]"
9,"1c1d7dd0-8c18-4fe4-a7c8-ffd217d21e37"
9,"1e852355-0a12-4b6a-93ff-11e5cc5e6143"
9,"20cd3541703343fc9efda033d3457031"
9,"20feb4cc-246d-4f26-bf62-078ff51b3609"
9,"226ddd10-01a4-4c1c-bfc7-a592fcb84edc"
9,"2374fa41-f053-4ff0-a1f5-3472d8fb5a88"
9,"238ddd70-916b-42dd-b5e5-281a43801a0d"
9,"244e68a6-a3c7-4b8a-9fe8-c762c1230253"
9,"248d6854-c8ee-46e3-8643-b9dd8f95441c"
9,"2701fe59-b580-4496-a09e-942c861cb57b"
9,"2a9cbff5-5dfa-40d1-b05c-d1a7ad3c7db5"
9,"2b0ed6a5-3e14-46ff-b547-853e65f06ac0"
9,"2f2b2dac-f3cb-4aad-8c7e-fa660f1a1bfd"
9,"2fea6cb2-3a03-4d09-8ba3-86c4299e7754"
9,"3279ec69-f725-4833-8155-31c153558c52"
9,"32ad8ae6-d726-41ef-828d-0c01e5cc8ec0"
9,"34230cd4-828e-4620-9be4-5773dd7bbf8f"
9,"350c9eb5-c205-4665-9a64-f9f95817260a"
9,"3541cb2c-7409-4660-855e-f3451b8a553a"
9,"37d7f53c-ca5c-4eea-98c7-dc86538cef07"
9,"37f15050-3e9f-44a9-9fd2-c343defbfb18"
9,"39b584607a5a4c8b86499ec73808fe12"
9,"3bd2b08f-4bfb-4d2f-ae51-0ad57f498069"
9,"3c064d8c-ba6b-44b2-9175-7af5697dc480"
9,"3e3025f6-3722-4e22-8b37-c7c13a0fd949"
9,"427d03fc-dbd7-4a3f-b6fa-287005cfe460"
9,"45401e04-fdc2-4dfa-a68e-2699c0840115"
9,"4625b7e1-7e18-4916-8af0-2bc81109cede"
9,"482b52f6-8c2a-4801-a7a0-7b5f55e85fef"
9,"4bd7a796-1286-4f80-a272-31230ee568ea"
9,"4c57d833-45ad-4592-9708-6359dccec782"
9,"4cbd967a-a4d0-40d9-969e-12885fbe2153"
9,"4e28ec8b-ba5e-433b-821c-da93f6dca55a"
9,"4ed0f581-0a8c-4021-925d-6e8e3933f11a"
9,"504bd9a7-f44d-46db-8e0a-04f33b44a639"
9,"5265bb41-0ffe-49c8-ba6d-5c75d0e25f1d"
9,"53ca98692a584559814b7c7cf54fe6f2"
9,"54880ba1-40b4-41f5-970e-cf80a8978034"
9,"59615d68-e87f-4a7b-ada5-d5ef2ff9939e"
9,"5fe3a5b6-508b-49ee-ba8d-4a63266f6416"
9,"6018d181-48b8-4978-94a3-9042b02541ff"
9,"605efd7d-bb2a-45de-8276-6dab2d1f981b"
9,"6703356c095e4f728e3ada0c9c9ec7b4"
9,"67b100b5-42cc-4718-a3b8-99710334c2f5"
9,"67c58539-0150-44e0-bebf-d4ffc9b2cc60"
9,"67d25600-de07-4f68-ade3-cb4db9dd4447"
9,"68ad475c-b939-4d16-891f-7dd22c1cf01a"
9,"69878e31-aa43-4d9f-90fb-51f62f0c4685"
9,"6987d53c-a655-4acd-8705-7d0398f686b8"
9,"6b3bbb75-a082-43da-a4a6-4e47d6e04387"
9,"6b9b1dc3-b487-4f55-9973-e5d84c8540ce"
9,"6c2f9525-4919-4491-a7cd-a7d05896db87"
9,"6c723f44-a2b7-4872-8163-e1d875a00d55"
9,"6cd0724c-bc49-4303-ad5a-4907cea1929e"
9,"6e04289a-5d70-48f2-b00e-5b6e151b5f44"
9,"6e9dac43-3f0e-4dc3-9ed6-a498c6a2d118"
9,"71ab5845-71d7-475c-a329-71ef17f50d44"
9,"75473f63-f499-4e20-aa48-feee819ecead"
9,"75a7b313-7068-43d7-8fb3-8dc79c160207"
9,"768609e5-41ef-4e3a-ad8f-bf030cf690f0"
9,"778aec5f-1693-4154-8c0e-4dbf5d85b8c8"
9,"77ca38e3-e65d-4357-93c1-10eb4ccde609"
9,"7b37df46-2895-4d3c-9ad9-3e089db4bdcd"
9,"7ba2e42f871b4ffabc252e75947bdd7c"
9,"7e89978b5996451486924f079add30e2"
9,"7f71eb3f-b0c9-4ba6-b8de-81b77d7fedaa"
9,"807134ba-2abb-48e6-8e41-f83afbfd0ced"
9,"80dec1f9-a562-4093-a099-8791c4ae35e0"
9,"813330fa-d9ed-4e69-90f0-87c1d3d0d08b"
9,"84d14ad2-7f75-4243-90f6-5da875bbf843"
9,"89858f3b-d34f-4431-b2f7-5285f4a3ccdc"
9,"8b051ec3-55e1-4935-8bdf-8346d5ba4866"
9,"8b545d67-d015-4b89-bf1a-3759d7a78bc4"
9,"8fa4e1a8-9b3e-4d14-aac5-a3ddcb76b447"
9,"8fdfdd6c-0652-4706-b818-fc59b2439d02"
9,"90c34e00-e551-4da7-881d-60763b6aeea0"
9,"9508a922-49ac-49dc-a615-cadacafb1192"
9,"981bebbd-7b65-4e95-9fbe-fa1bd3bdd3b6"
9,"9e291b99-3277-4a0d-9486-a16905b8fe3c"
9,"a1c56d9b-8e65-4591-962c-dcd8b5153edf"
9,"a56267d0-8b1e-441e-ab44-d62555be9a12"
9,"a6923924-de67-44d1-a448-11025b7dccfb"
9,"aa33c143-b58c-4624-917a-61c375070a61"
9,"ace75cb2-2111-4c3d-972c-370fb9042830"
9,"acee5d47-9592-4952-9e7e-34cd5848fe1c"
9,"b18fbec0-278f-4fd7-af33-228eee17e6a4"
9,"b29d07a3-cd17-407b-95be-282cb6236d42"
9,"b61aeb55-c4df-46e1-9ea4-c0f2a86ca589"
9,"b63ed455-edbc-4c82-b354-f83c181ebd4f"
9,"b6b6af41-3487-4502-bad4-017f86a9aa6d"
9,"b783d369f16842eaa21d0da0555a0c28"
9,"b7ccf08c-91aa-48dc-ac7e-c363ecea48f0"
9,"b91855ac-8c6a-4b74-be63-510b73690c89"
9,"b9552fb3-eeb9-4efd-979f-03d6ea67e7ed"
9,"bd9c4eb7-ee8c-4274-8b8e-27ddbac8fb91"
9,"c0025ef9-e1fc-4659-95c8-be0d66edf2c2"
9,"c467e5e7-f5c2-4063-b9b6-ea22a295d740"
9,"c9c9acbf-50c5-46dc-8a1f-d4eb9e0e2f07"
9,"ca2e63b4-a66c-4b47-a6ce-73e327851d49"
9,"ca654dbe-c5d2-48cc-8cde-dbfbf63e690f"
9,"ca92cb01-a8c9-4541-8cf9-bb3b94bd6212"
9,"cb07906a-4432-467d-9805-6af7328872a5"
9,"cc0f035d-f019-4c53-9426-d981eac89295"
9,"content_audiobooks"
9,"content_audiobooks_biography-and-memoir"
9,"content_audiobooks_fiction-and-literature"
9,"content_audiobooks_kids-and-family"
9,"content_audiobooks_mystery-and-thriller"
9,"content_audiobooks_nonfiction"
9,"content_audiobooks_romance"
9,"content_audiobooks_sci-fi-and-fantasy"
9,"content_audiobooks_teen-and-young-adult"
9,"content_music"
9,"content_music_folk/americana"
9,"content_music_jazz"
9,"content_music_pop"
9,"content_music_soundtrack"
9,"content_podcasts"
9,"content_podcasts_arts-and-entertainment"
9,"content_podcasts_comedy"
9,"content_podcasts_lifestyle-and-health"
9,"content_podcasts_music"
9,"content_podcasts_news-and-politics"
9,"d104b7b4-dc5f-4b65-895c-fea2fcc4f4b7"
9,"d166837a-6f85-44d3-bc70-7e4308724691"
9,"d67fcbfc-fa46-4f50-9da3-c8ab9df43ae7"
9,"d8338ca4-9a1c-4837-b339-690abb99ef79"
9,"d8e51d8e-6f9b-4ee1-a521-1d3a053190c4"
9,"dc13a274-d82e-403d-8d4f-2c4ba298ea6b"
9,"dd112c15-8947-4f78-b80e-632cc1a99c4c"
9,"dd395c79-36c1-4681-8854-df44d8202e78"
9,"de473ca8-0882-4145-b7b0-2fe0f7e6f167"
9,"decf38c4-b47e-4b03-8ea2-954f76f7935b"
9,"demographic_age_21-24"
9,"demographic_driver"
9,"demographic_female"
9,"e3ec4738-274d-45aa-b765-db5f7c976d7d"
9,"e5713337-d9ea-4306-9538-386e37ebb79e"
9,"e613a618-af6d-42ee-aff1-057aa597219c"
9,"e6823423-c750-4f38-b7d9-131a665914d2"
9,"e6f5b212-3e8f-4d79-854d-39753b2ff483"
9,"e8d54fd4-7b45-4874-9432-a68ac2141f34"
9,"e95f32b4-b68b-4a05-83a0-fe7bc2cf88ce"
9,"e9bb59f8-7197-49b1-9de1-f02d6e89ef2e"
9,"ea3a39b5-80a7-4542-83d2-0a888c10bdb4"
9,"ebbe8843-1dd5-4790-b864-33bb0a0b2cde"
9,"ec359680f7c04e72a6025b3c44b3d7ba"
9,"ec910226-1109-4993-aeb2-006891f4035b"
9,"ee472d3f-d24f-4201-9a15-6757c607570f"
9,"f770376f-ffab-46d7-86de-a3f1129d52bd"
9,"f77273d2-a3e5-41b1-858f-7f15c4b2e423"
9,"f8219dd5-ff91-44a6-a34c-b4e03828d525"
9,"f8597c03-bccc-4557-a11b-d1d3076b5e0e"
9,"f9cabe4e-1212-4ce4-90aa-476b56a40be6"
9,"fdc175a5-8fe7-450f-a02a-c0dd8e702c91"
9,"ff9a856c871a48a7a852d509410b9f5e"
9,"interest_academic-interests"
9,"interest_academic-interests_arts-and-humanities"
9,"interest_academic-interests_arts-and-humanities_critical-thinking"
9,"interest_academic-interests_arts-and-humanities_history"
9,"interest_academic-interests_arts-and-humanities_music-and-art"
9,"interest_academic-interests_arts-and-humanities_philosophy"
9,"interest_academic-interests_language-learning"
9,"interest_academic-interests_life-sciences"
9,"interest_academic-interests_life-sciences_biology"
9,"interest_academic-interests_physical-science-and-engineering"
9,"interest_academic-interests_physical-science-and-engineering_geography"
9,"interest_academic-interests_physical-science-and-engineering_geology"
9,"interest_academic-interests_physical-science-and-engineering_physics"
9,"interest_academic-interests_social-sciences"
9,"interest_academic-interests_social-sciences_economics"
9,"interest_academic-interests_social-sciences_governance-and-society"
9,"interest_academic-interests_social-sciences_international-relations"
9,"interest_academic-interests_social-sciences_law"
9,"interest_academic-interests_social-sciences_psychology"
9,"interest_books-and-literature"
9,"interest_books-and-literature_fiction"
9,"interest_books-and-literature_poetry"
9,"interest_business-and-finance"
9,"interest_business-and-finance_business"
9,"interest_business-and-finance_business_executive-leadership-and-management"
9,"interest_business-and-finance_business_marketing-and-advertising"
9,"interest_business-and-finance_economy"
9,"interest_business-and-finance_economy_housing-market"
9,"interest_business-and-finance_industries"
9,"interest_business-and-finance_industries_advertising-industry"
9,"interest_business-and-finance_industries_entertainment-industry"
9,"interest_business-and-finance_industries_food-industry"
9,"interest_business-and-finance_industries_media-industry"
9,"interest_events-and-attractions"
9,"interest_events-and-attractions_personal-celebrations-and-life-events"
9,"interest_family-and-relationships"
9,"interest_family-and-relationships_parenting"
9,"interest_fine-art"
9,"interest_fine-art_dance"
9,"interest_food-and-drink"
9,"interest_food-and-drink_cooking"
9,"interest_food-and-drink_world-cuisines"
9,"interest_health-and-medical-services"
9,"interest_health-and-medical-services_health-and-pharma_medical-services"
9,"interest_healthy-living"
9,"interest_healthy-living_childrens-health"
9,"interest_healthy-living_fitness-and-exercise"
9,"interest_healthy-living_outdoor-activities"
9,"interest_healthy-living_wellness"
9,"interest_healthy-living_yoga"
9,"interest_hobbies-and-interests"
9,"interest_hobbies-and-interests_arts-and-crafts_candle-and-soap-making"
9,"interest_hobbies-and-interests_games-and-puzzles_roleplaying-games"
9,"interest_hobbies-and-interests_musical-instruments"
9,"interest_hobbies-and-interests_paranormal-phenomena"
9,"interest_hobbies-and-interests_sci-fi-and-fantasy"
9,"interest_movies"
9,"interest_movies_comedy-movies"
9,"interest_movies_fantasy-movies"
9,"interest_movies_science-fiction-movies"
9,"interest_movies_world-movies"
9,"interest_music-and-audio_comedy-music-and-audio"
9,"interest_music_autumn"
9,"interest_music_bollywood"
9,"interest_music_chill"
9,"interest_music_desi pop"
9,"interest_music_folk"
9,"interest_music_indie"
9,"interest_music_k-pop"
9,"interest_music_r&b"
9,"interest_music_rock"
9,"interest_music_sleep"
9,"interest_music_soundtrack"
9,"interest_news-and-politics"
9,"interest_news-and-politics_crime"
9,"interest_news-and-politics_disasters"
9,"interest_news-and-politics_local-news"
9,"interest_news-and-politics_politics"
9,"interest_news-and-politics_politics_political-issues"
9,"interest_pop-culture"
9,"interest_pop-culture_humor-and-satire"
9,"interest_real-estate"
9,"interest_sports"
9,"interest_sports_extreme-sports"
9,"interest_sports_hunting-and-shooting"
9,"interest_style-and-fashion"
9,"interest_style-and-fashion_mens-fashion"
9,"interest_style-and-fashion_womens-fashion"
9,"interest_technology-and-computing"
9,"interest_technology-and-computing_augmented-reality"
9,"interest_technology-and-computing_computing_social-networking"
9,"interest_technology-and-computing_virtual-reality"
9,"interest_television"
9,"interest_television_comedy-tv"
9,"interest_television_music-tv"
9,"interest_television_science-fiction-tv"
9,"interest_travel"
9,"interest_travel_adventure-travel"
9,"interest_travel_asia-travel"
9,"interest_travel_north-america-travel"
9,"interest_video-gaming"
9,"interest_video-gaming_video-game-genres"
9,"interest_video-gaming_video-game-genres_action-adventure-video-games"
9,"interest_video-gaming_video-game-genres_role-playing-video-games"
11,"e613a618-af6d-42ee-aff1-057aa597219c"
11,"6716b23a-fbc3-484c-9971-15ad55a61864"
11,"interest_fine-art_theater"
11,"interest_business-and-finance_business_business-administration"
11,"interest_technology-and-computing"
11,"interest_healthy-living_mens-health"
11,"f8597c03-bccc-4557-a11b-d1d3076b5e0e"
11,"f8219dd5-ff91-44a6-a34c-b4e03828d525"
11,"interest_sports"
11,"6cd0724c-bc49-4303-ad5a-4907cea1929e"
11,"427d03fc-dbd7-4a3f-b6fa-287005cfe460"
11,"d67fcbfc-fa46-4f50-9da3-c8ab9df43ae7"
11,"248d6854-c8ee-46e3-8643-b9dd8f95441c"
11,"3969d472-9e7e-474e-8d85-3916444a8034"
11,"interest_business-and-finance_industries_management-consulting-industry"
11,"interest_health-and-medical-services"
11,"ca92cb01-a8c9-4541-8cf9-bb3b94bd6212"
11,"ae9b4609-f286-4955-b55b-97d5a8f35cb1"
11,"interest_academic-interests_social-sciences"
11,"0bf58de6-850c-41fc-a428-6545dd747a91"
11,"interest_events-and-attractions"
11,"1P_Custom_Apple_Loyalists [Advertiser-Restricted]"
11,"interest_business-and-finance_business_logistics"
11,"d8e51d8e-6f9b-4ee1-a521-1d3a053190c4"
11,"2c6559c2-baed-4b6d-9a62-850a10dd4fe6"
11,"interest_business-and-finance_industries_technology-industry"
11,"interest_business-and-finance_industries_telecommunications-industry"
11,"225b8db3-41d2-4855-b557-9f259bc66e48"
11,"interest_business-and-finance_industries_food-industry"
11,"508a1f85-8810-4a13-abb0-3b06fb881c55"
11,"interest_fine-art"
11,"interest_personal-finance_retirement-planning"
11,"interest_business-and-finance_business_startups"
11,"interest_commuting"
11,"7b37df46-2895-4d3c-9ad9-3e089db4bdcd"
11,"interest_business-and-finance_industries_defense-industry"
11,"b5bf6843-ccc7-45e5-95f1-c2b71cdf1bfd"
11,"interest_business-and-finance_industries_agriculture"
11,"ca654dbe-c5d2-48cc-8cde-dbfbf63e690f"
11,"interest_personal-finance_personal-taxes"
11,"content_audiobooks_self-help"
11,"interest_healthy-living_yoga"
11,"5b931046-c5d0-4814-899f-51d774cb954e"
11,"1P_Custom_Daylist_Power_Playlist_Streamers_New"
11,"interest_television"
11,"demographic_age_18-21"
11,"20feb4cc-246d-4f26-bf62-078ff51b3609"
11,"b18fbec0-278f-4fd7-af33-228eee17e6a4"
11,"interest_business-and-finance_economy_financial-reform"
11,"1025da9a-c31d-4a3b-843d-2ec14a1f2ec6"
11,"80dec1f9-a562-4093-a099-8791c4ae35e0"
11,"interest_healthy-living_womens-health"
11,"3e3025f6-3722-4e22-8b37-c7c13a0fd949"
11,"interest_academic-interests_social-sciences_law"
11,"a81ac3c6-dfeb-4f14-b863-4caca0f85307"
11,"8b051ec3-55e1-4935-8bdf-8346d5ba4866"
11,"69878e31-aa43-4d9f-90fb-51f62f0c4685"
11,"1P_Custom_Smart_Technology_Streamers"
11,"f770376f-ffab-46d7-86de-a3f1129d52bd"
11,"interest_business-and-finance_industries_automotive-industry"
11,"352a8737-d358-4915-b49b-366450f7e589"
11,"interest_pop-culture"
11,"c9c9acbf-50c5-46dc-8a1f-d4eb9e0e2f07"
11,"content_music_alternative"
11,"2fea6cb2-3a03-4d09-8ba3-86c4299e7754"
11,"interest_business-and-finance_business_marketing-and-advertising"
11,"0329338c-15cc-4838-a476-101c2617621f"
11,"interest_news-and-politics_law"
11,"interest_business-and-finance_economy_commodities"
11,"interest_news-and-politics_politics_political-issues"
11,"de473ca8-0882-4145-b7b0-2fe0f7e6f167"
11,"b7ccf08c-91aa-48dc-ac7e-c363ecea48f0"
11,"b61aeb55-c4df-46e1-9ea4-c0f2a86ca589"
11,"d4321a36-fbee-4f13-97d9-83ae1a4d4d8a"
11,"89858f3b-d34f-4431-b2f7-5285f4a3ccdc"
11,"1P_Custom_Broadway_Soundtrack_Streamers"
11,"1P_Custom_Star_Wars_Playlist_Streamers"
11,"f77273d2-a3e5-41b1-858f-7f15c4b2e423"
11,"interest_technology-and-computing_artificial-intelligence"
11,"29a0c7b3-365e-4faa-95de-74e2ee0b0781"
11,"interest_business-and-finance_industries_information-services-industry"
11,"1P_Custom_Passionate_Curators"
11,"interest_business-and-finance_industries_aviation-industry"
11,"1P_Custom_Music_Festival_Playlist_Listeners"
11,"demographic_female"
11,"interest_music_holiday"
11,"demographic_driver"
11,"interest_business-and-finance_industries_environmental-services-industry"
11,"interest_personal-finance_personal-investing"
11,"interest_fine-art_opera"
11,"1e852355-0a12-4b6a-93ff-11e5cc5e6143"
11,"1P_Custom_Apple_Super_Fans [Advertiser-Restricted]"
11,"1P_Custom_iPhone_14_Users [Advertiser-Restricted]"
11,"7dd7383d-9256-4897-8be4-76ddf49a0f74"
11,"a6923924-de67-44d1-a448-11025b7dccfb"
11,"ee472d3f-d24f-4201-9a15-6757c607570f"
11,"interest_business-and-finance_industries_pharmaceutical-industry"
11,"interest_business-and-finance_business_consumer-issues"
11,"interest_business-and-finance_industries_civil-engineering-industry"
11,"d166837a-6f85-44d3-bc70-7e4308724691"
11,"interest_business-and-finance_industries_power-and-energy-industry"
11,"dae809b1-8300-40c8-b03c-19d437caae9e"
11,"71ab5845-71d7-475c-a329-71ef17f50d44"
11,"981bebbd-7b65-4e95-9fbe-fa1bd3bdd3b6"
11,"4f41474e-ce08-435b-950e-c9ad68be11f9"
11,"77e16875-c7a7-4d5d-9979-267b77d612c7"
11,"807134ba-2abb-48e6-8e41-f83afbfd0ced"
11,"demographic_commuter"
11,"59615d68-e87f-4a7b-ada5-d5ef2ff9939e"
11,"interest_hobbies-and-interests_arts-and-crafts"
11,"f9cabe4e-1212-4ce4-90aa-476b56a40be6"
11,"interest_home-and-garden_outdoor-decorating"
11,"6b9b1dc3-b487-4f55-9973-e5d84c8540ce"
11,"interest_family-and-relationships_parenting"
11,"1P_Custom_Connected_Speaker_Streamers"
11,"interest_movies"
11,"interest_news-and-politics_politics_war-and-conflicts"
11,"1P_Custom_Wrapped_Eligible"
11,"6e04289a-5d70-48f2-b00e-5b6e151b5f44"
11,"1P_Custom_Auto_Toyota [Advertiser-Specific]"
11,"c0025ef9-e1fc-4659-95c8-be0d66edf2c2"
11,"90c34e00-e551-4da7-881d-60763b6aeea0"
11,"3c064d8c-ba6b-44b2-9175-7af5697dc480"
11,"content_podcasts_news-and-politics"
11,"1P_Custom_Canadian_Artist_Listeners"
11,"e9bb59f8-7197-49b1-9de1-f02d6e89ef2e"
11,"8f288b0a-8695-467d-a7f0-4619e29539d2"
11,"Custom Audience_PRINCESS POLLY ONLINE PTY LTD Business"
11,"32ad8ae6-d726-41ef-828d-0c01e5cc8ec0"
11,"content_podcasts"
11,"17cd9706-3f29-4c5e-97b9-fe2c37ce74fe"
11,"1P_Custom_Workout_Moment_Listeners"
11,"interest_education_language-learning"
11,"2374fa41-f053-4ff0-a1f5-3472d8fb5a88"
11,"1P_Custom_Musicals_Playlist_Listeners"
11,"interest_business-and-finance_business_business-it"
11,"interest_sports_college-sports"
11,"interest_business-and-finance_industries_metals-industry"
11,"5ae8f2d1-5936-47ad-81d3-8ea86d665917"
11,"6018d181-48b8-4978-94a3-9042b02541ff"
11,"9e291b99-3277-4a0d-9486-a16905b8fe3c"
11,"decf38c4-b47e-4b03-8ea2-954f76f7935b"
11,"25a90ec3-b4cf-4cb9-a7d8-358c06ebcd9a"
11,"1P_Custom_Podcast_Category_Self_Help"
11,"d0115a84-07dc-4c8e-8681-b14b46df0502"
11,"8fdfdd6c-0652-4706-b818-fc59b2439d02"
11,"interest_business-and-finance_economy_financial-crisis"
11,"370468a9-2c16-4da8-b5e4-bf8c42e7c952"
11,"interest_healthy-living_fitness-and-exercise"
11,"2f2b2dac-f3cb-4aad-8c7e-fa660f1a1bfd"
11,"1P_Custom_Confidence_Productivity_Motivation_Listeners"
11,"dc13a274-d82e-403d-8d4f-2c4ba298ea6b"
11,"4625b7e1-7e18-4916-8af0-2bc81109cede"
11,"interest_business-and-finance_business_business-banking-and-finance"
11,"e98c9e61-42d8-4bf7-9078-06b9bf632117"
11,"516720fd-2b18-4177-9a9d-6d828cf0afda"
11,"1P_Custom_Car_Mode_Streamers"
11,"0443b7a8-1f9c-4497-ae2e-fe74742c2b19"
11,"content_audiobooks_romance"
11,"1c1d7dd0-8c18-4fe4-a7c8-ffd217d21e37"
11,"a56267d0-8b1e-441e-ab44-d62555be9a12"
11,"e697d322-4d13-4c37-8bf1-f684031d7a20"
11,"6c723f44-a2b7-4872-8163-e1d875a00d55"
11,"interest_music_sleep"
11,"7f64f7fc-2f12-47e2-8fc7-36df2d3e818e"
11,"interest_food-and-drink"
11,"c0b5d5e9-460e-4535-9b3d-4a95d069d596"
11,"interest_academic-interests_social-sciences_governance-and-society"
11,"1P_Custom_Wireless_Headphone_Users"
11,"interest_news-and-politics_international-news"
11,"6b3bbb75-a082-43da-a4a6-4e47d6e04387"
11,"1P_Custom_Connected_Speaker_nonSonos_Streamers [Advertiser-Specific]"
11,"interest_personal-finance"
11,"interest_home-and-garden"
11,"778aec5f-1693-4154-8c0e-4dbf5d85b8c8"
11,"interest_business-and-finance_business_large-business"
11,"interest_video-gaming_video-game-genres_educational-video-games"
11,"interest_video-gaming"
11,"content_podcasts_infotainment"
11,"interest_business-and-finance_business"
11,"37d7f53c-ca5c-4eea-98c7-dc86538cef07"
11,"1P_Custom_2024_Wrapped_Engagers"
11,"content_audiobooks_fiction-and-literature"
11,"ebcedf55-7931-42ac-9d4d-9dbbea8c3b81"
11,"1P_Custom_Summer_Moment_Listeners"
11,"75473f63-f499-4e20-aa48-feee819ecead"
11,"fdc175a5-8fe7-450f-a02a-c0dd8e702c91"
11,"1P_Custom_Holiday_Playlist_Streamers"
11,"interest_healthy-living"
11,"e6f5b212-3e8f-4d79-854d-39753b2ff483"
11,"interest_academic-interests_social-sciences_education"
11,"interest_business-and-finance_industries"
11,"a1c56d9b-8e65-4591-962c-dcd8b5153edf"
11,"content_podcasts_arts-and-entertainment"
11,"content_podcasts_business-and-technology"
11,"interest_social-gatherings_holidays"
11,"interest_academic-interests_life-sciences_medicine-and-healthcare"
11,"ace75cb2-2111-4c3d-972c-370fb9042830"
11,"bbf843b6-a781-45ec-9dbc-9bbe4cb4a9d4"
11,"4e28ec8b-ba5e-433b-821c-da93f6dca55a"
11,"interest_business-and-finance_industries_retail-industry"
11,"e5d6aa0e-d48a-4558-a588-1c43d07e33d3"
11,"67d25600-de07-4f68-ade3-cb4db9dd4447"
11,"7e89978b5996451486924f079add30e2"
11,"interest_business-and-finance_business_business-operations"
11,"b6b6af41-3487-4502-bad4-017f86a9aa6d"
11,"e8d54fd4-7b45-4874-9432-a68ac2141f34"
11,"1P_Custom_Windows_Users [Advertiser-Restricted]"
11,"interest_news-and-politics"
11,"1P_Custom_Algorithmic_Playlist_Listeners"
11,"interest_family-and-relationships_dating"
11,"1P_Custom_Apple_Airpods_Streamers [Advertiser-Restricted]"
11,"2b0ed6a5-3e14-46ff-b547-853e65f06ac0"
11,"interest_business-and-finance_industries_media-industry"
11,"interest_academic-interests_social-sciences_economics"
11,"1P_Custom_Philippines_20Kto50K_Device_Listeners"
11,"b29d07a3-cd17-407b-95be-282cb6236d42"
11,"content_music_r&b"
11,"interest_shopping"
11,"504bd9a7-f44d-46db-8e0a-04f33b44a639"
11,"e3ec4738-274d-45aa-b765-db5f7c976d7d"
11,"interest_business-and-finance_industries_legal-services-industry"
11,"interest_business-and-finance"
11,"1P_Custom_Auto_Standard_Car_Streamers"
11,"813330fa-d9ed-4e69-90f0-87c1d3d0d08b"
11,"1P_Custom_Top_Hits_Listeners"
11,"1P_Custom_Apple_Wearables_Users [Advertiser-Restricted]"
11,"dd395c79-36c1-4681-8854-df44d8202e78"
11,"d56ee1bf-1f0b-40f9-9a80-939d69d1b293"
11,"1P_Custom_Apple_iPad_Streamers [Advertiser-Restricted]"
11,"interest_business-and-finance_industries_non-profit-organizations"
11,"content_music"
11,"interest_business-and-finance_industries_apparel-industry"
11,"interest_business-and-finance_business_human-resources"
11,"interest_business-and-finance_economy_gasoline-prices"
11,"2703f585-f259-4228-9bed-128b55392ab3"
11,"interest_business-and-finance_economy_job-market"
11,"6e9dac43-3f0e-4dc3-9ed6-a498c6a2d118"
11,"interest_academic-interests_social-sciences_psychology"
11,"76161eb8-facb-4120-a618-3a6eb5c01523"
11,"1abf8bf5-b696-41e0-b439-f3244c2712cf"
11,"interest_travel_europe-travel"
11,"interest_fine-art_dance"
11,"interest_music-and-audio_comedy-music-and-audio"
11,"7b0f421f2de54d9fb34b9081b4cf588c"
11,"interest_hobbies-and-interests_content-production"
11,"1P_Custom_Romance_Playlist_Listeners"
11,"105afef0-903a-43b7-9c50-7ede3810e23f"
11,"interest_academic-interests_social-sciences_international-relations"
11,"1P_Custom_iOS_Mobile_Streamers [Advertiser-Restricted]"
11,"00b8f7ad-d91b-4ff5-acbb-b1d5bbdc0104"
11,"interest_education"
11,"2a9cbff5-5dfa-40d1-b05c-d1a7ad3c7db5"
11,"5fe3a5b6-508b-49ee-ba8d-4a63266f6416"
11,"interest_home-and-garden_gardening"
11,"content_audiobooks_sci-fi-and-fantasy"
11,"ca2e63b4-a66c-4b47-a6ce-73e327851d49"
11,"content_audiobooks_biography-and-memoir"
11,"1P_Custom_In_Car_Streamers"
11,"6c2f9525-4919-4491-a7cd-a7d05896db87"
11,"03ded614-6485-44c7-9a41-a531117f69e8"
11,"interest_news-and-politics_national-news"
11,"content_podcasts_lifestyle-and-health"
11,"interest_style-and-fashion"
11,"00eaa841-4a6a-4ff2-be64-831004e1663b"
11,"interest_academic-interests"
11,"interest_hobbies-and-interests"
11,"content_audiobooks_parenting-and-relationships"
11,"interest_business-and-finance_business_government-business"
11,"interest_music_soundtrack"
11,"interest_healthy-living_wellness"
11,"interest_business-and-finance_economy"
11,"interest_business-and-finance_business_green-solutions"
11,"ebbe8843-1dd5-4790-b864-33bb0a0b2cde"
11,"6dcfe7bd-3e7c-4126-8547-5584f1268a76"
11,"interest_business-and-finance_industries_education-industry"
11,"8fa4e1a8-9b3e-4d14-aac5-a3ddcb76b447"
11,"1P_Custom_Sony_Headphones_Users [Advertiser-Restricted]"
11,"75a7b313-7068-43d7-8fb3-8dc79c160207"
11,"interest_family-and-relationships"
11,"interest_business-and-finance_economy_financial-regulation"
11,"d104b7b4-dc5f-4b65-895c-fea2fcc4f4b7"
11,"e95f32b4-b68b-4a05-83a0-fe7bc2cf88ce"
11,"ec910226-1109-4993-aeb2-006891f4035b"
11,"3541cb2c-7409-4660-855e-f3451b8a553a"
11,"interest_personal-finance_personal-debt"
11,"content_music_country"
11,"interest_news-and-politics_local-news"
11,"fb3a8d0c-7c74-40ed-a432-77504e44c476"
11,"350c9eb5-c205-4665-9a64-f9f95817260a"
11,"interest_education_online-education"
11,"9508a922-49ac-49dc-a615-cadacafb1192"
11,"244e68a6-a3c7-4b8a-9fe8-c762c1230253"
11,"bd2b661c-54ea-40dd-ace7-72c984c8e46a"
11,"a9a8de8c-f26d-4b74-bc0c-7b0f6ae9affb"
11,"02ce719c-4911-4e1e-a05a-ebfca308d10d"
11,"605efd7d-bb2a-45de-8276-6dab2d1f981b"
11,"interest_business-and-finance_industries_manufacturing-industry"
11,"interest_real-estate"
11,"interest_business-and-finance_industries_advertising-industry"
11,"54880ba1-40b4-41f5-970e-cf80a8978034"
11,"cb07906a-4432-467d-9805-6af7328872a5"
11,"interest_business-and-finance_economy_interest-rates"
11,"77ca38e3-e65d-4357-93c1-10eb4ccde609"
11,"interest_business-and-finance_industries_biotech-and-biomedical-industry"
11,"884c7a23-e74b-4d26-9315-33473a4aec08"
11,"content_podcasts_educational"
11,"1P_Custom_Content_Affinity_EQUAL"
11,"interest_health-and-medical-services_health-and-pharma_medical-services"
11,"interest_business-and-finance_industries_construction-industry"
11,"1P_Custom_Connected_TV_and_Movie_Streamers"
11,"interest_healthy-living_senior-health"
11,"7f71eb3f-b0c9-4ba6-b8de-81b77d7fedaa"
11,"interest_travel"
11,"content_music_house"
11,"4ed0f581-0a8c-4021-925d-6e8e3933f11a"
11,"15c72004-05bf-4fd8-8250-ab312f09c14d"
11,"interest_business-and-finance_industries_publishing-industry"
11,"interest_personal-finance_insurance"
11,"interest_business-and-finance_economy_currencies"
11,"b91855ac-8c6a-4b74-be63-510b73690c89"
11,"1P_Custom_Power_Users"
11,"interest_business-and-finance_business_executive-leadership-and-management"
11,"2701fe59-b580-4496-a09e-942c861cb57b"
11,"c467e5e7-f5c2-4063-b9b6-ea22a295d740"
11,"interest_business-and-finance_business_small-and-medium-sized-business"
11,"interest_business-and-finance_industries_healthcare-industry"
11,"04be37ce-473b-4c6d-bbee-e7ef2e123b63"
11,"b9552fb3-eeb9-4efd-979f-03d6ea67e7ed"
11,"3bd2b08f-4bfb-4d2f-ae51-0ad57f498069"
11,"238ddd70-916b-42dd-b5e5-281a43801a0d"
11,"interest_travel_camping"
11,"4c57d833-45ad-4592-9708-6359dccec782"
11,"content_audiobooks"
11,"4cbd967a-a4d0-40d9-969e-12885fbe2153"
11,"interest_business-and-finance_industries_financial-industry"
11,"e6823423-c750-4f38-b7d9-131a665914d2"
11,"ecf0995b-fb27-4545-84cd-cb0a83d00781"
11,"b99d9d05-9e4e-468d-b438-cbf526995d9b"
11,"4bd7a796-1286-4f80-a272-31230ee568ea"
11,"a4f1eae3-1e2e-4e41-a2f3-cc04574f269e"
11,"bfa1a545-c77d-4888-9409-3104e6ac0144"
11,"bd9c4eb7-ee8c-4274-8b8e-27ddbac8fb91"
11,"interest_news-and-politics_politics"
11,"ff9a856c871a48a7a852d509410b9f5e"
11,"interest_movies_science-fiction-movies"
11,"aa33c143-b58c-4624-917a-61c375070a61"
11,"interest_business-and-finance_industries_hospitality-industry"
11,"f3d6114c-73d9-499b-8827-9ff0fb5d351d"
11,"interest_education_adult-education"
11,"473ecafc-3867-4ad5-9180-69aae90fc557"
11,"3ef2a0cb-5235-45a3-8bbf-cec6bbd111f7"
11,"interest_business-and-finance_economy_housing-market"
11,"84d14ad2-7f75-4243-90f6-5da875bbf843"
11,"content_music_pop"
11,"1P_Custom_Made_For_You_Power_Playlist_Streamers"
11,"1P_Custom_Disney_Marvel_Playlist_Streamers"
11,"interest_news-and-politics_disasters"
11,"1P_Custom_English_Language_Content_Listeners"
11,"interest_personal-finance_frugal-living"
11,"67c58539-0150-44e0-bebf-d4ffc9b2cc60"
11,"interest_books-and-literature"
11,"0b897ff2-bfb2-4aa0-9c02-c8e8f79018ef"
11,"c0c05927-9920-4642-aa0f-dd6d7e6229d8"
12,"00b8f7ad-d91b-4ff5-acbb-b1d5bbdc0104"
12,"00eaa841-4a6a-4ff2-be64-831004e1663b"
12,"017e1c18-e640-48e2-b4de-3fc7861f316f"
12,"02ce719c-4911-4e1e-a05a-ebfca308d10d"
12,"0329338c-15cc-4838-a476-101c2617621f"
12,"03ded614-6485-44c7-9a41-a531117f69e8"
12,"0443b7a8-1f9c-4497-ae2e-fe74742c2b19"
12,"0bde0127d2e94b8fa316fa1075199182"
12,"0bf58de6-850c-41fc-a428-6545dd747a91"
12,"0d81238d-86a5-4e8a-9c37-41e7421df9a0"
12,"1025da9a-c31d-4a3b-843d-2ec14a1f2ec6"
12,"1046acba-5d40-49a7-8d65-4427e79b6b5a"
12,"105afef0-903a-43b7-9c50-7ede3810e23f"
12,"15c72004-05bf-4fd8-8250-ab312f09c14d"
12,"15f04a99-9df8-40c4-b44c-4c4c7337ecd5"
12,"17cd9706-3f29-4c5e-97b9-fe2c37ce74fe"
12,"1P_Custom_2024_Wrapped_Engagers"
12,"1P_Custom_Algorithmic_Playlist_Listeners"
12,"1P_Custom_Amazon_Streamers [Advertiser-Specific]"
12,"1P_Custom_Apple_Airpods_Streamers [Advertiser-Restricted]"
12,"1P_Custom_Apple_Loyalists [Advertiser-Restricted]"
12,"1P_Custom_Apple_Super_Fans [Advertiser-Restricted]"
12,"1P_Custom_Apple_Wearables_Users [Advertiser-Restricted]"
12,"1P_Custom_Auto_Honda [Advertiser-Specific]"
12,"1P_Custom_Auto_Lexus [Advertiser-Specific]"
12,"1P_Custom_Auto_Premium_Car_Streamers"
12,"1P_Custom_Auto_Standard_Car_Streamers"
12,"1P_Custom_Broadway_Soundtrack_Streamers"
12,"1P_Custom_Canadian_Artist_Listeners"
12,"1P_Custom_Car_Mode_Streamers"
12,"1P_Custom_Confidence_Productivity_Motivation_Listeners"
12,"1P_Custom_ConnectedTV_no_Speaker_Streamers"
12,"1P_Custom_Connected_TV_and_Movie_Streamers"
12,"1P_Custom_Content_Affinity_EQUAL"
12,"1P_Custom_Content_Affinity_Frequency"
12,"1P_Custom_Daylist_Power_Playlist_Streamers_New"
12,"1P_Custom_English_Language_Content_Listeners"
12,"1P_Custom_Focus_Moment_Listeners"
12,"1P_Custom_Friendship_Playlist_Listeners"
12,"1P_Custom_GRWM_Playlist_Listeners"
12,"1P_Custom_Holiday_Playlist_Streamers"
12,"1P_Custom_In_Car_Streamers"
12,"1P_Custom_Made_For_You_Power_Playlist_Streamers"
12,"1P_Custom_Meditation"
12,"1P_Custom_Musicals_Playlist_Listeners"
12,"1P_Custom_Passionate_Curators"
12,"1P_Custom_Personal_Wellness"
12,"1P_Custom_Philippines_20Kto50K_Device_Listeners"
12,"1P_Custom_Podcast_Category_Self_Help"
12,"1P_Custom_Power_Users"
12,"1P_Custom_Relaxation"
12,"1P_Custom_Romance_Playlist_Listeners"
12,"1P_Custom_Smart_Technology_Streamers"
12,"1P_Custom_Social_Streamers_Broad"
12,"1P_Custom_Summer_Moment_Listeners"
12,"1P_Custom_TV_Movies_Hub_Streamers"
12,"1P_Custom_Travel_Playlist_Listeners"
12,"1P_Custom_Windows_Users [Advertiser-Restricted]"
12,"1P_Custom_Wireless_Headphone_Users"
12,"1P_Custom_Work_From_Home_Playlist_Listeners"
12,"1P_Custom_Workout_Moment_Listeners"
12,"1P_Custom_Wrapped_Eligible"
12,"1P_Custom_Wrapped_Listeners"
12,"1P_Custom_Wrapped_Power_Playlist_Streamers"
12,"1P_Custom_iOS_Mobile_Streamers [Advertiser-Restricted]"
12,"1P_Custom_iPhone_14_Users [Advertiser-Restricted]"
12,"1abf8bf5-b696-41e0-b439-f3244c2712cf"
12,"1c1d7dd0-8c18-4fe4-a7c8-ffd217d21e37"
12,"1e852355-0a12-4b6a-93ff-11e5cc5e6143"
12,"20cd3541703343fc9efda033d3457031"
12,"20feb4cc-246d-4f26-bf62-078ff51b3609"
12,"21852226-48f3-462d-945b-d1a989912af1"
12,"225b8db3-41d2-4855-b557-9f259bc66e48"
12,"2374fa41-f053-4ff0-a1f5-3472d8fb5a88"
12,"238ddd70-916b-42dd-b5e5-281a43801a0d"
12,"244e68a6-a3c7-4b8a-9fe8-c762c1230253"
12,"248d6854-c8ee-46e3-8643-b9dd8f95441c"
12,"25481e24-1bdd-494c-b2c9-bf6fa49d08da"
12,"25a90ec3-b4cf-4cb9-a7d8-358c06ebcd9a"
12,"2701fe59-b580-4496-a09e-942c861cb57b"
12,"2703f585-f259-4228-9bed-128b55392ab3"
12,"29a0c7b3-365e-4faa-95de-74e2ee0b0781"
12,"2P_AT&T_Discerning Professionals - 2025_18-Apr-2025_US"
12,"2P_AT&T_Lower Income Single Line - 2025_18-Apr-2025_US"
12,"2P_AT&T_Neustar Propensity + 3Box (NSR)071322_8-Aug-2022_US"
12,"2P_AT&T_No Frills Boomers - 2025 _18-Apr-2025_US"
12,"2P_AT&T_Young and Diverse, Early Adopter (Updated Definition) _18-Apr-2025_US"
12,"2P_Esso Masterbrand_UM - Esso - Emma/Jacob V3_16-Aug-2023_CA"
12,"2P_Esso Masterbrand_UM - Esso - Emma/Jacob V4_16-Aug-2023_CA"
12,"2P_Exxon_Mobile_KSO - Testing_18_Jul-2023_CA"
12,"2P_Exxon_TEST_CA"
12,"2P_Fidelity_IXI _Investment Propensity_Active Traders_15Oct2020_US"
12,"2P_Fidelity_IXI _Investment Propensity_Power ETF Investors_15Oct2020_US"
12,"2P_Ford_2025 Expedition Conquest EXP.A.TTL.1.5_19-Jun-2025_US"
12,"2P_Hyundai_Spotify: Hyundai - HYU True Prospects SUV Rank 1-10 Individual_14-Fab-2025_US"
12,"2P_Starbucks - SE Suppression TEST_17Nov2022_US"
12,"2P_Starbucks_SR Suppression_12-Jul-2024_US"
12,"2a9cbff5-5dfa-40d1-b05c-d1a7ad3c7db5"
12,"2b0ed6a5-3e14-46ff-b547-853e65f06ac0"
12,"2f2b2dac-f3cb-4aad-8c7e-fa660f1a1bfd"
12,"2fd98340-7c07-4888-9d2f-8892ec1de39b"
12,"2fea6cb2-3a03-4d09-8ba3-86c4299e7754"
12,"32ad8ae6-d726-41ef-828d-0c01e5cc8ec0"
12,"350c9eb5-c205-4665-9a64-f9f95817260a"
12,"352a8737-d358-4915-b49b-366450f7e589"
12,"370468a9-2c16-4da8-b5e4-bf8c42e7c952"
12,"37d7f53c-ca5c-4eea-98c7-dc86538cef07"
12,"3969d472-9e7e-474e-8d85-3916444a8034"
12,"39b584607a5a4c8b86499ec73808fe12"
12,"3P Data: Neustar Trait - Visit Pandora.Com in the Last 30 Days"
12,"3P_ Custom_Low Calorie/Sugar Conscious Buyers_14Dec2020_US"
12,"3P_ Custom_Low Calorie/Sugar Drink Buyers_2Jan2021_US"
12,"3P_ Neustar_Delta Frequent Flyer Program_15Nov2022_US"
12,"3P_ Thriller Movie Enthusiasts_AU"
12,"3P_ _Smart Market Audiences - Financial Services - Banks - Bank Of America_18-May-2021_US"
12,"3P_4K / Ultra HD TV HHs_US"
12,"3P_Accountants_US"
12,"3P_Action Entertainment Enthusiasts_CA"
12,"3P_Action Enthusiasts_US"
12,"3P_Action Gamers_AU"
12,"3P_Action Gamers_FR"
12,"3P_Action Gamers_IT"
12,"3P_Action Gaming Enthusiasts_DE"
12,"3P_Action Movie Enthusiasts_ES"
12,"3P_Action Movie Enthusiasts_FR"
12,"3P_Action Movie Enthusiasts_UK"
12,"3P_Action_Movie_Enthusiasts_CA"
12,"3P_Adventure Movie Enthusiasts_FR"
12,"3P_Affluent Households_IT"
12,"3P_Affluent/High Income_AU"
12,"3P_Alcohol Consumers_BR"
12,"3P_Alcohol Consumers_CA"
12,"3P_Alcohol Consumers_ES"
12,"3P_Alcohol Consumers_FR"
12,"3P_Alcohol Consumers_IT"
12,"3P_Alcohol Consumers_MX"
12,"3P_Alcohol Consumers_UK"
12,"3P_Alcohol Consumers_US"
12,"3P_AmazonBlackFriday_FR"
12,"3P_American Sports Enthusiasts_IT"
12,"3P_American_Steakhouse lovers_IT"
12,"3P_Android Users_AU"
12,"3P_Android Users_CA"
12,"3P_Android Users_DE"
12,"3P_Android Users_FR"
12,"3P_Android Users_IT"
12,"3P_Android Users_UK"
12,"3P_Android Users_US"
12,"3P_Animation TV & Movie Enthusiasts_AU"
12,"3P_Anime/Cartoon_Enthusiasts_CA"
12,"3P_Anime_Manga_Enthusiast_FR"
12,"3P_Apple Products_US"
12,"3P_Apple iOS Users_AU"
12,"3P_Apple iOS Users_CA"
12,"3P_Apple iOS Users_DE"
12,"3P_Apple iOS Users_ES"
12,"3P_Apple iOS Users_FR"
12,"3P_Apple iOS Users_IT"
12,"3P_Apple iOS Users_UK"
12,"3P_Appliance Buyers_UK"
12,"3P_Appliance Shoppers_US"
12,"3P_Appliance_Purchasers_IT"
12,"3P_Arby's Consumers_07Dec2021_US"
12,"3P_Architects/Engineers/Entertainment/Data_Science_Professionals_ES"
12,"3P_Art and Design Enthusiasts_IT"
12,"3P_Arts & Culture_FR"
12,"3P_Arts & Culture_UK"
12,"3P_Arts and Culture Enthusiasts_DE"
12,"3P_At Home Coffee Drinkers_18Jan2022_US"
12,"3P_Athletes_US"
12,"3P_Athletic Apparel Shoppers_US"
12,"3P_Athletic Apparel_US"
12,"3P_Auto Insurance Intenders_US"
12,"3P_Auto Intenders / In-Market_AU"
12,"3P_Auto Intenders / In-Market_BR"
12,"3P_Auto Intenders / In-Market_CA"
12,"3P_Auto Intenders / In-Market_MX"
12,"3P_Auto Intenders / In-Market_US"
12,"3P_Auto Part Buyers_US"
12,"3P_Auto_Mazda Owners/In-Market_AU"
12,"3P_Auto_Toyota Owners/In-Market/Enthuiasts_AU"
12,"3P_BMW Enthusiast_IT"
12,"3P_BMW_Owners_CA"
12,"3P_Bacardi_Competitor_Purchasers_US [Advertiser-specific]"
12,"3P_Back_To_School_Shoppers_US"
12,"3P_Bank Account Holders_ES"
12,"3P_Baseball Fans_US"
12,"3P_Basketball Enthusiasts_DE"
12,"3P_Basketball Enthusiasts_ES"
12,"3P_Basketball Enthusiasts_FR"
12,"3P_Basketball Enthusiasts_IT"
12,"3P_Basketball Enthusiasts_UK"
12,"3P_Beach Vacationers_US"
12,"3P_Beer Consumers_US"
12,"3P_Beer Drinkers_AU"
12,"3P_Beer Drinkers_DE"
12,"3P_Beer Drinkers_ES"
12,"3P_Beer Drinkers_FR"
12,"3P_Beer Drinkers_IT"
12,"3P_Beer Drinkers_UK"
12,"3P_Big Box Retailer Shoppers_US"
12,"3P_BlushBuyers_US"
12,"3P_Bottled / Mineral Water Buyers_DE"
12,"3P_Bottled / Mineral Water Buyers_ES"
12,"3P_Bottled / Mineral Water Buyers_FR"
12,"3P_Bottled / Mineral Water Buyers_IT"
12,"3P_Bottled / Mineral Water Buyers_UK"
12,"3P_Bourbon Drinkers_US"
12,"3P_Bread Buyers_UK"
12,"3P_Business Decision-Makers_DE"
12,"3P_Business Decision-Makers_ES"
12,"3P_Business Decision-Makers_FR"
12,"3P_Business Decision-Makers_IT"
12,"3P_Business Decision-Makers_UK"
12,"3P_Business Travelers_CA"
12,"3P_Business Travelers_DE"
12,"3P_Business Travelers_ES"
12,"3P_Business Travelers_FR"
12,"3P_Business Travelers_IT"
12,"3P_Business Travelers_UK"
12,"3P_Business Travelers_US"
12,"3P_Buy or Moved Homes_20Jul2020_US"
12,"3P_C-Suite and Executives_AU"
12,"3P_Cable Subscribers_US"
12,"3P_Cable TV Subscribers_US"
12,"3P_Calorie_Focused_US"
12,"3P_Candy Buyers_US"
12,"3P_Car Buyers_DE"
12,"3P_Car Buyers_ES"
12,"3P_Car Buyers_FR"
12,"3P_Car Buyers_IT"
12,"3P_Car Buyers_UK"
12,"3P_Car Owners_IT"
12,"3P_Car Owners_UK"
12,"3P_Car Owners_US"
12,"3P_Car_Renters / Leasers_ES"
12,"3P_Carbonated Drinks Category Buyers_DE"
12,"3P_Carbonated Drinks Category Buyers_ES"
12,"3P_Carbonated Drinks Category Buyers_FR"
12,"3P_Carbonated Drinks Category Buyers_IT"
12,"3P_Carbonated Drinks Category Buyers_UK"
12,"3P_Cat Owner_AU"
12,"3P_Cat Owners_DE"
12,"3P_Cat Owners_ES"
12,"3P_Cat Owners_FR"
12,"3P_Cat Owners_IT"
12,"3P_Cat Owners_UK"
12,"3P_Cat Owners_US"
12,"3P_Cereal Category Buyers_DE"
12,"3P_Cereal Category Buyers_ES"
12,"3P_Cereal Category Buyers_FR"
12,"3P_Cereal Category Buyers_IT"
12,"3P_Cereal Category Buyers_UK"
12,"3P_Champagne Drinkers_US"
12,"3P_Charitable_Community_Involvement_US"
12,"3P_Charity Enthusiasts_AU"
12,"3P_Charity Enthusiasts_UK"
12,"3P_Charity Enthusiasts_US"
12,"3P_Chewing Gum Enthusiasts_UK"
12,"3P_Children/Family_Movie_Enthusiasts_CA"
12,"3P_Chocolate Enthusiasts_IT"
12,"3P_Chocolate Lovers_US"
12,"3P_Chocolate and Sweets Category Buyers_FR"
12,"3P_Cider Drinkers_US"
12,"3P_Cinema Goers_DE"
12,"3P_Cinema Goers_FR"
12,"3P_Climbing Enthusiasts_UK"
12,"3P_Coffee Buyers_AU"
12,"3P_Coffee Buyers_DE"
12,"3P_Coffee Buyers_FR"
12,"3P_Coffee Buyers_IT"
12,"3P_Coffee Buyers_UK"
12,"3P_Coffee Buyers_US"
12,"3P_Coffee Enthusiasts_21Apr2022_CA"
12,"3P_Coffee Lovers_Aug182021_US"
12,"3P_Cognac Drinkers_US"
12,"3P_College Degree_US"
12,"3P_College Students_AU"
12,"3P_College Students_CA"
12,"3P_College Students_US"
12,"3P_College Students_US_DEPRECATED"
12,"3P_College_Students_BR"
12,"3P_Comedy Enthusiasts_AU"
12,"3P_Comedy Enthusiasts_CA"
12,"3P_Comedy Enthusiasts_DE"
12,"3P_Comedy Enthusiasts_ES"
12,"3P_Comedy Enthusiasts_IT"
12,"3P_Comedy Enthusiasts_UK"
12,"3P_Comedy Enthusiasts_US"
12,"3P_Comedy Movie Enthusiasts_DE"
12,"3P_Comedy Movie Enthusiasts_FR"
12,"3P_Comedy Movie Enthusiasts_UK"
12,"3P_Comedy TV Enthusiasts_UK"
12,"3P_Comedy_Movie_Enthusiasts_CA"
12,"3P_Comic Book Enthusiasts_AU"
12,"3P_Comic Enthusiasts_DE"
12,"3P_Commercial Vehicle Owners / Intenders_UK"
12,"3P_Commercial Vehicle Owners_DE"
12,"3P_Commercial Vehicle Owners_ES"
12,"3P_Commercial Vehicle Owners_FR"
12,"3P_Commercial Vehicle Owners_IT"
12,"3P_Commercial Vehicle_AU"
12,"3P_Commercial_Vehicle_US"
12,"3P_Commuters_AU"
12,"3P_Commuters_CA"
12,"3P_Commuters_DE"
12,"3P_Commuters_ES"
12,"3P_Commuters_FR"
12,"3P_Commuters_IT"
12,"3P_Commuters_UK"
12,"3P_Commuters_US"
12,"3P_Compact Car Owners / Buyers_FR"
12,"3P_Connected Devices_US"
12,"3P_Contact Lens Wearers_US"
12,"3P_Cooking Enthusiasts_CA"
12,"3P_Cooking Enthusiasts_DE"
12,"3P_Cooking Enthusiasts_ES"
12,"3P_Cooking Enthusiasts_FR"
12,"3P_Cooking Enthusiasts_IT"
12,"3P_Cooking Enthusiasts_UK"
12,"3P_Cooking Enthusiasts_US"
12,"3P_Cosmetics Buyers / Beauty Enthusiasts_AU"
12,"3P_Cosmetics Buyers / Beauty Enthusiasts_BR"
12,"3P_Cosmetics Buyers / Beauty Enthusiasts_CA"
12,"3P_Cosmetics Buyers / Beauty Enthusiasts_ES"
12,"3P_Cosmetics Buyers / Beauty Enthusiasts_FR"
12,"3P_Cosmetics Buyers / Beauty Enthusiasts_IT"
12,"3P_Cosmetics Buyers / Beauty Enthusiasts_MX"
12,"3P_Cosmetics Buyers / Beauty Enthusiasts_UK"
12,"3P_Cosmetics Buyers / Beauty Enthusiasts_US"
12,"3P_Cough and Cold Medicine Buyers_US"
12,"3P_Couple without Kids_DE"
12,"3P_Couples_AU"
12,"3P_Craftsmen / Tradesmen_AU"
12,"3P_Credit Applicants_UK"
12,"3P_Credit Card Owner_ES"
12,"3P_Credit_Union_Users_US"
12,"3P_Cricket Enthusiasts_AU"
12,"3P_Cricket Enthusiasts_UK"
12,"3P_Cricket_Enthusiasts_US"
12,"3P_Cruise Vacationers_DE"
12,"3P_Cruise Vacationers_US"
12,"3P_Custom_ Adventure Film & TV Enthusiasts_12Apr2021_US"
12,"3P_Custom_ Category-level Audiences - Refined Lookback_Entertainment > Nature and Outdoors > Frequent_19-Feb-2021_US"
12,"3P_Custom_ Category-level Audiences - Refined Lookback_Entertainment > Nature and Outdoors > Recent_19-Feb-2021_US"
12,"3P_Custom_ Category-level Audiences - Refined Lookback_Entertainment > Outdoorsy > Frequent_19-Feb-2021_US"
12,"3P_Custom_ Category-level Audiences - Refined Lookback_Entertainment > Outdoorsy > Recent_19-Feb-2021_US"
12,"3P_Custom_ Equifax_ Equifax / IXI > Credit Cards > Transactor_21-June-2021_US"
12,"3P_Custom_ Mid Tier Hotel Guests_US [Do Not Use in 2021]"
12,"3P_Custom_ Parents with Multiple Children in HH_18May2020_US"
12,"3P_Custom_ TV_ New VOD Releases_23Oct2020_US"
12,"3P_Custom_ TV_AVOD Viewers_09Feb2021_US"
12,"3P_Custom_ TV_American Horror Story Viewers_30May2021_US"
12,"3P_Custom_ TV_Anime TV Viewers_29Jan2021US"
12,"3P_Custom_ TV_BET Viewers_04Aug2021_US"
12,"3P_Custom_ TV_Baseball TV Viewers_31Dec2020_US"
12,"3P_Custom_ TV_Basketball TV Viewers_20Jun2020_US"
12,"3P_Custom_ TV_British TV Shows_18Aug2021_US"
12,"3P_Custom_ TV_CNBC Viewers_26April2021_US"
12,"3P_Custom_ TV_Cable Subscribers Excluding SVOD AVOD _25-Oct-2021_US"
12,"3P_Custom_ TV_Cable Subscribers_25-Oct-2021_US"
12,"3P_Custom_ TV_FX Viewers_28Jan2021_US"
12,"3P_Custom_ TV_Family TV Programming_31Dec2020_US"
12,"3P_Custom_ TV_Fight Night TV Viewers_09May2021_US"
12,"3P_Custom_ TV_Football TV Viewers_20Jun2020_US"
12,"3P_Custom_ TV_Fox Network Viewers_29Jan2021US"
12,"3P_Custom_ TV_Ft. Strong Female Lead_26July2021_US"
12,"3P_Custom_ TV_Golf TV Viewers_09May2021_US"
12,"3P_Custom_ TV_HBO Network Viewers_25Jan2021_US"
12,"3P_Custom_ TV_Halloween TV Specials Viewers_14June2021_US"
12,"3P_Custom_ TV_Hockey TV Viewers_09May2021_US"
12,"3P_Custom_ TV_Home Improvement TV Viewers_16-Jun-2021_US"
12,"3P_Custom_ TV_Morning TV Viewers_17May2021_US"
12,"3P_Custom_ TV_NBC Viewers_26Jan2021_US"
12,"3P_Custom_ TV_OTT Streamers_17Jun2020_US"
12,"3P_Custom_ TV_Olympics_02March2021_US"
12,"3P_Custom_ TV_Period Dramas_18Aug2021_US"
12,"3P_Custom_ TV_Premium TV Networks Showtime_17Jun2020_US"
12,"3P_Custom_ TV_Premium TV Viewers_24Jan2021_US"
12,"3P_Custom_ TV_Premium_TV Networks_HGTV_31Dec2020_US"
12,"3P_Custom_ TV_Primetime TV Viewers_26Jan2021_US"
12,"3P_Custom_ TV_Reality TV Addicts_17Jun2020_US"
12,"3P_Custom_ TV_SVOD/AVOD TV Viewers_25-Oct-2021_US"
12,"3P_Custom_ TV_SciFi Enthusiasts_17Jun2020_US"
12,"3P_Custom_ TV_Sitcoms/Comedy Shows_29Jan2021_US"
12,"3P_Custom_ TV_Spanish Language TV_01April2021_US"
12,"3P_Custom_ TV_Sports TV Enthusiasts_16Jun2020_US"
12,"3P_Custom_ TV_Sunday Morning News_17May2021_US"
12,"3P_Custom_ TV_SuperBowl TV Viewers_11Jan2020_US"
12,"3P_Custom_ TV_Teen/Young Adult Dramas_06July2021_US"
12,"3P_Custom_ TV_This is US_26-Oct-2021_US"
12,"3P_Custom_ Tech_Technology Adoption-Early Majority (Consumer Scores)_26-Jan-2021_US"
12,"3P_Custom_ Tech_Technology Adoption-Top 10% for Technology Adoption (Consumer Scores)_26-Jan-2021_US"
12,"3P_Custom_ Tech_Technology Usage - High Technology Usage (Consumer Scores)_27-Jan-2021_US"
12,"3P_Custom_ US Financial_ US Financial > Likely Credit Card > Behavior > Never/Rarely Carry a Credit Card Balance (Financial)_21-June-2021_US"
12,"3P_Custom_$100K-$250K Investable Assets_24March2022_US"
12,"3P_Custom_$1MM+ Investable Assets_24March2022_US"
12,"3P_Custom_$500K-$1MM Investable Assets_24March2022_US"
12,"3P_Custom_7-Eleven Shoppers_11Jan2022_US"
12,"3P_Custom_AAM_Reebok Competitive Analysis_Performance_25Sep2019_US"
12,"3P_Custom_ABC Viewers_26Jan2021_US"
12,"3P_Custom_AMEX Gold Cardholders_04Oct2019_US"
12,"3P_Custom_AMEX Green Cardholders_04Oct2019_US"
12,"3P_Custom_AMEX Platinum Cardholders_04Oct2019_US"
12,"3P_Custom_AT&T Mobile Customers_US"
12,"3P_Custom_Action Gamers_US"
12,"3P_Custom_Adstra_Executives by Title/Job Function - Home-Based Small Business Owners/Entrepreneurs_8Feb2021_US"
12,"3P_Custom_Adstra_Small Companies_50-99 Employee Size_8Feb2021_US"
12,"3P_Custom_Adventurous Consumers_30March2020_US"
12,"3P_Custom_Advertising & Marketing B2B_10Aug2021_CA"
12,"3P_Custom_Advertising Professionals_UK"
12,"3P_Custom_Advertising and Marketing_US"
12,"3P_Custom_Advertising, Sales & Marketing Professionals_ES"
12,"3P_Custom_Airbnb Consumers_27July2020_US"
12,"3P_Custom_Airwick_Competitive Purchasers_24Mar21_US"
12,"3P_Custom_Aldi Supermarket Shoppers_UK"
12,"3P_Custom_Allergy Relief Buyers_US"
12,"3P_Custom_Amazon Prime Subscribers_ES"
12,"3P_Custom_Amazon Prime Subscribers_IT"
12,"3P_Custom_Amazon Prime Subscribers_UK"
12,"3P_Custom_Amazon Prime Video Users_ES"
12,"3P_Custom_Amazon Prime_21Dec2020_US"
12,"3P_Custom_Amazon Shoppers_IT"
12,"3P_Custom_Amazon Shoppers_UK"
12,"3P_Custom_AmazonBuyers_US"
12,"3P_Custom_Amazon_BestBuy_Shoppers_US"
12,"3P_Custom_Animation / Cartoon Enthusiasts_FR"
12,"3P_Custom_Arts Travel Culture_ES"
12,"3P_Custom_Arts Travel Culture_US"
12,"3P_Custom_Arts and Culture Enthusiasts_US"
12,"3P_Custom_Assets_25kUSD_US"
12,"3P_Custom_Associates Degree_10Mar20_US"
12,"3P_Custom_AtHome_Activities_10Aug2020_US"
12,"3P_Custom_Athletic Shoe Shoppers_12July2022_US"
12,"3P_Custom_Audi Intenders_IT"
12,"3P_Custom_Auto DIY_14March2022_US"
12,"3P_Custom_Auto Enthusiasts_28June2022_US"
12,"3P_Custom_Auto Insurance Policyholders / Intenders_FR"
12,"3P_Custom_Auto Loan Intenders_18June2020_US"
12,"3P_Custom_Auto Repair Shoppers_08March2021_US"
12,"3P_Custom_Auto_Insurance_Holders_US"
12,"3P_Custom_Avid Golfers_27Oct2020_US"
12,"3P_Custom_Awards Show Enthusiasts_11Jan2021_US"
12,"3P_Custom_B2B Freelancers/ Self-Employed_8Feb2021_US"
12,"3P_Custom_B2B Industry Hospitals_7Feb2021_US"
12,"3P_Custom_B2B Industry Real Estate_20Oct2020_US"
12,"3P_Custom_B2B Primary Care/General/Family Practitioners_7Feb2021_US"
12,"3P_Custom_B2B Psychiatry & Mental Health Professionals_7Feb2021_US"
12,"3P_Custom_BBQ Enthusiasts_DE"
12,"3P_Custom_BBQ Enthusiasts_ES"
12,"3P_Custom_BBQ Enthusiasts_FR"
12,"3P_Custom_BBQ Enthusiasts_IT"
12,"3P_Custom_BBQ Enthusiasts_UK"
12,"3P_Custom_BEV-PHEV-Hybrid_Owners_US [Do Not Use in 2021]"
12,"3P_Custom_BMW Buyers_UK"
12,"3P_Custom_BMW Group 5_UK"
12,"3P_Custom_BMW Intenders_ES"
12,"3P_Custom_BMW Intenders_IT"
12,"3P_Custom_BMW M Series Intenders_UK"
12,"3P_Custom_BMW Owners_UK"
12,"3P_Custom_BMW_Intenders_FR"
12,"3P_Custom_BMW_M Model Competitors_UK"
12,"3P_Custom_BMW_M Model Owners / Intenders_UK"
12,"3P_Custom_BMW_Thrillseeking Car Enthusiasts_UK"
12,"3P_Custom_BT_Indulgent Imitators_UK"
12,"3P_Custom_Bacardi Drinkers and Consumers_US"
12,"3P_Custom_Back To School Shoppers_FR"
12,"3P_Custom_Back To School_US"
12,"3P_Custom_Baking Enthusiasts_21Dec2020_US"
12,"3P_Custom_Banana Republic Competitor Shoppers_US"
12,"3P_Custom_Banana Republic Factory Stores Competitor Shoppers_US"
12,"3P_Custom_Banker_AU"
12,"3P_Custom_Baseball Enthusiasts_23Mar2022_CA"
12,"3P_Custom_Basketball Enthusiasts_3Feb2021_CA"
12,"3P_Custom_Baskin Robbins Buyers/Diners_20April2021_US"
12,"3P_Custom_Bed Bath & Beyond_Competitive Shoppers Segment_22April2021_US"
12,"3P_Custom_Beer Lovers_2Jan2021_US"
12,"3P_Custom_BeerLovers_US [Do Not Use in 2021]"
12,"3P_Custom_Black Friday / Cyber Monday Shoppers_DE"
12,"3P_Custom_Black Friday / Cyber Monday Shoppers_ES"
12,"3P_Custom_Black Friday / Cyber Monday Shoppers_FR"
12,"3P_Custom_Black Friday / Cyber Monday Shoppers_IT"
12,"3P_Custom_Black Friday / Cyber Monday Shoppers_UK"
12,"3P_Custom_Black Friday Shoppers_4Dec2020_US"
12,"3P_Custom_Black Friday and Cyber Monday Shoppers_4Dec2020_US"
12,"3P_Custom_Boating/Water Sports Enthusiasts_09June2021_US"
12,"3P_Custom_BonTon, Sears, JCP Shoppers_25Oct2019_US"
12,"3P_Custom_Bottled Water Buyers_28June2022_US"
12,"3P_Custom_BravoTV_Networks_Shows_US"
12,"3P_Custom_BravoTV_RealityNetworksOnly_US"
12,"3P_Custom_BravoTV_RealityTV_US"
12,"3P_Custom_Broadband Users_FR"
12,"3P_Custom_Brown Spirits Drinkers_09November2020_US"
12,"3P_Custom_Buick Intenders_US"
12,"3P_Custom_Burger King_Competitive Conquest_08Sept2020_US"
12,"3P_Custom_Business Decision Makers_3Feb2021_CA"
12,"3P_Custom_Business Majors_28Jan2020_US"
12,"3P_Custom_Business Travelers 3+ Nights_US"
12,"3P_Custom_Buyers of Michelob Ultra_7July2021_US"
12,"3P_Custom_CHANEL_Color Purchasers_26Feb2021_US"
12,"3P_Custom_CHANEL_Fragrance Gift Purchasers_25Feb2021_US"
12,"3P_Custom_CHANEL_Fragrance Purchasers_25Feb2021_US"
12,"3P_Custom_CHANEL_Skincare Purchasers_26Feb2021_US"
12,"3P_Custom_CHANEL_WFJ Interests_26Feb2021_US"
12,"3P_Custom_CVS Shoppers_26Oct2020_US"
12,"3P_Custom_Cablevision_US"
12,"3P_Custom_Cadillac Intenders_31May2022_US"
12,"3P_Custom_Cadillac Intenders_US"
12,"3P_Custom_Capital One_HHI $50 - $200k_10Sep2020_US [Advertiser-specific]"
12,"3P_Custom_Capital One_HHI $75 - $200k_10Sep2020_US [Advertiser-specific]"
12,"3P_Custom_Capital One_SBO_17Dec2020_US"
12,"3P_Custom_CapitalOne_HHI $100k+_19Nov2020_US"
12,"3P_Custom_Car Insurance Holders / Intenders_DE"
12,"3P_Custom_Casual Diners_11Feb2021_US"
12,"3P_Custom_Cat Food Buyers_18Jan2022_US"
12,"3P_Custom_Cat Litter Buyers_28September2020_US"
12,"3P_Custom_Cat Treat Buyers_26August2020_US"
12,"3P_Custom_Charity Enthusiasts"
12,"3P_Custom_Charity, Non-Profit or Foundation Organisations_UK"
12,"3P_Custom_Chevrolet Owners_US"
12,"3P_Custom_Chevrolet Truck Intenders_US"
12,"3P_Custom_Chicken Restaurant Customers_3-Mar-2022_US"
12,"3P_Custom_Chipotle Customers_11March2021_US"
12,"3P_Custom_Christmas / Holiday Shoppers_IT"
12,"3P_Custom_Chrysler Car Intent_16Oct2019_US"
12,"3P_Custom_Chrysler Car Owners_16Oct2019_US"
12,"3P_Custom_Church's Chicken Diners_23Feb2022"
12,"3P_Custom_Churchs Chicken Competitors_01October2020_US"
12,"3P_Custom_Circle K Shoppers_11Jan2022_US"
12,"3P_Custom_Clean&Clear Buyers_US"
12,"3P_Custom_Climbing Enthusiasts_08June2021_US"
12,"3P_Custom_Cloud Computing Service Users_13Nov2019_US"
12,"3P_Custom_Coca-Cola Buyers_22June2021_US"
12,"3P_Custom_Coca-Cola Buyers_DE"
12,"3P_Custom_Coca-Cola Buyers_ES"
12,"3P_Custom_Coca-Cola Buyers_FR"
12,"3P_Custom_Coca-Cola Buyers_IT"
12,"3P_Custom_Coca-Cola Buyers_UK"
12,"3P_Custom_Coffee Creamer Purchasers_15Jun2020_US"
12,"3P_Custom_Collectors_15July2021_US"
12,"3P_Custom_College Basketball Fans_20Jan2021_US"
12,"3P_Custom_Comedy TV Enthusiasts_FR"
12,"3P_Custom_Comic Enthusiasts_14Jan2021_US"
12,"3P_Custom_Commercial Real Estate Buyers & Sellers_30March2021_US"
12,"3P_Custom_CompactSUVs_US"
12,"3P_Custom_Companies with 1-25 Employees_17Dec2019_US [Do Not Use in 2021]"
12,"3P_Custom_Company Size 1-100_25August2020_US"
12,"3P_Custom_Company Size 1-500_09July2020_US"
12,"3P_Custom_Company Size 100-500_09July2020_US"
12,"3P_Custom_Company Size 1000+_12January2021_US"
12,"3P_Custom_Company Size 500-1000_13May2021_US"
12,"3P_Custom_Competitor Tampon Purchasers_28Nov2020_US"
12,"3P_Custom_Contractors_24June2022_US"
12,"3P_Custom_Convenience Stores_US"
12,"3P_Custom_Corona Beer Drinkers_20Dec2021_US"
12,"3P_Custom_Costco Shoppers_US"
12,"3P_Custom_Craft Beer_27Nov2020_US"
12,"3P_Custom_Credit Card Intenders_25January2022_US"
12,"3P_Custom_Crime TV Fans_2Jan2021_US"
12,"3P_Custom_Crypto Currency Enthusiasts_US"
12,"3P_Custom_Culture Next 2020 - Gen Z Starts From Scratch"
12,"3P_Custom_Culture Next 2020 - Progress Overtakes Partisanship"
12,"3P_Custom_Culture Next 2020 - Self Discovery is Communal"
12,"3P_Custom_Cyber Monday Shoppers_4Dec2020_US"
12,"3P_Custom_DC Comic Fans_22Feb2021_US"
12,"3P_Custom_DKNY Competitive Conquesting_06August2021_US"
12,"3P_Custom_DSW Competitive_07Jan2022_US"
12,"3P_Custom_Dating Enthusiasts_18December2020_US"
12,"3P_Custom_Decision Makers_IT_US"
12,"3P_Custom_Deli Shoppers_18March2021_US"
12,"3P_Custom_Dell_Small Businesses_UK"
12,"3P_Custom_Dell_Urban (for insights)_US"
12,"3P_Custom_Dell_Urban Narrowly Defined (for insights)_US"
12,"3P_Custom_Dell_Young Metros_US [Insights Only]"
12,"3P_Custom_Department Store Shoppers_UK"
12,"3P_Custom_Dessert Lovers_07Nov2019_US"
12,"3P_Custom_Diet Coke Buyers_26Aug2021_US"
12,"3P_Custom_Digital Movie Purchasers_US"
12,"3P_Custom_Dish_Detergent_Buyers_US"
12,"3P_Custom_Disney Enthusiasts_US"
12,"3P_Custom_Disney Theme Park Goers_11Feb2021_US"
12,"3P_Custom_Dodge Car Intenders_16Oct2019_US"
12,"3P_Custom_Dodge Car Owners_16Oct2019_US"
12,"3P_Custom_Domestic Beer/Ale Brands_15Feb2022_US"
12,"3P_Custom_Doritos Brands Buyers_23Jun2021_US"
12,"3P_Custom_Dove Buyers_US"
12,"3P_Custom_Drain Cleaner & Plumbing Supplies_14Dec2020_US"
12,"3P_Custom_Drama Enthusiasts_2Jan2021_US"
12,"3P_Custom_Drama Movie Fans_12Feb2021_CA"
12,"3P_Custom_Drama TV & Movie Fans_20May2020_US"
12,"3P_Custom_Drug Store Buyers_14Jan2021_US"
12,"3P_Custom_Dry Dog Food Purchasers_8Feb21_US"
12,"3P_Custom_Dun&Bradstreet_Teachers/Educators_03Feb2021_US"
12,"3P_Custom_DunkinDonuts_US"
12,"3P_Custom_E-Learners_AU"
12,"3P_Custom_E-Learners_CA"
12,"3P_Custom_E-Learners_DE"
12,"3P_Custom_E-Learners_FR"
12,"3P_Custom_E-Learners_UK"
12,"3P_Custom_E-Learners_US"
12,"3P_Custom_EE_Digital Dynamos_UK"
12,"3P_Custom_EE_Top End Techtastics_UK"
12,"3P_Custom_ESPN Viewers_1Jan2021_US"
12,"3P_Custom_ESPNViewers_US [Do Not Use in 2021]"
12,"3P_Custom_Echo_Alexa_Owners_15Jun2020_US"
12,"3P_Custom_Educational Administrators/Education Services_20July2021_US"
12,"3P_Custom_Electric Car Owners/Intenders_AU"
12,"3P_Custom_Electric Vehicle Intenders_US"
12,"3P_Custom_Electric_Vehicle_Owners_US"
12,"3P_Custom_Engineers_04June2021_US"
12,"3P_Custom_Entrepreneur/Small Business Owner"
12,"3P_Custom_Equifax / IXI_Retail Propensity: Gift Buyers_26-Feb-2021_US"
12,"3P_Custom_Equifax / IXI_Travel and Entertainment Propensity: Travelers_19-Feb-2021_US"
12,"3P_Custom_Essie_Nail Polish Users_22July2020_US"
12,"3P_Custom_Ethnic_Food_Enthusiasts_US"
12,"3P_Custom_Exotic Vacationers_FR"
12,"3P_Custom_Exotic Vacationers_US"
12,"3P_Custom_Expats and Wire Transfers_21Aug2020_US"
12,"3P_Custom_Experian_Financially Savvy Credit Users_UK"
12,"3P_Custom_Express_Likely Audience_US"
12,"3P_Custom_Extreme Sports Enthusiasts_06Feb2020_US"
12,"3P_Custom_Eye Drop Buyers_19Dec2020_US"
12,"3P_Custom_FIFA World Cup Watchers/Enthusiasts_30Nov2021_WW"
12,"3P_Custom_Facial Cleanser and Moisturizer Category_28Nov2020_US"
12,"3P_Custom_Family Movie Enthusiasts_FR"
12,"3P_Custom_Father's Day Gift Givers_07April2022_US"
12,"3P_Custom_FedEx Consumers_9October2020_US"
12,"3P_Custom_Federal Employees & Military Members_4August2020_US"
12,"3P_Custom_Fiat Intenders_ES"
12,"3P_Custom_Finance Personas - Know-It-All_US"
12,"3P_Custom_Finance Personas - No Time_US"
12,"3P_Custom_Finance Personas - Planner_US"
12,"3P_Custom_Finance Personas - Slow and Steady_US"
12,"3P_Custom_Finance Personas - Tech-Savvy_US"
12,"3P_Custom_Financial Advisors_21Apr2020_US"
12,"3P_Custom_Financial Investors_US"
12,"3P_Custom_Financial Services_13Aug2021_US"
12,"3P_Custom_First Person Shooter_10April2020_US"
12,"3P_Custom_Ford Intenders_IT"
12,"3P_Custom_Ford Intenders_UK"
12,"3P_Custom_Ford Owners_12Jan2021_US"
12,"3P_Custom_Ford Owners_UK"
12,"3P_Custom_Fortune 500 Company Employee_29July2021_US"
12,"3P_Custom_Fortune 500 Employees_02August2021_US"
12,"3P_Custom_Fragrance Purchasers_31Dec2020_US"
12,"3P_Custom_Frequent Outback Steakhouse Visitors_15Jan2020_US"
12,"3P_Custom_Frigidaire_US"
12,"3P_Custom_FullSizePickup_US"
12,"3P_Custom_GAP Competitor Shoppers_US"
12,"3P_Custom_GMC Truck Intenders_US"
12,"3P_Custom_Gasoline Purchasers_17Dec2020_US"
12,"3P_Custom_Gatorade Buyers_18May2021_US"
12,"3P_Custom_General Motors Owners_US"
12,"3P_Custom_Glasses user or purchaser_US"
12,"3P_Custom_GlassesUsers_Trendsetters_SportsEnthusiasts_US"
12,"3P_Custom_Gluten Free_07Nov2019_US"
12,"3P_Custom_Golfers_15Nov2021_CA"
12,"3P_Custom_Google Software_21Sep2020_US"
12,"3P_Custom_Government Workers_2Sep2020_US"
12,"3P_Custom_Green Living Enthusiasts_WW"
12,"3P_Custom_Grey Goose Drinkers_US"
12,"3P_Custom_Grooming Enthusiasts_12January2020_US"
12,"3P_Custom_Gum Buyers_18December2020_US"
12,"3P_Custom_H&M Shoppers_29July2020_US"
12,"3P_Custom_HBO_Mystery-Thriller Enthusiasts_ES"
12,"3P_Custom_HHI $0-$50K_US"
12,"3P_Custom_HHI $1MM+_19Dec2019_US [Do Not Use in 2021]"
12,"3P_Custom_HHI $200k+_19Nov2020_US"
12,"3P_Custom_HHI $250k+_24Feb2021_US"
12,"3P_Custom_HHI $50-$100K_US"
12,"3P_Custom_HHI $75K-$150K_17September2020_US"
12,"3P_Custom_HHI 25K+_US"
12,"3P_Custom_HHI>100K_ES"
12,"3P_Custom_HHI>100K_FR"
12,"3P_Custom_HHI>100K_IT"
12,"3P_Custom_HHI_$60k+ CAD_25Apr2021_CA"
12,"3P_Custom_HHI_$75K+ CAD_18Apr2021_CA"
12,"3P_Custom_HHs_Without_Children_US"
12,"3P_Custom_Hair Dye Purchasers_23May2021_US"
12,"3P_Custom_Haircare Buyers_1Jan2021_US"
12,"3P_Custom_Halloween Shoppers_US"
12,"3P_Custom_Harry Potter Fans_07Dec2021_US"
12,"3P_Custom_Health Insurance Policyholders / Intenders_FR"
12,"3P_Custom_Health Insurance Purchase Intenders_31July2020_US"
12,"3P_Custom_Healthcare Decision Makers_28Oct2021_US"
12,"3P_Custom_Healthcare Professionals_FR"
12,"3P_Custom_Heineken Drinkers_US"
12,"3P_Custom_Heineken_Desperados Audience_DE"
12,"3P_Custom_Heineken_Desperados Audience_ES"
12,"3P_Custom_Heineken_Desperados Audience_UK"
12,"3P_Custom_Heineken_Desperados Audience_US [Do Not Use in 2021]"
12,"3P_Custom_Herbs And Spices Buyers_12Jan2021_US"
12,"3P_Custom_High End Cosmetic Buyers_2Jan2021_US"
12,"3P_Custom_High End Cosmetic Buyers_US [Do Not Use in 2021]"
12,"3P_Custom_High School Attendees and Graduates_6May2022_CA"
12,"3P_Custom_High Schoolers_4Aug2020_US"
12,"3P_Custom_High school Attendees and Graduates_5May2022_CA"
12,"3P_Custom_High_HHI_BR"
12,"3P_Custom_Hiking Enthusiasts_US"
12,"3P_Custom_Hockey Enthusiasts_3Feb2021_CA"
12,"3P_Custom_Holiday Shopping TJX Competitive Set_19Nov2019_US"
12,"3P_Custom_Home Appliance Intenders_AU"
12,"3P_Custom_Home Depot Shoppers_24Jan2022"
12,"3P_Custom_Home Insurance Holders / Intenders_DE"
12,"3P_Custom_Home Insurance Policyholders / Intenders_FR"
12,"3P_Custom_Home Security Users_07July2021_US"
12,"3P_Custom_Honda Owners_UK"
12,"3P_Custom_Hospitality Workers_30Nov2021_US"
12,"3P_Custom_Hot Sauce Fans_07April2020_US"
12,"3P_Custom_Housekeeper_30Nov2021_US"
12,"3P_Custom_Human Resources Professional_US"
12,"3P_Custom_Hunters_12Dec2021_US"
12,"3P_Custom_Hyundai Intenders_FR"
12,"3P_Custom_Hyundai Intenders_US"
12,"3P_Custom_Hyundai Owners_FR"
12,"3P_Custom_IAMS Cat Food Buyers_18Jan2022_US"
12,"3P_Custom_IT Decision Makers_3Feb2021_CA"
12,"3P_Custom_In Market Car Rental_7August2020_US"
12,"3P_Custom_In Market Daycare_16March2021_US"
12,"3P_Custom_In Market For Tools_15September2021_US"
12,"3P_Custom_In Market for Car Rental_17-Mar-2022_IT"
12,"3P_Custom_In-Market for Cruise_06Dec2019_US"
12,"3P_Custom_In-Market for Hyundai_22Oct2020_US"
12,"3P_Custom_Incontinence health product Buyers_07Apr2021_US"
12,"3P_Custom_Insurance Policyholders / Intenders_FR"
12,"3P_Custom_Intense Workout Enthusiasts_1Jan2020_US"
12,"3P_Custom_Interested in Higher Education_28December2021_US"
12,"3P_Custom_Interior Designers_24June2022_US"
12,"3P_Custom_Investable Assets Exceeding $50K_14Dec2020_US [Restricted Use]"
12,"3P_Custom_Investible Assets >$100k_US"
12,"3P_Custom_JC Penney Shoppers_04Aug2021_US"
12,"3P_Custom_Jack in the Box Competitors_10Aug2021_US"
12,"3P_Custom_Jaguar Intenders_UK"
12,"3P_Custom_Jeep Intenders_IT"
12,"3P_Custom_Jeep Intenders_US"
12,"3P_Custom_Jeep Owners _IT"
12,"3P_Custom_Jeep Renegade Buyers_DE"
12,"3P_Custom_Jeep Renegade Buyers_ES"
12,"3P_Custom_Jeep Renegade Buyers_FR"
12,"3P_Custom_Jeep Renegade Buyers_IT"
12,"3P_Custom_Jeep Renegade Buyers_UK"
12,"3P_Custom_Jewelry Shoppers_US"
12,"3P_Custom_Jewelry/Handbag Shopper_Gift Givers_US"
12,"3P_Custom_Jiffy Lube Customers_02Feb2022_US"
12,"3P_Custom_Jobs within healthcare, manufacturing and retail_US"
12,"3P_Custom_Johnsonville Buyers_12Jan2022_US"
12,"3P_Custom_Jose Cuervo_Jose Cuervo Drinkers_01April2021_US"
12,"3P_Custom_Jose Cuervo_Spiked/Hard Seltzer Drinkers_01April2021_US"
12,"3P_Custom_Just Married_19Jan2022_US"
12,"3P_Custom_K-Cup Buyers_14May2021_US"
12,"3P_Custom_KFC_KFC Visitors_25June2020_US"
12,"3P_Custom_Kayak Travel_US"
12,"3P_Custom_Keurig Owners_14May2021_US"
12,"3P_Custom_Kia Intenders_FR"
12,"3P_Custom_Kia Intenders_IT"
12,"3P_Custom_Kia Intenders_UK"
12,"3P_Custom_Kia Owners_UK"
12,"3P_Custom_Kitchen & Bathroom Remodelers_4Jan2021_US"
12,"3P_Custom_Kohls Shoppers_04Aug2021_US"
12,"3P_Custom_Land Rover Intenders_UK"
12,"3P_Custom_Las Vegas Travelers_07April2021_US"
12,"3P_Custom_Lawn and Garden Enthusiasts_6Apr2021_US"
12,"3P_Custom_Lay's Purchasers_18May2021_US"
12,"3P_Custom_Legal Service Interest_26January2022_US"
12,"3P_Custom_Length_of_Residence_5+_Years_US"
12,"3P_Custom_Lexus Intenders_IT"
12,"3P_Custom_Lexus Intenders_UK"
12,"3P_Custom_Lexus Intenders_US"
12,"3P_Custom_Life Insurance Policyholders / Intenders_FR"
12,"3P_Custom_Life Insurance Providers_US"
12,"3P_Custom_Light Beer Drinkers_2Jan2021_US"
12,"3P_Custom_Light TV Viewers_17Sept2021_US"
12,"3P_Custom_Likely to Refinance Loans_17Aug2020_US"
12,"3P_Custom_Lincoln Intenders_US"
12,"3P_Custom_Lincoln Owners_US"
12,"3P_Custom_LinkedIn Users_20Sept2022_US"
12,"3P_Custom_Lipton Bigelow Buyers_25Aug2022_US"
12,"3P_Custom_Liquer and Cordial Drinkers_27Nov2020_US"
12,"3P_Custom_Listerine Buyers_UK"
12,"3P_Custom_Logistics Decision Makers_29Mar2021_US"
12,"3P_Custom_Lotion_Users_US"
12,"3P_Custom_Lower_HHI_BR"
12,"3P_Custom_Luxury Auto Intenders_21Apr2021_US"
12,"3P_Custom_LuxuryAudience_US"
12,"3P_Custom_Lysol Buyers_31March2021_US"
12,"3P_Custom_M&M Shoppers_28Nov2020_US"
12,"3P_Custom_MINI Competitors_05Oct2021_US"
12,"3P_Custom_MINI Intenders_06Oct2021_US"
12,"3P_Custom_MMA/UFC Fans_15March2022_US"
12,"3P_Custom_MTV Viewers_22Jan2021_US"
12,"3P_Custom_Macy's Shoppers_04Aug2021_US"
12,"3P_Custom_Male_Groomers_US"
12,"3P_Custom_Managers_07June2021_US"
12,"3P_Custom_Marathon Runners_04August2021_US"
12,"3P_Custom_March Madness Fans/Viewers_24Feb2022_CA"
12,"3P_Custom_Marketers, IT, Computer Science_US"
12,"3P_Custom_Marketing Employees_AU"
12,"3P_Custom_Marketing Employees_DE"
12,"3P_Custom_Marketing Employees_FR"
12,"3P_Custom_Marketing Employees_UK"
12,"3P_Custom_Marshalls Competitors_04March2022_US"
12,"3P_Custom_Marshalls Shoppers_US"
12,"3P_Custom_Martial Arts & MMA Enthusiasts_22Feb2021_US"
12,"3P_Custom_Marvel Enthusiasts_17Dec2020_US"
12,"3P_Custom_Mascara Buyers_14Jan2021_US"
12,"3P_Custom_Massive Multiplayer Online Gamers_10Feb2021_US"
12,"3P_Custom_Mattress Store Recent Visitors_1Dec2020_US"
12,"3P_Custom_Mattress_Shoppers_US"
12,"3P_Custom_Maytag Competitive_07Nov21_US"
12,"3P_Custom_Mazda Intenders_US"
12,"3P_Custom_Mazda_AllOwners_US"
12,"3P_Custom_McDonald's Breakfast Buyers Competitive Set_US"
12,"3P_Custom_McDonald's Consumer_US"
12,"3P_Custom_Medical Supply Purchasers_10September2021_US"
12,"3P_Custom_Mercedes Intenders_IT"
12,"3P_Custom_Mercedes Owners_DE"
12,"3P_Custom_Mercedes Owners_ES"
12,"3P_Custom_Mercedes Owners_FR"
12,"3P_Custom_Mercedes Owners_IT"
12,"3P_Custom_Mercedes Owners_UK"
12,"3P_Custom_Mercedes-Benz Loyalists_01Dec2020_US"
12,"3P_Custom_MidSizePickup_US"
12,"3P_Custom_MidSizeSUVs_US"
12,"3P_Custom_Military_US"
12,"3P_Custom_Millenial Urban Commuters_US"
12,"3P_Custom_Millenials_US"
12,"3P_Custom_Millennial/GenZ_Living_at_Home_US"
12,"3P_Custom_Mini Enthusiasts_IT"
12,"3P_Custom_Mini Intenders_ES"
12,"3P_Custom_Mini Owners / Buyers_UK"
12,"3P_Custom_Mini Owners_ES"
12,"3P_Custom_Mint Buyers_31Oct2019_US"
12,"3P_Custom_Mobile & App - Supermarket - Aldi_23Apr2020_US"
12,"3P_Custom_Modelo_Purchasers_US"
12,"3P_Custom_Mortgage Customers_11June2020_US"
12,"3P_Custom_Motorcycle Enthusiasts_AU"
12,"3P_Custom_MoversRenovatorsDIYers_18Dec2020_CA"
12,"3P_Custom_MovieEnthusiasts_US"
12,"3P_Custom_Multiple Property Owners_11April2022_US"
12,"3P_Custom_Music Enthusiasts_08Dec2021_US"
12,"3P_Custom_NASCAR Enthusiasts_08Feb2021_US"
12,"3P_Custom_NJManufacturers_Insurance_Competitors_US [Advertiser-specific]"
12,"3P_Custom_Netflix Streamers_6May2022_CA"
12,"3P_Custom_Netflix Subscribers_FR"
12,"3P_Custom_Netflix_US"
12,"3P_Custom_Neustar_Early Tech Adopter-Far Above Average_26-Jan-2021_US"
12,"3P_Custom_Neutrogena Buyers_US"
12,"3P_Custom_New Belgium Drinkers_16Dec2021_US"
12,"3P_Custom_New Car Buyers_UK"
12,"3P_Custom_New Phone Intenders_3-Aug-2021_US"
12,"3P_Custom_New Vehicle Owners_03Feb2022_US"
12,"3P_Custom_Nike Buyers_27September2021_US"
12,"3P_Custom_NintendoConsoleOwners_US"
12,"3P_Custom_Nissan Intenders_ES"
12,"3P_Custom_Nissan Owners_ES"
12,"3P_Custom_Nivea_Nivea, Jergens, Vaseline, Gold Bond Purchasers_23Feb21_US"
12,"3P_Custom_Non-Dairy Purchasers_19Oct2020_US"
12,"3P_Custom_Non-Luxury Auto Intenders_18Feb2021_US"
12,"3P_Custom_Noosa_Competitors_02March2021_US"
12,"3P_Custom_Nordstrom Rack Shoppers_29July2020_US"
12,"3P_Custom_NordstromShoppers_US"
12,"3P_Custom_Nutrition Plan Competitive Set_29Sept2022_US"
12,"3P_Custom_Odor Elimination Category Buyers_24Mar21_US"
12,"3P_Custom_Off Roaders_12Dec2021_US"
12,"3P_Custom_Olympic Summer Games Enthusiasts_UK"
12,"3P_Custom_Olympics Enthusiasts_26June2021_US"
12,"3P_Custom_Online / Mobile Banking Users_UK"
12,"3P_Custom_Online Dating Users_DE"
12,"3P_Custom_Online Dating Users_FR"
12,"3P_Custom_Online Dating Users_UK"
12,"3P_Custom_Online_Courses_Attendees_ES"
12,"3P_Custom_Operations/Finance/Management Occupation_US"
12,"3P_Custom_Oral-B Buyers_US [Do Not Use in 2021]"
12,"3P_Custom_Orbit Gum Buyers_18December2020_US"
12,"3P_Custom_Oreo Buyers_30December2021_US"
12,"3P_Custom_Organic/Natural Beauty and Skincare Enthusiasts_14Jan2021_US"
12,"3P_Custom_Oscar Meyer Brand Purchasers_US"
12,"3P_Custom_OscarsViewers_7Mar2022_CA"
12,"3P_Custom_Owners and Health_US"
12,"3P_Custom_P&G_AZ Pro Expert_IT"
12,"3P_Custom_P&G_DASH_IT"
12,"3P_Custom_P&G_Fairy_IT"
12,"3P_Custom_P&G_H&S Alinghi ISP_IT"
12,"3P_Custom_P&G_H&S Supreme BT_IT"
12,"3P_Custom_P&G_OralB Power_IT"
12,"3P_Custom_P&G_Pantene Product Transformation_IT"
12,"3P_Custom_P&G_SWIFFER_IT"
12,"3P_Custom_PS4 Users_11Dec2019_US"
12,"3P_Custom_Paid Video Streaming Services_AU"
12,"3P_Custom_Paid Video Streaming Services_DE"
12,"3P_Custom_Paid Video Streaming Services_ES"
12,"3P_Custom_Paid Video Streaming Services_FR"
12,"3P_Custom_Paid Video Streaming Services_IT"
12,"3P_Custom_Paid Video Streaming Services_UK"
12,"3P_Custom_Panera Catering_14Dec2021_US"
12,"3P_Custom_Panera_Location_Panera & Competitors_29Oct2020_US"
12,"3P_Custom_Parents of Boys 6-11_US"
12,"3P_Custom_Parents of Children 0-6 years old_14Feb2019_US"
12,"3P_Custom_Parents of Children 3-7 years old_16Dec2019_US"
12,"3P_Custom_Parents of Children Ages 6-10_17Dec2020_US"
12,"3P_Custom_Parents of High School Children_4Aug2020_US"
12,"3P_Custom_Parents of Kids 5-13_28Apr2020_US"
12,"3P_Custom_Parents of Toddlers_30Nov2020_US"
12,"3P_Custom_Parents of Young Girls_27July2020_US"
12,"3P_Custom_Parents with Children Age 6-17_15March2020_US"
12,"3P_Custom_Parents with Children Ages 9-18_23Nov2020_US"
12,"3P_Custom_Parents with Kids 6-12_US"
12,"3P_Custom_Parents with Young Children_29Mar2021_CA"
12,"3P_Custom_Parents_12Nov2020_CA"
12,"3P_Custom_Pasta Buyers_FR"
12,"3P_Custom_Pasta Enthusiasts_AU"
12,"3P_Custom_Peanut Butter Buyers_US"
12,"3P_Custom_Pediatricians_30July2020_US"
12,"3P_Custom_Personal Finance Betterment_3Dec2019_US"
12,"3P_Custom_Personal Finance Managers_3Dec2019_US"
12,"3P_Custom_Peugeot Intenders_ES"
12,"3P_Custom_Peugeot Intenders_IT"
12,"3P_Custom_Photography Enthusiasts_25-Mar-2022_ES"
12,"3P_Custom_Planning to Graduate/Recent Graduates_20Jul2020_US"
12,"3P_Custom_PodcastListeners_US"
12,"3P_Custom_Police/Law Enforcement_03Apr2020_US"
12,"3P_Custom_Politics_Democrats_US [Restricted Use]"
12,"3P_Custom_Politics_Independents_US [Restricted Use]"
12,"3P_Custom_Politics_Republicans_US [Restricted Use]"
12,"3P_Custom_Porsche Intenders_DE"
12,"3P_Custom_Porsche Intenders_FR"
12,"3P_Custom_Porsche Intenders_UK"
12,"3P_Custom_Post Secondary/Graduates_18Sep2020_CA"
12,"3P_Custom_PostPaidWireless (Excluding T-Mobile)_US"
12,"3P_Custom_PrePaidWireless (excluding TMO/Metro)_US [Do Not Use in 2021]"
12,"3P_Custom_Premier Protein Buyers_11March2021_US"
12,"3P_Custom_Premium Chocolate Lovers/Buyers_08Jan2021_US"
12,"3P_Custom_Private Health Insurance Holders_ES"
12,"3P_Custom_Private Health Insurance Intenders_ES"
12,"3P_Custom_Professional Contractors_US"
12,"3P_Custom_Prospective_Pet_Owner_US"
12,"3P_Custom_Publix Shoppers_29June2020_US"
12,"3P_Custom_Purina Brand Buyers_21December2021_US"
12,"3P_Custom_Puzzles/Collectors_19July2021_US"
12,"3P_Custom_QSR Burger Consumers_US"
12,"3P_Custom_QSR_Burger King and Wendy's_US"
12,"3P_Custom_QSR_Popeyes Consumers_US"
12,"3P_Custom_RV Intenders_12July2022_US"
12,"3P_Custom_Reality TV Enthusiasts_FR"
12,"3P_Custom_Registered_Left_US [Restricted Use]"
12,"3P_Custom_Registered_Right_US [Restricted Use]"
12,"3P_Custom_Retail_Business_Owners_US"
12,"3P_Custom_Retirees_04August2020_US"
12,"3P_Custom_Reward/Points/Miles Users_US"
12,"3P_Custom_Ricola Buyers_US"
12,"3P_Custom_Ride Sharers_AU"
12,"3P_Custom_Rite Aid Shoppers_20September2021_US"
12,"3P_Custom_Role Playing Gamers_10Feb2021_US"
12,"3P_Custom_Ross Competitor Shoppers_06July2021_US"
12,"3P_Custom_Rum Drinkers_27Nov2020_US"
12,"3P_Custom_S60 Upgraders_18Jan2022_US"
12,"3P_Custom_SBO Not Self Employed_US"
12,"3P_Custom_STEM, Tax, Accounting Professionals_21Nov2019_US"
12,"3P_Custom_SUV / 4x4 Intenders_FR"
12,"3P_Custom_SUV / 4x4 Intenders_IT"
12,"3P_Custom_SUV / 4x4 Intenders_UK"
12,"3P_Custom_SUV Owners_FR"
12,"3P_Custom_Safety Purchasers_US"
12,"3P_Custom_SafewayAlbertson_Shoppers_US"
12,"3P_Custom_Sainsburys Supermarket Shoppers_UK"
12,"3P_Custom_Saks and Bloomingdales Shoppers_11Feb2021_US"
12,"3P_Custom_Sales & Marketing Professionals_UK"
12,"3P_Custom_Sales Professionals_23Oct2020_US"
12,"3P_Custom_Sales Professionals_UK"
12,"3P_Custom_SallyHansen_US"
12,"3P_Custom_Sam's Club Shoppers/Members_4Dec2020_US"
12,"3P_Custom_Sam's Club Shoppers_AAM_19Sep2019_US"
12,"3P_Custom_Samsung Mobile Phone_31January2022_US"
12,"3P_Custom_Samsung_IM Persona_Browsers"
12,"3P_Custom_Samsung_IM Persona_Expressers"
12,"3P_Custom_Samsung_IM Persona_Life Maximisers"
12,"3P_Custom_Samsung_IM Persona_Social Savvies"
12,"3P_Custom_Samsung_IM Persona_Traditionalists"
12,"3P_Custom_Samuel Adams Drinkers_16Dec2021_US"
12,"3P_Custom_Santander Competitive Conquesting_30March2022_US"
12,"3P_Custom_Security Operations Role_28May2020_US"
12,"3P_Custom_Security Operations Role_28Oct2019_US"
12,"3P_Custom_Sephora Shoppers_4Jan2021_US"
12,"3P_Custom_Shop Aldi 1-3 Times in the Last 4 Weeks_23Apr2020_US"
12,"3P_Custom_Shop Aldi 4-9 Times in the Last 4 Weeks_23Apr2020_US"
12,"3P_Custom_Shop Aldi in the Last 4 Weeks_23Apr2020_US"
12,"3P_Custom_Sierra Nevada_Beer Drinkers_04June2020_US"
12,"3P_Custom_Simple Mobile Retailers_US"
12,"3P_Custom_Skateboarders/Skate Enthusiasts_7July2021_US"
12,"3P_Custom_Skaters_US"
12,"3P_Custom_Skiers/Snowboarders_US"
12,"3P_Custom_Skiing Enthusiasts_ES"
12,"3P_Custom_Skin Care Buyers_2Jan2021_US"
12,"3P_Custom_Skincare Category Buyers_FR"
12,"3P_Custom_Sky TV Subscribers_UK"
12,"3P_Custom_Skype Users_22Nov2019_US"
12,"3P_Custom_Small Business Restaurant Owners_16Aug2021_US"
12,"3P_Custom_Small Business Shoppers_17Feb2022_US"
12,"3P_Custom_Small Businesses Owners Interested In Online Delivery Services_US"
12,"3P_Custom_Smart Car Intenders_IT"
12,"3P_Custom_Smart TV Owners_IT"
12,"3P_Custom_Smartphone Intenders_DE"
12,"3P_Custom_Smartphone Intenders_FR"
12,"3P_Custom_Snickers Buyers/Consumers_14Dec2020_US"
12,"3P_Custom_Soccer Enthusiasts_26May2022_CA"
12,"3P_Custom_Software Developers and IT_US"
12,"3P_Custom_Some College_US"
12,"3P_Custom_Sonos_Culture Seekers persona"
12,"3P_Custom_Sonos_Culture Seekers_narrow (for insights)"
12,"3P_Custom_Sonos_Design Audience"
12,"3P_Custom_Sonos_Design Audience (for insights)"
12,"3P_Custom_Sonos_Sound Audience"
12,"3P_Custom_Sonos_Sound Audience (for insights)"
12,"3P_Custom_Sonos_UX Audience"
12,"3P_Custom_Sonos_UX Audience (for insights)"
12,"3P_Custom_Sparkling Water Seltzer Buyer_06December2021_US"
12,"3P_Custom_Spirits Drinkers_DE"
12,"3P_Custom_Sports Car Buyers_ES"
12,"3P_Custom_Sprint Subscribers_US"
12,"3P_Custom_Sprite Drinkers_9Aug2022_US"
12,"3P_Custom_Staples Competitive Shoppers_26Feb21_US"
12,"3P_Custom_Starbucks Retail Shoppers_US"
12,"3P_Custom_Starbucks_Competitors_US"
12,"3P_Custom_State Farm Insurance_US"
12,"3P_Custom_Stay at Home Travelers_19Oct2020_US"
12,"3P_Custom_Stellantis Owners/Intenders_FR"
12,"3P_Custom_Streaming TV Users_AU"
12,"3P_Custom_SubaruAscent_Intenders_US"
12,"3P_Custom_Suburban Dwellers_16November2021_US"
12,"3P_Custom_Sugar Snackers_US"
12,"3P_Custom_Switch Mobile Carrier_18Dec2019_US [Do Not Use in 2021]"
12,"3P_Custom_T-MobileCustomers_US"
12,"3P_Custom_TD Bank Competitors_29January21_US"
12,"3P_Custom_TJX Sierra_Competitive Conquesting_23Jul2020_US"
12,"3P_Custom_TV_Sports TV Enthusiasts_28-Feb-2021_US"
12,"3P_Custom_Target, Walmart, Amazon_2Jan2020_US"
12,"3P_Custom_TargetShoppers_US"
12,"3P_Custom_Target_Shoppers_Heavy_Dubious_US"
12,"3P_Custom_Target_Shoppers_Heavy_US"
12,"3P_Custom_Target_Shoppers_US [Do Not Use in 2021]"
12,"3P_Custom_Teachers/Day Care_23Nov2021_CA"
12,"3P_Custom_Teachers/Educators_AU"
12,"3P_Custom_Teachers/Educators_US"
12,"3P_Custom_Team Leaders_26June2020_US"
12,"3P_Custom_Team Leaders_AU"
12,"3P_Custom_Team Leaders_DE"
12,"3P_Custom_Team Leaders_FR"
12,"3P_Custom_Team Leaders_UK"
12,"3P_Custom_The Hartford__B2B Industry_04April2022_US"
12,"3P_Custom_The Hartford__Company Size 1-100 Employees_04April2022_US"
12,"3P_Custom_The Hartford__Company Size 1001+ Employees_GB_04April2022_US"
12,"3P_Custom_The Hartford__Company Size 101-2000+ Employees_MLC_04April2022_US"
12,"3P_Custom_The Hartford__Online Interest in Group Insurance & Employee Benefits_04April2022_US"
12,"3P_Custom_Thriller Movie Fans_3Feb2021_CA"
12,"3P_Custom_Tic Tac Buyers_24Aug2022_US"
12,"3P_Custom_Total Wireless Retailers_US"
12,"3P_Custom_Toyota Intenders_IT"
12,"3P_Custom_Toyota Owners_DE"
12,"3P_Custom_Toyota Owners_ES"
12,"3P_Custom_Toyota Owners_FR"
12,"3P_Custom_Toyota Owners_IT"
12,"3P_Custom_Toyota Owners_UK"
12,"3P_Custom_Toys & Board / Card Games Enthusiasts_FR"
12,"3P_Custom_Tradespeople_8Mar21_US"
12,"3P_Custom_Traditional TV Passionates_US"
12,"3P_Custom_Travel Website Users_20April22_US"
12,"3P_Custom_Tropicana_Buyers_15Jun2020_US"
12,"3P_Custom_TruckDrivers_8Mar2022_CA"
12,"3P_Custom_Truly Drinkers_16Dec2021_US"
12,"3P_Custom_Tylenol Buyers_US"
12,"3P_Custom_UPS Store Competitive Shoppers_23Dec2020_US"
12,"3P_Custom_Uber_Grocery Delivery Customers_US"
12,"3P_Custom_Ulta_Competitive Shoppers_US"
12,"3P_Custom_Undergarment Category Buyers_13Sept2022_US"
12,"3P_Custom_United Competitors_20Oct2021_US"
12,"3P_Custom_Up and Coming Families_7-Jul-2021_US (for insights)"
12,"3P_Custom_Urban Dwellers_16November2021_US"
12,"3P_Custom_VW Owners_DE"
12,"3P_Custom_VW Owners_UK"
12,"3P_Custom_VW_Owners_US"
12,"3P_Custom_ValentinesDayShopper_28October2019_US"
12,"3P_Custom_Variety Snackers_US"
12,"3P_Custom_Vegetarian/Vegan Lifestyle_DE"
12,"3P_Custom_Vegetarian/Vegan Lifestyle_FR"
12,"3P_Custom_Venus Razor Buyers_11March2021_US"
12,"3P_Custom_Verizon Fios Customers_US"
12,"3P_Custom_Verizon Mobile Customers_US"
12,"3P_Custom_VicksBuyers_US"
12,"3P_Custom_Victoria's Secret Competitive Shoppers_14July2021_US"
12,"3P_Custom_Victorias Secret Shoppers_US"
12,"3P_Custom_Visited Airport in Last 30 Days_24Sep2019_US"
12,"3P_Custom_Visual DNA_Personality-Shopping Habits-Early Adopter_26-Jan-2021_US"
12,"3P_Custom_Vitamin & Supplement Purchasers_23Jun2020_US"
12,"3P_Custom_Volkswagen Intenders_IT"
12,"3P_Custom_Volkswagen Owners_IT"
12,"3P_Custom_Volvo Intenders_ES"
12,"3P_Custom_Volvo Intenders_IT"
12,"3P_Custom_Volvo Intenders_US"
12,"3P_Custom_Volvo Owners_ES"
12,"3P_Custom_Volvo Owners_IT"
12,"3P_Custom_Volvo_Auto Tech Innovators_22July2021_US"
12,"3P_Custom_Volvo_Brand Values_UK"
12,"3P_Custom_Walgreens Shoppers_26Oct2020_US"
12,"3P_Custom_Walgreens_Sonic Competitive Shoppers_21Oct2020_US"
12,"3P_Custom_Walmart Shoppers_US"
12,"3P_Custom_Wawa Shoppers_11Jan2022_US"
12,"3P_Custom_Wealthy Individuals_US"
12,"3P_Custom_Wearables / Smart Watch Intenders_FR"
12,"3P_Custom_Wells Fargo_First Time Home Buyers_US"
12,"3P_Custom_Wells Fargo_Home Buyers and Mortgage Customers_Adobe_25June20_US"
12,"3P_Custom_Wells Fargo_SBO/Professionals_10Nov2020_US"
12,"3P_Custom_Wells Fargo_Small Business Owners/Professionals/Decision Makers_19Oct2020_US"
12,"3P_Custom_Whole Foods Shopper_US"
12,"3P_Custom_Wine Drinkers_AU"
12,"3P_Custom_Wine Enthusiasts_FR"
12,"3P_Custom_Wine Enthusiasts_US"
12,"3P_Custom_WingStop Consumers_07June2022_US"
12,"3P_Custom_Winter Sports Enthusiasts_12Jan2021_CA"
12,"3P_Custom_Wix_Developers/Designers_12Feb2021_US"
12,"3P_Custom_Workout Class Enthusiasts_27Nov2020_US"
12,"3P_Custom_WranglerStoreShoppers_US"
12,"3P_Custom_Wrangler_JeanBuyers_US"
12,"3P_Custom_XC40 Upgraders_18Jan2022_US"
12,"3P_Custom_XC60 Upgraders_18Jan2022_US"
12,"3P_Custom_XC90 Upgraders_18Jan2022_US"
12,"3P_Custom_Yoga_Pilates_27Nov2020_US"
12,"3P_Custom_Yoga_Pilates_US [Do Not Use in 2021]"
12,"3P_Custom_Yogurt_Brand_Buyers_US"
12,"3P_Custom_Yogurt_Snack_Buyers_US"
12,"3P_Custom_Young Professionals_3Feb2021_CA"
12,"3P_Custom_Yuengling Competitive Conquesting_26Feb2021_US"
12,"3P_Custom__ Demographics - Employment - Professional_28-Feb-2021_WW"
12,"3P_Custom__ Entertainment - Entertainment - Sports Enthusiast_28-Feb-2021_WW"
12,"3P_Custom__ Entertainment - Entertainment - Video Game - Console User - Console Owner_19-Feb-2021_WW"
12,"3P_Custom__ Entertainment - Entertainment - Video Game - Console User_19-Feb-2021_WW"
12,"3P_Custom__ Entertainment - Interest - Tickets - Concert_19-Feb-2021_WW"
12,"3P_Custom__ Entertainment - Interest - Tickets - Theatre_19-Feb-2021_WW"
12,"3P_Custom__ Entertainment - Mobile & App - Interest - Gaming Console_19-Feb-2021_WW"
12,"3P_Custom__ Entertainment - Mobile & App - Interest - Online Games_19-Feb-2021_WW"
12,"3P_Custom__ Entertainment - Mobile & App - Interest - Tickets - Concert_19-Feb-2021_WW"
12,"3P_Custom__ Entertainment - Mobile & App - Interest - Tickets - Sports Events_28-Feb-2021_WW"
12,"3P_Custom__ Entertainment - Mobile & App - Interest - Tickets - Theatre_19-Feb-2021_WW"
12,"3P_Custom__ Entertainment - Mobile & App - Sport - Outdoor_19-Feb-2021_WW"
12,"3P_Custom__ Entertainment - Online - Auctions_28-Feb-2021_WW"
12,"3P_Custom__ Entertainment - Online - Social Networks_28-Feb-2021_WW"
12,"3P_Custom__ Entertainment - Sport - Outdoor_19-Feb-2021_WW"
12,"3P_Custom__ Financial - Characteristics - Commutes by car (VDNA)_19-Feb-2021_WW"
12,"3P_Custom__ Financial - Characteristics - Commutes by car_19-Feb-2021_WW"
12,"3P_Custom__ Food and Drink - Food - Gourmet Food_19-Feb-2021_WW"
12,"3P_Custom__ Food and Drink - Food - Organic_19-Feb-2021_WW"
12,"3P_Custom__ Food and Drink - Food - Supermarket - Online_28-Feb-2021_WW"
12,"3P_Custom__ Food and Drink - Mobile & App - Food - Organic_19-Feb-2021_WW"
12,"3P_Custom__ Gifting - Buying For - Animals_26-Feb-2021_WW"
12,"3P_Custom__ Gifting - Buying For - Weddings & Engagements_26-Feb-2021_WW"
12,"3P_Custom__ Lifestyle - Business Professionals - Small Business Owners_3Feb2021_US"
12,"3P_Custom__ Lifestyle - Food Enthusiast_19-Feb-2021_WW"
12,"3P_Custom__ Lifestyle - Health & Wellbeing Enthusiast_19-Feb-2021_WW"
12,"3P_Custom__ Lifestyle - Health - Good Habits - Exercises twice or more per week_19-Feb-2021_WW"
12,"3P_Custom__ Lifestyle - Health - Good Habits - Limits sugar consumption (VDNA)_19-Feb-2021_WW"
12,"3P_Custom__ Lifestyle - Health - Good Habits - Limits sugar consumption_19-Feb-2021_WW"
12,"3P_Custom__ Lifestyle - Interest - Fitness and Exercise_19-Feb-2021_WW"
12,"3P_Custom__ Lifestyle - Interest - Green Living_19-Feb-2021_WW"
12,"3P_Custom__ Lifestyle - Interest - Sports - European Football_28-Feb-2021_WW"
12,"3P_Custom__ Lifestyle - Lifestyle - General Interest - Gamers_19-Feb-2021_WW"
12,"3P_Custom__ Lifestyle - Mobile & App - Health & Wellbeing Enthusiast_19-Feb-2021_WW"
12,"3P_Custom__ Lifestyle - Mobile & App - Nightlife Enthusiast_19-Feb-2021_WW"
12,"3P_Custom__ Lifestyle - Nightlife Enthusiast_19-Feb-2021_WW"
12,"3P_Custom__ Personality - Shopping Habits - Early Adopter_19-Feb-2021_WW"
12,"3P_Custom__ Personality - Shopping Habits - Trendsetter_19-Feb-2021_WW"
12,"3P_Custom__ Restaurants - Credit Card Data - Fast Food - Starbucks - All Credit/Debit Buyers ( Buyer Insights)_26-Feb-2021_WW"
12,"3P_Custom__ Restaurants - Fast Food - McDonalds - All Credit/Debit Buyers_7-Sep-2021_WW"
12,"3P_Custom__ Retail & Consumer Goods - Retail & Consumer Goods - Electronics - Single Serve Coffee Machine Owner_26-Feb-2021_WW"
12,"3P_Custom__ Retail and Consumer Goods - Clothes - Fashion Style - Outdoor_19-Feb-2021_WW"
12,"3P_Custom__ Retail and Consumer Goods - Clothes - Interest - Online Purchase_28-Feb-2021_WW"
12,"3P_Custom__ Retail and Consumer Goods - Cosmetics - Online Cosmetics_28-Feb-2021_WW"
12,"3P_Custom__ Retail and Consumer Goods - Electronics - Interest - Online Purchasing_28-Feb-2021_WW"
12,"3P_Custom__ Retail and Consumer Goods - Wearable Tech - Fitness Tracker_19-Feb-2021_WW"
12,"3P_Custom__ TV - Streaming Service Subscriber - Amazon Prime_7-Mar-2021_WW"
12,"3P_Custom__ Tech - Has wearable fitness device or smartwatch - HH_19-Feb-2021_WW"
12,"3P_Custom__ Tech - Technology Adoption - Early Majority (Consumer Scores)_19-Feb-2021_WW"
12,"3P_Custom__ Tech - Technology Adoption - Top 10% for Technology Adoption (Consumer Scores)_19-Feb-2021_WW"
12,"3P_Custom__ Travel - Airline - All Credit/Debit Buyers ( Buyer Insights)_19-Feb-2021_WW"
12,"3P_Custom__ Travel - Interest - Road Trip_19-Feb-2021_WW"
12,"3P_Custom__ US Financial > Likely Credit Card > Expenditure > $1,001-$1,500 Average Monthly Expenditure _21-June-2021_US"
12,"3P_Custom__ US Financial > Likely Credit Card > Expenditure > $2,001+ Average Monthly Expenditure _21-June-2021_US"
12,"3P_Custom__ US Financial > Likely Credit Card > Expenditure > $226-$450 Average Monthly Expenditure _21-June-2021_US"
12,"3P_Custom__ABC Viewers_25Jan2021_US"
12,"3P_Custom__AMC Viewers_1Jan2021_US"
12,"3P_Custom__Ambulance Services and Blood and Organ Banks_7March2022_US"
12,"3P_Custom__Attend Concert Last 12M_19-Feb-2021_US"
12,"3P_Custom__Attend Dance Performance Last 12M_19-Feb-2021_US"
12,"3P_Custom__Attend Live Theater Last 12M_19-Feb-2021_US"
12,"3P_Custom__Award Show Viewers_20Jun2020_US"
12,"3P_Custom__B2B Company Revenue/Sales Volume Medium $1MM - $5MM Sales_3Feb2021_US"
12,"3P_Custom__B2B Professionals: Small Business Professionals_3Feb2021_US"
12,"3P_Custom__Binge TV Viewers_05April2022_US"
12,"3P_Custom__Bravo Viewers_1Jan2021_US"
12,"3P_Custom__Business/Finance Viewers_1Jan2021_US"
12,"3P_Custom__CBS Viewers_14Dec2020_US"
12,"3P_Custom__Car Commuters (Daily Commuter)_19-Feb-2021_US"
12,"3P_Custom__Celebrity News_1Jan2021_US"
12,"3P_Custom__Comedy Central_1Jan2021_US"
12,"3P_Custom__Comic Book/Superhero TV_14Dec2020_US"
12,"3P_Custom__Crime Drama_20Jun2020_US"
12,"3P_Custom__Dating Show Viewers_07Dec2021_US"
12,"3P_Custom__Demographic - Young Professional_28-Feb-2021_US"
12,"3P_Custom__Demographic - Young Professionals_28-Feb-2021_US"
12,"3P_Custom__Discovery Channel_22Dec2020_US"
12,"3P_Custom__Drama/Scripted TV Viewers_16Jun2020_US"
12,"3P_Custom__E! Entertainment Television Viewers_1Jan2021_US"
12,"3P_Custom__ESPN Viewers_22Jun2020_US"
12,"3P_Custom__Enjoy_Enjoy Posting on Social Networking Websites_28-Feb-2021_US"
12,"3P_Custom__Event Attend Most Last 12M: Concert - R&B/ Hip-Hop/ Rap_19-Feb-2021_US"
12,"3P_Custom__Event Attend Most Last 12M: Concert-Rock/Pop_19-Feb-2021_US"
12,"3P_Custom__Fantasy Football Fans_20Jun2020_US"
12,"3P_Custom__Football TV Shows/Movies Fans_20Jun2020_US"
12,"3P_Custom__Game Shows_03Jan2021_US"
12,"3P_Custom__Good At Convincing Others Try New Things_19-Feb-2021_US"
12,"3P_Custom__HH Income - $150,000+_23-Feb-2021_WW"
12,"3P_Custom__HH Respond to Incentive Offers From Product Manufacturer_28-Feb-2021_US"
12,"3P_Custom__HH Use Cents-Off Coupon Save Money_28-Feb-2021_US"
12,"3P_Custom__Harry Potter Movies_14Sept2020_US"
12,"3P_Custom__Healthcare_7March2022_US"
12,"3P_Custom__History Channel Viewers_1Jan2021_US"
12,"3P_Custom__I Am Adventurous_19-Feb-2021_US"
12,"3P_Custom__I Am First Among My Friends Try New Styles_19-Feb-2021_US"
12,"3P_Custom__I Like To Learn About Things_19-Feb-2021_US"
12,"3P_Custom__I Like To Try New Things No One Else Has_19-Feb-2021_US"
12,"3P_Custom__I Make Friends Easily_19-Feb-2021_US"
12,"3P_Custom__I Really Enjoy Cooking_19-Feb-2021_US"
12,"3P_Custom__I Spend a Lot of Money on Toiletries/Cosmetics_28-Feb-2021_US"
12,"3P_Custom__In-Market New Volkswagen_7-Feb-2021_US"
12,"3P_Custom__Jogging/Running-Participate Every Chance I Get_19-Feb-2021_US"
12,"3P_Custom__Jurassic Franchise Fans_21December2021_US"
12,"3P_Custom__Legal/Political Drama_1Jan2021_US"
12,"3P_Custom__Leisure/Hobby: Cooking for Fun_19-Feb-2021_US"
12,"3P_Custom__Leisure/Hobby: Go to Bars/Nightclubs/Dancing_19-Feb-2021_US"
12,"3P_Custom__Lifetime Viewers_1Jan2021_US"
12,"3P_Custom__Manufacturing_7March2022_US"
12,"3P_Custom__Medical Equipment and Supplies Manufacturing_7March2022_US"
12,"3P_Custom__Meeting New People Comes Easy To Me_19-Feb-2021_US"
12,"3P_Custom__Movie Lovers_1Jan2021_US"
12,"3P_Custom__Music TV Fans_16Jun2021_US"
12,"3P_Custom__NBA Finals Viewers_22Jun2020_US"
12,"3P_Custom__NCAA March Madness_16Jun2020_US"
12,"3P_Custom__OBGYN_7March2022_US"
12,"3P_Custom__Offices of Physicians_7March2022_US"
12,"3P_Custom__Personality-Openness-High_26-Jan-2021"
12,"3P_Custom__Public Transportation Commuters (Daily Commuter)_19-Feb-2021_US"
12,"3P_Custom__QSR Shoppers_17Jan2020_US"
12,"3P_Custom__Reality True Crime Shows_17Jun2020_US"
12,"3P_Custom__Retail and Consumer Goods - Wearable Tech - Wireless Headphones_WW"
12,"3P_Custom__Sports Gaming Genre_16Jun2020_US"
12,"3P_Custom__Syfy Viewers_16Jun2020_US"
12,"3P_Custom__TNT Viewers_31Dec2020_US"
12,"3P_Custom__TV News Junkies_16Jun2020_US"
12,"3P_Custom__TV Talent Shows_03Jan2021_US"
12,"3P_Custom__Telecommunications_7March2022_US"
12,"3P_Custom__The Bachelor Viewers_23April2021_US"
12,"3P_Custom__Transportation and Warehousing_7March2022_US"
12,"3P_Custom__Travel TV_31Dec2020_US"
12,"3P_Custom__USA Network_1Jan2021_US"
12,"3P_Custom__Whole Foods_23March2021_US"
12,"3P_Custom__Wholesale Trade_7March2022_US"
12,"3P_Custom_eBay Shoppers_4Jan2021_US"
12,"3P_Custom_eBay Sneaker Buyers_27September2021_US"
12,"3P_Custom_eXelate B2BX_Prosumer-Tech Early Adopters_26-Jan-21_US"
12,"3P_Custom_eXelate Interest_Tech Enthusiasts_26-Jan-2021_US"
12,"3P_Custom_eXelate_eXelate B2BX - Business Professionals - Small Business Owners_3Feb2021_US"
12,"3P_Custom_eXelate_eXelate B2BX - Business Professionals_28-Feb-2021_WW"
12,"3P_Custom_eXelate_eXelate B2BX - Prosumer - Affluent Technology Buyers_19-Feb-2021_WW"
12,"3P_Custom_eXelate_eXelate B2BX - Prosumer - Affluent Travelers_19-Feb-2021_WW"
12,"3P_Custom_eXelate_eXelate B2BX - Prosumer - Tech Early Adopters_19-Feb-2021_WW"
12,"3P_Custom_eXelate_eXelate Demographic - Household - Composition - Presence of Children by Age - 13-17 Years_19-Feb-2021_US"
12,"3P_Custom_eXelate_eXelate Demographic - Household - Presence of Children - With Children_19-Feb-2021_US"
12,"3P_Custom_eXelate_eXelate Demographic - Income Level - $100,000 to $124,999_23-Feb-2021_WW"
12,"3P_Custom_eXelate_eXelate Demographic - Income Level - $125,000 to $149,999_23-Feb-2021_WW"
12,"3P_Custom_eXelate_eXelate Demographic - Income Level - $60,000 to $74,999_28-Feb-2021_WW"
12,"3P_Custom_eXelate_eXelate Demographic - Income Level - $75,000 Plus_26-Feb-2021_WW"
12,"3P_Custom_eXelate_eXelate Demographic - Technographics - Chrome User_19-Feb-2021_WW"
12,"3P_Custom_eXelate_eXelate Intent - CPG - Baking and Cooking_19-Feb-2021_WW"
12,"3P_Custom_eXelate_eXelate Intent - CPG - Beverages - Coffee_26-Feb-2021_WW"
12,"3P_Custom_eXelate_eXelate Intent - CPG - Health and Beauty - Cosmetics_28-Feb-2021_WW"
12,"3P_Custom_eXelate_eXelate Intent - CPG - Health and Beauty - Vitamins_19-Feb-2021_WW"
12,"3P_Custom_eXelate_eXelate Intent - CPG - Heavy Couponers_28-Feb-2021_WW"
12,"3P_Custom_eXelate_eXelate Intent - CPG - Party Supplies_19-Feb-2021_WW"
12,"3P_Custom_eXelate_eXelate Intent - Finance and Insurance - Credit Cards - Small Business_24-Feb-2021_WW"
12,"3P_Custom_eXelate_eXelate Intent - Propensity - Retail - Children_19-Feb-2021_WW"
12,"3P_Custom_eXelate_eXelate Intent - Propensity - Retail - Mass Market and Discount Stores_28-Feb-2021_WW"
12,"3P_Custom_eXelate_eXelate Intent - Propensity - Travel_19-Feb-2021_WW"
12,"3P_Custom_eXelate_eXelate Intent - Services - Personal Services and Care - Children Daycare_19-Feb-2021_WW"
12,"3P_Custom_eXelate_eXelate Intent - Services - Personal Services and Care - Spa and Beauty_28-Feb-2021_WW"
12,"3P_Custom_eXelate_eXelate Intent - Shopping - Babies and Kids_19-Feb-2021_WW"
12,"3P_Custom_eXelate_eXelate Intent - Shopping - Fashion - Wedding_19-Feb-2021_WW"
12,"3P_Custom_eXelate_eXelate Intent - Shopping - Health and Beauty_19-Feb-2021_WW"
12,"3P_Custom_eXelate_eXelate Intent - Shopping - Holiday Presents_26-Feb-2021_WW"
12,"3P_Custom_eXelate_eXelate Intent - Shopping - Personal Tech - Video Games_19-Feb-2021_WW"
12,"3P_Custom_eXelate_eXelate Intent - Shopping - Retail - Brands - Best Buy_21Mar2021_WW"
12,"3P_Custom_eXelate_eXelate Intent - Shopping - Retail - Brands - Buy Buy Baby_19-Feb-2021_WW"
12,"3P_Custom_eXelate_eXelate Intent - Shopping - Retail - Children Stores_19-Feb-2021_WW"
12,"3P_Custom_eXelate_eXelate Intent - Shopping - Retail - Sporting Goods_19-Feb-2021_WW"
12,"3P_Custom_eXelate_eXelate Intent - Shopping - Sports and Recreation_19-Feb-2021_WW"
12,"3P_Custom_eXelate_eXelate Intent - Tickets - Online Purchase - Concerts_19-Feb-2021_WW"
12,"3P_Custom_eXelate_eXelate Intent - Tickets - Online Purchase_28-Feb-2021_WW"
12,"3P_Custom_eXelate_eXelate Intent - Travel_19-Feb-2021_WW"
12,"3P_Custom_eXelate_eXelate Interest - Beauty and Style - Cosmetics_28-Feb-2021_WW"
12,"3P_Custom_eXelate_eXelate Interest - Business - Small Business_24-Feb-2021_WW"
12,"3P_Custom_eXelate_eXelate Interest - Diet and Fitness - Cycling_19-Feb-2021_WW"
12,"3P_Custom_eXelate_eXelate Interest - Diet and Fitness - Health and Wellness_19-Feb-2021_WW"
12,"3P_Custom_eXelate_eXelate Interest - Diet and Fitness - Running_19-Feb-2021_WW"
12,"3P_Custom_eXelate_eXelate Interest - Entertainment - Video Games_19-Feb-2021_WW"
12,"3P_Custom_eXelate_eXelate Interest - Events - Food and Wine_19-Feb-2021_WW"
12,"3P_Custom_eXelate_eXelate Interest - Events - Gift Giving Holidays_26-Feb-2021_WW"
12,"3P_Custom_eXelate_eXelate Interest - Events - Wedding and Engagement_19-Feb-2021_WW"
12,"3P_Custom_eXelate_eXelate Interest - General Interest - Casual Gaming_19-Feb-2021_WW"
12,"3P_Custom_eXelate_eXelate Interest - General Interest - Social Influencers_19-Feb-2021_WW"
12,"3P_Custom_eXelate_eXelate Interest - General Interest - Travel Enthusiasts_19-Feb-2021_WW"
12,"3P_Custom_eXelate_eXelate Interest - Hobbies - Baking and Cooking_19-Feb-2021_WW"
12,"3P_Custom_eXelate_eXelate Interest - Hobbies - Food and Wine_19-Feb-2021_WW"
12,"3P_Custom_eXelate_eXelate Interest - Hobbies - Nightlife_19-Feb-2021_WW"
12,"3P_Custom_eXelate_eXelate Interest - Purchase Behaviors - Shopping - Babies and Kids_19-Feb-2021_WW"
12,"3P_Custom_eXelate_eXelate Interest - Purchase Behaviors - Shopping - Flowers and Gifts_26-Feb-2021_WW"
12,"3P_Custom_eXelate_eXelate Interest - Purchase Behaviors - Shopping - Food and Wine_19-Feb-2021_WW"
12,"3P_Custom_eXelate_eXelate Interest - Purchase Behaviors - Shopping - Health and Beauty_19-Feb-2021_WW"
12,"3P_Custom_eXelate_eXelate Interest - Purchase Behaviors - Shopping - Holiday Presents_26-Feb-2021_WW"
12,"3P_Custom_eXelate_eXelate Interest - Purchase Behaviors - Shopping - Personal Tech - Video Games_19-Feb-2021_WW"
12,"3P_Custom_eXelate_eXelate Interest - Purchase Behaviors - Shopping - Retail - Children Stores_19-Feb-2021_WW"
12,"3P_Custom_eXelate_eXelate Interest - Purchase Behaviors - Shopping - Retail - Restaurants - Fine Dining_19-Feb-2021_WW"
12,"3P_Custom_eXelate_eXelate Interest - Purchase Behaviors - Travel_19-Feb-2021_WW"
12,"3P_Custom_eXelate_eXelate Interest - Seasonal - Fall - Black Friday and Cyber Monday Shoppers_28-Feb-2021_WW"
12,"3P_Custom_eXelate_eXelate Interest - Seasonal - Winter - Holiday Shoppers_3-Mar-2021_WW"
12,"3P_Custom_eXelate_eXelate Interest - Sports_28-Feb-2021_WW"
12,"3P_Custom_eXelate_eXelate Interest - TV Viewership - Categories - Sports_28-Feb-2021_WW"
12,"3P_Custom_eXelate_eXelate Interest-Video Games-Fantasy_FR"
12,"3P_Custom_eXelate_eXelate Interest-Video Games-MMO_FR"
12,"3P_Custom_eXelate_eXelate Smart Segments - Kids & Coupons_28-Feb-2021_WW"
12,"3P_Custom_equifax IXI_Income 36 - Income Range $150,000 - $249,999_23-Feb-2021_WW"
12,"3P_Custom_equifax IXI_Income 36 - Income Range $250,000+_23-Feb-2021_WW"
12,"3P_Custom_equifax IXI_Internet Propensity - Social Network User_28-Feb-2021_US"
12,"3P_Custom_ Equifax_ Equifax / IXI > Credit Cards > Revolver _21-June-2021_US"
12,"3P_Cybersecurity_Enthusiasts_FR"
12,"3P_Cycling Enthusiasts_AU"
12,"3P_Cycling Enthusiasts_ES"
12,"3P_Cycling Enthusiasts_FR"
12,"3P_Cycling Enthusiasts_IT"
12,"3P_Cycling Enthusiasts_UK"
12,"3P_DIY Enthusiasts_CA"
12,"3P_DIY Enthusiasts_DE"
12,"3P_DIY Enthusiasts_FR"
12,"3P_DIY Enthusiasts_UK"
12,"3P_DIY Enthusiasts_US"
12,"3P_DIY/Renovators_AU"
12,"3P_DVD Buyers_DE"
12,"3P_DVD Buyers_UK"
12,"3P_DVD Buyers_US"
12,"3P_DVD Renters_US"
12,"3P_Dairy Buyers_US"
12,"3P_Dairy Category Buyers_DE"
12,"3P_Dairy Category Buyers_ES"
12,"3P_Dairy Category Buyers_FR"
12,"3P_Dairy Category Buyers_IT"
12,"3P_Dairy Category Buyers_UK"
12,"3P_Declared Parents_25May2022_US"
12,"3P_Degree Educated / Graduates_AU"
12,"3P_Degree Educated / Graduates_DE"
12,"3P_Degree Educated / Graduates_ES"
12,"3P_Degree Educated / Graduates_FR"
12,"3P_Degree Educated / Graduates_IT"
12,"3P_Degree Educated / Graduates_UK"
12,"3P_Delta App Users_12Sept2022_US"
12,"3P_Dental Care Buyers_US"
12,"3P_Deodorant Category Buyers_DE"
12,"3P_Deodorant Category Buyers_ES"
12,"3P_Deodorant Category Buyers_FR"
12,"3P_Deodorant Category Buyers_IT"
12,"3P_Deodorant Category Buyers_UK"
12,"3P_Department Store Shoppers_15Jun2021_US"
12,"3P_Dicks_Sporting_Goods_Shoppers_US"
12,"3P_Diet / Weight Loss Intenders_DE"
12,"3P_Diet / Weight Loss Intenders_ES"
12,"3P_Diet / Weight Loss Intenders_FR"
12,"3P_Diet / Weight Loss Intenders_IT"
12,"3P_Diet / Weight Loss Intenders_UK"
12,"3P_Diet / Weight Loss_US"
12,"3P_Diet Soft Drink Buyers_US"
12,"3P_Discount Shoppers / Value Seekers_AU"
12,"3P_Discount Shoppers / Value Seekers_DE"
12,"3P_Discount Shoppers / Value Seekers_ES"
12,"3P_Discount Shoppers / Value Seekers_FR"
12,"3P_Discount Shoppers / Value Seekers_IT"
12,"3P_Discount Shoppers / Value Seekers_UK"
12,"3P_Dish Detergents Category Buyers_DE"
12,"3P_Dish Detergents Category Buyers_ES"
12,"3P_Dish Detergents Category Buyers_FR"
12,"3P_Dish Detergents Category Buyers_IT"
12,"3P_Dish Detergents Category Buyers_UK"
12,"3P_Disney Movies Enthusiasts_DE"
12,"3P_Disney Movies Enthusiasts_FR"
12,"3P_Distribution & Logistics Employees_UK"
12,"3P_Divorced or Separated_US"
12,"3P_Doctors/Nurses_UK"
12,"3P_Documentary Enthusiasts_US"
12,"3P_Documentary Movie & TV Show Enthusiasts_AU"
12,"3P_Documentary Movie Enthusiasts_UK"
12,"3P_Documentary_Enthusiasts_FR"
12,"3P_Dog Owner_AU"
12,"3P_Dog Owners_DE"
12,"3P_Dog Owners_ES"
12,"3P_Dog Owners_FR"
12,"3P_Dog Owners_IT"
12,"3P_Dog Owners_UK"
12,"3P_Dog Owners_US"
12,"3P_Drama Enthusiasts_US [Do Not Use in 2021]"
12,"3P_Drama Movie Enthusiasts_AU"
12,"3P_Drama Movie Enthusiasts_ES"
12,"3P_Drama Movie Enthusiasts_UK"
12,"3P_Drama_Movie_Enthusiasts_CA"
12,"3P_Dunkin/Starbucks_Ground_Coffee_Buyers_US"
12,"3P_Early Majority_DE"
12,"3P_Electronics Shoppers_US"
12,"3P_Engaged/Getting Married_FR"
12,"3P_Engineer_UK"
12,"3P_Entertainment Enthusiasts_BR"
12,"3P_Entertainment Enthusiasts_CA"
12,"3P_Entertainment Enthusiasts_DE"
12,"3P_Entertainment Enthusiasts_ES"
12,"3P_Entertainment Enthusiasts_FR"
12,"3P_Entertainment Enthusiasts_IT"
12,"3P_Entertainment Enthusiasts_MX"
12,"3P_Entertainment Enthusiasts_US"
12,"3P_Entrepreneur / Investors_BR"
12,"3P_Entrepreneurs_AU"
12,"3P_Epicurean_US"
12,"3P_Estee Lauder Buyers_10July2020_US"
12,"3P_Eyeliner Buyers_US"
12,"3P_FCA Owners / Intenders_IT"
12,"3P_FPS Gamers - First Person Shooter_AU"
12,"3P_FPS Gamers - First Person Shooter_DE"
12,"3P_FPS Gamers - First Person Shooter_FR"
12,"3P_FPS Gamers - First Person Shooter_IT"
12,"3P_FPS Gamers - First Person Shooter_UK"
12,"3P_Family Entertainment Enthusiasts_CA"
12,"3P_Family Entertainment Enthusiasts_ES"
12,"3P_Family Entertainment Enthusiasts_IT"
12,"3P_Family Entertainment Enthusiasts_US"
12,"3P_Family Holidayers_DE"
12,"3P_Family Holidayers_ES"
12,"3P_Family Holidayers_FR"
12,"3P_Family Holidayers_IT"
12,"3P_Family Holidayers_UK"
12,"3P_Family Vacationers_US"
12,"3P_Family/Children's Shoppers_ES"
12,"3P_Family/Children's Shoppers_FR"
12,"3P_Family/Children's Shoppers_IT"
12,"3P_Family/Children's Shoppers_US"
12,"3P_Fantasy_Enthusiasts_DE"
12,"3P_Farming_UK"
12,"3P_Fast Food no Chipotle_US"
12,"3P_Fast Food of Neustar_US"
12,"3P_Fast Food_AU"
12,"3P_Fast Food_BR"
12,"3P_Fast Food_CA"
12,"3P_Fast Food_DE"
12,"3P_Fast Food_US"
12,"3P_Feminine Care Product Buyers_25July2022_US"
12,"3P_Feminine_Care_Product Buyer_US"
12,"3P_Fiat Owners / Intenders_FR"
12,"3P_Fiat Owners / Intenders_IT"
12,"3P_Finance Enthusiasts_AU"
12,"3P_Financial Advisors_US [Insights Only]"
12,"3P_Financially Conscious_US"
12,"3P_Fine Dining Enthusiasts_DE"
12,"3P_Fine Dining Enthusiasts_FR"
12,"3P_Fine Dining Enthusiasts_UK"
12,"3P_Fine Dining Enthusiasts_US"
12,"3P_First Home Buyers_AU"
12,"3P_First Time Buyers_UK"
12,"3P_First Time Home Buyer_US"
12,"3P_Fitness Enthusiasts_CA"
12,"3P_Fitness Enthusiasts_DE"
12,"3P_Fitness Enthusiasts_ES"
12,"3P_Fitness Enthusiasts_FR"
12,"3P_Fitness Enthusiasts_IT"
12,"3P_Fitness Enthusiasts_US"
12,"3P_Flavored Malt Beverage Drinkers_US"
12,"3P_Flavored_Coffee_Purchasers_US"
12,"3P_Flower Shoppers_DE"
12,"3P_Folgers_Coffee_Purchasers_US"
12,"3P_Foodies_AU"
12,"3P_Foodies_CA"
12,"3P_Foodies_DE"
12,"3P_Foodies_ES"
12,"3P_Foodies_FR"
12,"3P_Foodies_IT"
12,"3P_Foodies_UK"
12,"3P_Foodies_US"
12,"3P_Football Fans_US"
12,"3P_Ford_Bronco_Competitive_Purchasers_CA [Advertiser Specific]"
12,"3P_Frequent Flyers_US"
12,"3P_Frequent Movie Goers_US"
12,"3P_Frequent Shoppers_BR"
12,"3P_Frequent Shoppers_MX"
12,"3P_Frequent Shoppers_US"
12,"3P_Frequent Travelers_BR"
12,"3P_Frequent Travelers_MX"
12,"3P_Frequently Dine Out_US"
12,"3P_Frozen Meals/Ready to Eat Meals_14June2022_US"
12,"3P_Gambling_Enthusiasts_CA [Restricted Use]"
12,"3P_Gambling_Enthusiasts_UK [Restricted Use]"
12,"3P_Gambling_Enthusiasts_US [Restricted Use]"
12,"3P_Gamers_CA"
12,"3P_Gamers_DE"
12,"3P_Gamers_ES"
12,"3P_Gamers_FR"
12,"3P_Gamers_IT"
12,"3P_Gamers_UK"
12,"3P_Gamers_US"
12,"3P_Gaming Console Owners_US"
12,"3P_Getting Divorced_UK"
12,"3P_Gift Givers_DE"
12,"3P_Gift Givers_UK"
12,"3P_Gift Givers_US"
12,"3P_Gift_Card_Purchasers_US"
12,"3P_Gin Drinkers_US"
12,"3P_Glasses / Contact_Lens_Purchasers_UK"
12,"3P_Golf Lovers_FR"
12,"3P_Golfers_US"
12,"3P_Government Workers_UK"
12,"3P_Graduate Degree_US"
12,"3P_Green / Hybrid Auto Intenders_BR"
12,"3P_Green / Hybrid Auto Intenders_CA"
12,"3P_Green / Hybrid_US"
12,"3P_Green Living Enthusiasts_AU"
12,"3P_Green Living Enthusiasts_BR"
12,"3P_Green Living Enthusiasts_ES"
12,"3P_Green Living Enthusiasts_FR"
12,"3P_Green Living Enthusiasts_IT"
12,"3P_Green Living Enthusiasts_UK"
12,"3P_Green Living Enthusiasts_US"
12,"3P_Green/Hybrid Auto Buyers_ES"
12,"3P_Green/Hybrid Auto Buyers_IT"
12,"3P_Green/Hybrid Auto Buyers_UK"
12,"3P_Grocery Buyers / Head of Household_AU"
12,"3P_Grocery Buyers / Head of Household_BR"
12,"3P_Grocery Buyers / Head of Household_CA"
12,"3P_Grocery Buyers / Head of Household_MX"
12,"3P_Grocery Buyers / Head of Household_US"
12,"3P_Grocery Buyers_ES"
12,"3P_Grocery Buyers_FR"
12,"3P_Grocery Buyers_IT"
12,"3P_Gum Enthusiasts_IT"
12,"3P_HHI $0-$75K_US"
12,"3P_HHI $100K+_US"
12,"3P_HHI $150K+_US"
12,"3P_HHI $200k_AU"
12,"3P_HHI $50K+_US"
12,"3P_HHI $75K+_US"
12,"3P_HHI Over 75K_DE"
12,"3P_HHI>100K_DE"
12,"3P_HHI>100K_UK"
12,"3P_HHI_200k+_CA"
12,"3P_HHI_<$100K_CA"
12,"3P_HR Professional_DE"
12,"3P_Hair Colouring Category Buyers_UK"
12,"3P_Haircare Buyers_US [Do Not Use in 2021]"
12,"3P_Haircare Category Buyers_DE"
12,"3P_Haircare Category Buyers_ES"
12,"3P_Haircare Category Buyers_FR"
12,"3P_Haircare Category Buyers_IT"
12,"3P_Haircare Category Buyers_UK"
12,"3P_Headache / Pain Relief Medicine Buyers_US"
12,"3P_Health Insurance_AU"
12,"3P_Health and Wellness / Healthy Living - _US"
12,"3P_Health and Wellness / Healthy Living_CA"
12,"3P_Health and Wellness / Healthy Living_DE"
12,"3P_Health and Wellness / Healthy Living_ES"
12,"3P_Health and Wellness / Healthy Living_FR"
12,"3P_Health and Wellness / Healthy Living_IT"
12,"3P_Health and Wellness / Healthy Living_IT DO NOT USE"
12,"3P_Health and Wellness / Healthy Living_UK"
12,"3P_Health and Wellness / Healthy Living_US"
12,"3P_Healthcare Professionals_DE"
12,"3P_Healthcare Professionals_US"
12,"3P_Healthcare Workers_UK"
12,"3P_Healthcare_Workers_CA"
12,"3P_Healthcare_Workers_US"
12,"3P_Healthy Food Diners_07Sept2021_US"
12,"3P_Heavy Broadband Users_UK"
12,"3P_High Performance Cars_AU"
12,"3P_High School Degree_AU"
12,"3P_High School Degree_US"
12,"3P_High School Students_AU"
12,"3P_Hockey Fans_US"
12,"3P_Holiday Shoppers_Gift Givers and Receivers_US"
12,"3P_Home & Furniture Shoppers_AU"
12,"3P_Home Entertainers_US"
12,"3P_Home Improvement & Decoration_FR"
12,"3P_Home Improvement & Decoration_IT"
12,"3P_Home Improvement / DIY_BR"
12,"3P_Home Improvement / DIY_MX"
12,"3P_Home Improvement / DIY_US"
12,"3P_Home Improvement Store Shoppers_4April2019_US"
12,"3P_Home Movers_FR"
12,"3P_Home Movers_IT"
12,"3P_Home Movers_UK"
12,"3P_Home Owners_AU"
12,"3P_Home Owners_BR"
12,"3P_Home Owners_CA"
12,"3P_Home Owners_DE"
12,"3P_Home Owners_ES"
12,"3P_Home Owners_IT"
12,"3P_Home Owners_UK"
12,"3P_Home Owners_US"
12,"3P_Home Renovators_AU"
12,"3P_Home Renters_AU"
12,"3P_Home Renters_BR"
12,"3P_Home Renters_CA"
12,"3P_Home Renters_ES"
12,"3P_Home Renters_IT"
12,"3P_Home Renters_MX"
12,"3P_Home Renters_UK"
12,"3P_Home Renters_US"
12,"3P_Home and Garden Enthusiasts_IT"
12,"3P_Home and Garden Enthusiasts_UK"
12,"3P_Home and Garden Shoppers_CA"
12,"3P_Home and Garden_US"
12,"3P_Home_Insurance_Intenders_US"
12,"3P_Honda_Competitive_Purchasers_CA [Advertiser Specific]"
12,"3P_Horror Entertainment Enthusiasts_CA"
12,"3P_Horror Enthusiasts_US"
12,"3P_Horror Movie Enthusiasts_AU"
12,"3P_Horror Movie Enthusiasts_ES"
12,"3P_Horror Movie Enthusiasts_FR"
12,"3P_Horror Movie Enthusiasts_IT"
12,"3P_Horror Movie Enthusiasts_UK"
12,"3P_Horror/Thriller Movie Enthusiasts_DE"
12,"3P_Horror/Thriller_Movie_Enthusiasts_CA"
12,"3P_Horse Racing Enthusiasts_AU"
12,"3P_Hospitality_Workers_DE"
12,"3P_Hospitality_Workers_ES"
12,"3P_Hospitality_Workers_FR"
12,"3P_Hospitality_Workers_IT"
12,"3P_Hospitality_Workers_UK"
12,"3P_Household Product Buyers_BR"
12,"3P_Household Product Buyers_MX"
12,"3P_Household Product Buyers_US"
12,"3P_Households_Less_Than_4_People_US"
12,"3P_Human_Resources / Marketing_Professionals_AU"
12,"3P_Hyundai Owners / Intenders_ES"
12,"3P_Hyundai Owners / Intenders_IT"
12,"3P_Hyundai Owners / Intenders_UK"
12,"3P_IT Professionals_AU"
12,"3P_IT Professionals_DE"
12,"3P_IT Professionals_UK"
12,"3P_IT Professionals_US"
12,"3P_Ice Cream Buyers_US"
12,"3P_Ice Cream Category Buyers_DE"
12,"3P_Ice Cream Category Buyers_ES"
12,"3P_Ice Cream Category Buyers_FR"
12,"3P_Ice Cream Category Buyers_IT"
12,"3P_Ice Cream Category Buyers_UK"
12,"3P_Income above 100K_FR"
12,"3P_Income above 50K_ES"
12,"3P_Income above 50K_FR"
12,"3P_Income above 50K_IT"
12,"3P_Income above 75K_FR"
12,"3P_Independent_US [Restricted Use]"
12,"3P_Indie Movie Goers_US"
12,"3P_Influencers_CA"
12,"3P_Influencers_US"
12,"3P_Insurance Owners& Intenders_AU"
12,"3P_Interior Design_US"
12,"3P_International Travelers_US"
12,"3P_Jean Buyers_US"
12,"3P_Job Seekers_FR"
12,"3P_Job Seekers_US"
12,"3P_Job_Seekers_ES"
12,"3P_Jobseekers_DE"
12,"3P_Jobseekers_IT"
12,"3P_Jobseekers_UK"
12,"3P_Juice Drink Category Buyers_DE"
12,"3P_Juice Drink Category Buyers_ES"
12,"3P_Juice Drink Category Buyers_FR"
12,"3P_Juice Drink Category Buyers_IT"
12,"3P_Juice Drink Category Buyers_UK"
12,"3P_Kia Owners / Intenders_ES"
12,"3P_Kid's Apparel_US"
12,"3P_Label Seekers_US"
12,"3P_Laptop Owners / Buyers_UK"
12,"3P_Laptop Purchase Intenders_FR"
12,"3P_Laptop Purchase Intenders_US"
12,"3P_Laptop_PC_Purchase Intenders_DE"
12,"3P_Large / Enterprise Business_UK"
12,"3P_Laundry Detergent Category Buyers_US [Do Not Use in 2021]"
12,"3P_Law and Accounting Profession_US"
12,"3P_Lawyers / Law_Students_US"
12,"3P_Left_US Restricted Use]"
12,"3P_Legal Services Workers_UK"
12,"3P_Likely Home Purchaser_US"
12,"3P_Live Entertainment / Concert Goers_AU"
12,"3P_Live Entertainment / Concert Goers_CA"
12,"3P_Live Entertainment / Concert Goers_DE"
12,"3P_Live Entertainment / Concert Goers_ES"
12,"3P_Live Entertainment / Concert Goers_FR"
12,"3P_Live Entertainment / Concert Goers_IT"
12,"3P_Live Entertainment / Concert Goers_UK"
12,"3P_Live Entertainment / Concert Goers_US"
12,"3P_Live_By_Walmart_US"
12,"3P_Luxury Auto Intenders_CA"
12,"3P_Luxury Auto Shoppers_MX"
12,"3P_Luxury Auto Shoppers_US"
12,"3P_Luxury Car Buyers_ES"
12,"3P_Luxury Car Buyers_FR"
12,"3P_Luxury Car Buyers_IT"
12,"3P_Luxury Car Buyers_UK"
12,"3P_Luxury Holidayers_DE"
12,"3P_Luxury Holidayers_ES"
12,"3P_Luxury Holidayers_FR"
12,"3P_Luxury Holidayers_IT"
12,"3P_Luxury Holidayers_UK"
12,"3P_Luxury Retail Shoppers_DE"
12,"3P_Luxury Retail Shoppers_ES"
12,"3P_Luxury Retail Shoppers_FR"
12,"3P_Luxury Retail Shoppers_IT"
12,"3P_Luxury Retail Shoppers_UK"
12,"3P_Luxury Retail_AU"
12,"3P_Luxury Retail_CA"
12,"3P_Luxury Retail_US"
12,"3P_Luxury Shoppers_BR"
12,"3P_Luxury Shoppers_MX"
12,"3P_Luxury Travelers_US"
12,"3P_Luxury Travellers_IT"
12,"3P_MLB_Fans_US"
12,"3P_Maintenance Workers_US"
12,"3P_Manufacturing Operations_US"
12,"3P_Married_US"
12,"3P_Mechanics / Auto_Technicians_US"
12,"3P_Medium / Large_Businesses_ES"
12,"3P_Medium Broadband Users_UK"
12,"3P_Medium Business Employees_US"
12,"3P_Medium Sized Business_UK"
12,"3P_Medium-Sized Business_AU"
12,"3P_Men's Apparel_FR"
12,"3P_Men's Apparel_US"
12,"3P_Mens Apparel_ES"
12,"3P_Mens Apparel_IT"
12,"3P_Mercedes_Intenders_UK"
12,"3P_Mercedes_Owners/Intenders_AU"
12,"3P_Micro Companies_US [Do Not Use in 2021]"
12,"3P_Microbrew Beer Drinkers_US"
12,"3P_Mid-Market Car Buyers / Intenders_ES"
12,"3P_Middle Managers_DE"
12,"3P_Middle Managers_UK"
12,"3P_Minivan Shoppers_US"
12,"3P_Minivan_Owners/Intenders_UK"
12,"3P_Minivan_Owners_US"
12,"3P_Mobile App Gamers_AU"
12,"3P_Moms_US"
12,"3P_Mortgage_HomeLoan Intenders_AU"
12,"3P_Mortgage_UK"
12,"3P_Motorcycle Enthusiasts_DE"
12,"3P_Motorcycle Enthusiasts_FR"
12,"3P_Motorcycle Enthusiasts_IT"
12,"3P_Motorsport Enthusiasts_DE"
12,"3P_Motorsport_Enthusiasts_IT"
12,"3P_Mountain Sports Enthusiasts_IT"
12,"3P_Movers_US"
12,"3P_Movie Downloaders/Streamers_BR"
12,"3P_Movie Downloaders/Streamers_US"
12,"3P_Movie Goers_CA"
12,"3P_Movie Goers_DE"
12,"3P_Movie Goers_ES"
12,"3P_Movie Goers_FR"
12,"3P_Movie Goers_IT"
12,"3P_Movie Goers_UK"
12,"3P_Multi-Purpose Cleaner Purchasers_US"
12,"3P_Musician_US"
12,"3P_NCL_Cruise_Buyers_US [Advertiser-specific]"
12,"3P_NRL Fans_AU"
12,"3P_Nestle_Purina_Competitive_Set_US [Advertiser-specific]"
12,"3P_Nestle_TidyCats_Competitive_Set_US [Advertiser-specific]"
12,"3P_Net Worth $1MM+_US"
12,"3P_Neustar_Eggo Buyers_30Jan2023_US"
12,"3P_New Car Buyer_DE"
12,"3P_New Parents / Baby Product Shoppers_US"
12,"3P_New Phone Intenders_AU"
12,"3P_News / Current Affairs Enthusiasts_FR"
12,"3P_News / Current Affairs Enthusiasts_UK"
12,"3P_Nissan_Owner/Intenders_UK"
12,"3P_Non-Alcoholic Beverage Consumers_AU"
12,"3P_Non-Alcoholic_Beverage_Consumers_US"
12,"3P_Office Managers_5August2021_US"
12,"3P_Online Shoppers_BR"
12,"3P_Online Shoppers_ES"
12,"3P_Online Shoppers_FR"
12,"3P_Online Shoppers_IT"
12,"3P_Online Shoppers_MX"
12,"3P_Online Shoppers_US"
12,"3P_Oral Care Category Buyers_UK"
12,"3P_Orange Juice Purchasers_2Jan2021_US"
12,"3P_Organic Dairy Buyers_US"
12,"3P_Organic Produce Buyers_AU"
12,"3P_Outdoor Enthusiasts_AU"
12,"3P_Outdoor Enthusiasts_CA"
12,"3P_Outdoor Enthusiasts_DE"
12,"3P_Outdoor Enthusiasts_ES"
12,"3P_Outdoor Enthusiasts_FR"
12,"3P_Outdoor Enthusiasts_IT"
12,"3P_Outdoor Enthusiasts_UK"
12,"3P_Outdoor Enthusiasts_US"
12,"3P_PC Gamers_AU"
12,"3P_PC Gamers_FR"
12,"3P_PC Gamers_UK"
12,"3P_PC Gamers_US"
12,"3P_POL_Active_US [Restricted Use]"
12,"3P_POL_Engaged_US [Restricted Use]"
12,"3P_POL_Interested_US [Restricted Use]"
12,"3P_Package Holidayers_DE"
12,"3P_Package Holidayers_ES"
12,"3P_Package Holidayers_FR"
12,"3P_Package Holidayers_IT"
12,"3P_Package Holidayers_UK"
12,"3P_Paint Shoppers_US"
12,"3P_Parents of Toddlers_US [Do Not Use in 2021]"
12,"3P_Parents with Kids 4-12_US"
12,"3P_Parents_US"
12,"3P_Parents_With_Kids_12-17_US"
12,"3P_Parents_with_Children_10-18_UK"
12,"3P_Past 30 Days Starbucks_09Feb2022_US"
12,"3P_Pernod_Ricard_Competitive_Scotch_Drinkers_US [Advertiser-specific]"
12,"3P_Personal Care Buyers_US"
12,"3P_Personal Investors_DE"
12,"3P_Personal Investors_ES"
12,"3P_Personal Investors_FR"
12,"3P_Personal Investors_IT"
12,"3P_Personal Investors_UK"
12,"3P_Personal Investors_US"
12,"3P_Pet Owner_AU"
12,"3P_Pet Owner_CA"
12,"3P_Pet Owner_US"
12,"3P_Pet Owners_DE"
12,"3P_Pet Owners_ES"
12,"3P_Pet Owners_FR"
12,"3P_Pet Owners_IT"
12,"3P_Pet Owners_UK"
12,"3P_Pharmacy Shoppers_US"
12,"3P_Photography Enthusiasts_DE"
12,"3P_Photography Enthusiasts_FR"
12,"3P_Photography Enthusiasts_US"
12,"3P_Pickup Truck_US"
12,"3P_Pizza_Lover_CA"
12,"3P_Planning a Wedding_US"
12,"3P_Playstation Owners_FR"
12,"3P_Politics - Active in Politics_US"
12,"3P_Politics - Affiliation Unknown_US"
12,"3P_Politics - Any Democrat_US"
12,"3P_Politics - Any Independent_US"
12,"3P_Politics - Any Left_US"
12,"3P_Politics - Interested in Politics_US"
12,"3P_Politics - Moderate Left_US"
12,"3P_Politics - Not Registered_US"
12,"3P_Politics - Political Donor Any_US"
12,"3P_Politics - Registered Democrat_US"
12,"3P_Politics - Registered Independent_US"
12,"3P_Politics - Registered Voters_US"
12,"3P_Politics - Strong Left_US"
12,"3P_Politics - Voted in Last Election_US"
12,"3P_Powerade_Drinkers_US"
12,"3P_Prepaid Wireless_US"
12,"3P_Principals_5August2021_US"
12,"3P_Professional Basketball Fans_US"
12,"3P_Professional Sports Fans of _US"
12,"3P_Professional Sports Fans_AU"
12,"3P_Professional Sports Fans_BR"
12,"3P_Professional Sports Fans_CA"
12,"3P_Professional Sports Fans_ES"
12,"3P_Professional Sports Fans_FR"
12,"3P_Professional Sports Fans_IT"
12,"3P_Professional Sports Fans_MX"
12,"3P_Professional Sports Fans_US"
12,"3P_Professional and College Basketball Fans_US"
12,"3P_Protein_Bar_Buyers_US"
12,"3P_Readers_US"
12,"3P_Reality TV Enthusiasts_UK"
12,"3P_Recent Home Movers_UK"
12,"3P_Red Wine Drinkers_US"
12,"3P_Retail Workers_UK"
12,"3P_Retirees_DE"
12,"3P_Retirees_FR"
12,"3P_Retirees_UK"
12,"3P_Right_US [Restricted Use]"
12,"3P_Role Playing Gamers_DE"
12,"3P_Role Playing Gamers_FR"
12,"3P_Role Playing Gamers_IT"
12,"3P_Romance Movie Enthusiasts_AU"
12,"3P_Romance Movie Enthusiasts_ES"
12,"3P_Romance Movie Enthusiasts_FR"
12,"3P_Romance Movie Enthusiasts_UK"
12,"3P_Romance_Movie_Enthusiasts_CA"
12,"3P_Rugby Enthusiasts_FR"
12,"3P_Rugby Enthusiasts_IT"
12,"3P_Rugby Enthusiasts_UK"
12,"3P_Rugby_Enthusiasts_AU"
12,"3P_Runners_CA"
12,"3P_Runners_DE"
12,"3P_Runners_ES"
12,"3P_Runners_FR"
12,"3P_Runners_IT"
12,"3P_Runners_UK"
12,"3P_Runners_US"
12,"3P_SUV Buyers_DE"
12,"3P_SUV Buyers_ES"
12,"3P_SUV Owners_US"
12,"3P_SUV Shoppers_US"
12,"3P_Salty Snack Category Buyers_DE"
12,"3P_Salty Snack Category Buyers_ES"
12,"3P_Salty Snack Category Buyers_FR"
12,"3P_Salty Snack Category Buyers_IT"
12,"3P_Salty Snack Category Buyers_UK"
12,"3P_Savers_ES"
12,"3P_Sci-Fi & Fantasy Movie Enthusiasts_AU"
12,"3P_Sci-Fi Enthusiasts_DE"
12,"3P_Sci-Fi Enthusiasts_ES"
12,"3P_Sci-Fi Enthusiasts_FR"
12,"3P_Sci-Fi Enthusiasts_IT"
12,"3P_Sci-Fi Enthusiasts_UK"
12,"3P_Sci-Fi/Fantasy_Movie_Enthusiasts_CA"
12,"3P_SciFi Enthusiasts_US"
12,"3P_Sedan Owners_US"
12,"3P_Sedan Shoppers_US"
12,"3P_Shaving Category Buyers_DE"
12,"3P_Shaving Category Buyers_ES"
12,"3P_Shaving Category Buyers_FR"
12,"3P_Shaving Category Buyers_IT"
12,"3P_Shaving Category Buyers_UK"
12,"3P_Shaving Razor Buyers_US"
12,"3P_Shipping Services_US"
12,"3P_Shoe Enthusiasts_DE"
12,"3P_Simulation Gamers_FR"
12,"3P_Single_DE"
12,"3P_Single_US"
12,"3P_Skin Care Buyers_US [Do Not Use in 2021]"
12,"3P_Skincare Category Buyers_AU"
12,"3P_Skincare Enthusiasts_ES"
12,"3P_Skincare Products_US"
12,"3P_Sky TV Subscribers_IT"
12,"3P_Sky Users_DE"
12,"3P_Small Business Owner / Entrepreneur_DE"
12,"3P_Small Business Owner / Entrepreneur_ES"
12,"3P_Small Business Owner / Entrepreneur_FR"
12,"3P_Small Business Owner / Entrepreneur_IT"
12,"3P_Small Business Owner / Entrepreneur_UK"
12,"3P_Small Business Owners/Decision Makers_AU"
12,"3P_Small Business Owners/Decision Makers_US"
12,"3P_Small Business Owners_CA"
12,"3P_Small Car Buyers_DE"
12,"3P_Small Car Owners_AU"
12,"3P_Small-Sized_Business_AU"
12,"3P_Smart TV Owners and Buyers_US"
12,"3P_Smartphone Owners_UK"
12,"3P_Smartphone Users_AU"
12,"3P_Smartphone Users_CA"
12,"3P_Smartphone Users_DE"
12,"3P_Smartphone Users_ES"
12,"3P_Smartphone Users_FR"
12,"3P_Smartphone Users_IT"
12,"3P_Smartphone_Intenders_UK"
12,"3P_Smartphones_US"
12,"3P_Snack Bar Purchasers_US [Do Not Use in 2021]"
12,"3P_Snack Food Buyers_US"
12,"3P_Snapple_Drinkers_US"
12,"3P_Sneakerheads_AU"
12,"3P_Sneakerheads_US"
12,"3P_Sneakers Enthusiasts_IT"
12,"3P_Sneakers Enthusiasts_UK"
12,"3P_Soccer Enthusiasts_AU"
12,"3P_Soccer Fans_DE"
12,"3P_Soccer Fans_ES"
12,"3P_Soccer Fans_FR"
12,"3P_Soccer Fans_IT"
12,"3P_Soccer Fans_UK"
12,"3P_Soccer Fans_US"
12,"3P_Social Media Enthusiasts_US"
12,"3P_Socialites/Partiers_AU"
12,"3P_Socialites/Partiers_CA"
12,"3P_Socialites/Partiers_ES"
12,"3P_Socialites/Partiers_FR"
12,"3P_Socialites/Partiers_IT"
12,"3P_Socialites/Partiers_US"
12,"3P_Soft Drink Buyers_US"
12,"3P_Software_Purchasers_US"
12,"3P_Spanish_Language_Film/TV_Watchers_ES"
12,"3P_Spectrum/TWC_Subscribers_US"
12,"3P_Spirits Drinkers_UK"
12,"3P_Sport Apparel & Activewear_AU"
12,"3P_Sports Bars_29April2022_US"
12,"3P_Sports Drink Buyers_US"
12,"3P_SpotifyB2B_ B2B>Size of organisation - 101 to 500 employees"
12,"3P_SpotifyB2B_ Lifestyle>Small Business Owners"
12,"3P_SpotifyB2B_Advertising professionals"
12,"3P_SpotifyB2B_Exelate>Small Business Owners"
12,"3P_SpotifyB2B_eXelate Interest>Business - Medium Business"
12,"3P_SpotifyB2B_eXelate>B2BX - Industry - Advertising"
12,"3P_SpotifyB2B_eXelate>Functional Area - Marketing"
12,"3P_Starbucks Drinkers/Visitors_02August2021_US"
12,"3P_Starbucks Visitors_18Aug2021_US"
12,"3P_Streaming TV Users_FR"
12,"3P_Streaming TV Users_UK"
12,"3P_Students_DE"
12,"3P_Students_ES"
12,"3P_Students_FR"
12,"3P_Students_IT"
12,"3P_Students_UK"
12,"3P_Style Watchers / Fashionistas_BR"
12,"3P_Style Watchers / Fashionistas_CA"
12,"3P_Style Watchers / Fashionistas_ES"
12,"3P_Style Watchers / Fashionistas_FR"
12,"3P_Style Watchers / Fashionistas_IT"
12,"3P_Style Watchers / Fashionistas_MX"
12,"3P_Style Watchers / Fashionistas_US"
12,"3P_Suburbanites_DE"
12,"3P_Suburbanites_US"
12,"3P_Super Hero Movies Enthusiasts_AU"
12,"3P_Super Hero Movies Enthusiasts_DE"
12,"3P_Super Hero Movies Enthusiasts_ES"
12,"3P_Super Hero Movies Enthusiasts_FR"
12,"3P_Super Hero Movies Enthusiasts_IT"
12,"3P_Super Hero Movies Enthusiasts_UK"
12,"3P_Sustainable Living_AU"
12,"3P_Sustainable Living_UK"
12,"3P_Sustainable Shoppers_23Nov2022_US"
12,"3P_Sweet / Confectionery Enthusiasts_DE"
12,"3P_Sweet / Confectionery Enthusiasts_IT"
12,"3P_Sweet / Confectionery Enthusiasts_UK"
12,"3P_TGI_Friday_Competitive_US [Advertiser-specific]"
12,"3P_TV Enthusiasts_DE"
12,"3P_TV Enthusiasts_FR"
12,"3P_TV and Movie Comedy Enthusiasts_ES"
12,"3P_Tablet Users_CA"
12,"3P_Tablet Users_DE"
12,"3P_Tablet Users_ES"
12,"3P_Tablet Users_FR"
12,"3P_Tablet Users_IT"
12,"3P_Tablet Users_UK"
12,"3P_Target or Walmart Shoppers_US"
12,"3P_Tastemakers/Explorers_AU"
12,"3P_Tastemakers/Explorers_BR"
12,"3P_Tastemakers/Explorers_CA"
12,"3P_Tastemakers/Explorers_DE"
12,"3P_Tastemakers/Explorers_ES"
12,"3P_Tastemakers/Explorers_FR"
12,"3P_Tastemakers/Explorers_IT"
12,"3P_Tastemakers/Explorers_MX"
12,"3P_Tastemakers/Explorers_UK"
12,"3P_Tastemakers/Explorers_US"
12,"3P_Tea Drinkers_DE"
12,"3P_Tea Drinkers_US"
12,"3P_Tech Early Adopter_ES"
12,"3P_Tech Early Adopter_FR"
12,"3P_Tech Early Adopter_IT"
12,"3P_Tech Early Adopters_DE"
12,"3P_Tech Early Adopters_UK"
12,"3P_Tech Early Adopters_US"
12,"3P_Tech Enthusiasts_UK"
12,"3P_Tennis Enthusiasts_AU"
12,"3P_Tennis Enthusiasts_FR"
12,"3P_Tennis Enthusiasts_IT"
12,"3P_Tennis Enthusiasts_UK"
12,"3P_Tennis_Enthusiasts_ES"
12,"3P_Tennis_Enthusiasts_US"
12,"3P_Tequila Drinkers_US"
12,"3P_Theatre Enthusiasts_UK"
12,"3P_Thriller Enthusiasts_US"
12,"3P_Thriller Movie Enthusiasts_AU"
12,"3P_Thriller Movie Enthusiasts_ES"
12,"3P_Thriller Movie Enthusiasts_FR"
12,"3P_Thriller Movie Enthusiasts_UK"
12,"3P_Tourists_09Aug2022_US"
12,"3P_Toy Purchasers_US"
12,"3P_Trader_US"
12,"3P_Travelers_CA"
12,"3P_Travelers_DE"
12,"3P_Travelers_FR"
12,"3P_Travelers_IT"
12,"3P_Travelers_IT DO NOT USE"
12,"3P_Travelers_UK"
12,"3P_Travelers_US"
12,"3P_UFC Fans_US"
12,"3P_US Sports Fans_AU"
12,"3P_Urban_Living_US"
12,"3P_Urbanites_DE"
12,"3P_Used Car Buyers_DE"
12,"3P_Used Car Buyers_ES"
12,"3P_Used Car Buyers_FR"
12,"3P_Used Car Buyers_IT"
12,"3P_Used Car Buyers_UK"
12,"3P_Ute/Truck Intenders_AU"
12,"3P_VW Owners / Intenders_FR"
12,"3P_Valentines Day Shoppers_DE"
12,"3P_Valentines Day Shoppers_ES"
12,"3P_Valentines Day Shoppers_FR"
12,"3P_Valentines Day Shoppers_IT"
12,"3P_Valentines Day Shoppers_UK"
12,"3P_Value/Coupon Shoppers_BR"
12,"3P_Value/Coupon Shoppers_MX"
12,"3P_Value/Coupon Shoppers_US"
12,"3P_Van_Owners_ES"
12,"3P_Vegan Diet / Lifestyle_UK"
12,"3P_Video_Gamers_BR"
12,"3P_Vitamin Buyers_US [Do Not Use in 2021]"
12,"3P_Vodka Drinkers_US"
12,"3P_Volkswagen Intenders_ES"
12,"3P_Volvo Buyers_UK"
12,"3P_Volvo Owners_UK"
12,"3P_Volvo_Competitive_Purchasers_CA [Advertiser Specific]"
12,"3P_Wagon Owners_US"
12,"3P_Watch_Buyers_DE"
12,"3P_Watch_Buyers_ES"
12,"3P_Watch_Buyers_FR"
12,"3P_Watch_Buyers_IT"
12,"3P_Watch_Buyers_UK"
12,"3P_Wearables & Smart Watch Buyers Owners and Shoppers_US"
12,"3P_Wellness and Organic Obsessed_US"
12,"3P_Wet Dog Food Buyers_15Feb2022_US"
12,"3P_Whiskey Drinkers_US"
12,"3P_White Collar Workers_AU"
12,"3P_White Wine Drinkers_US"
12,"3P_Wine Purchasers_US"
12,"3P_Wireless Plans_US"
12,"3P_Women's Apparel_BR"
12,"3P_Women's Apparel_CA"
12,"3P_Women's Apparel_FR"
12,"3P_Women's Apparel_US"
12,"3P_Womens Apparel_ES"
12,"3P_Womens Apparel_IT"
12,"3P_Workers in Full-Time Employment_AU"
12,"3P_Workers in Full-Time Employment_DE"
12,"3P_Workers in Full-Time Employment_FR"
12,"3P_Workers in Full-Time Employment_UK"
12,"3P_Workers in Full-Time Employment_US"
12,"3P_Xbox Buyers_AU"
12,"3P_Xbox Buyers_FR"
12,"3P_Xbox Owners_AU"
12,"3P_Xbox_Owners/Purchasers_DE"
12,"3P_Xfinity Subscribers_US"
12,"3P_Yogurt Category Buyers_DE"
12,"3P_Yogurt Category Buyers_ES"
12,"3P_Yogurt Category Buyers_FR"
12,"3P_Yogurt Category Buyers_IT"
12,"3P_Yogurt Category Buyers_UK"
12,"3P_Young Professionals_AU"
12,"3P_Young Professionals_US"
12,"3P__ US Premium - Public > ACXM Demographic > Attitude and Behavior Propensities > Fitness Warriors_09-March-2021_US"
12,"3P__Custom_In Market_New_Make_Kia_05Aug2020_US"
12,"3P__Personal Finance_18-May-2021_US"
12,"3P__Smart Market Audiences - Financial Services - Banks - Chase_18-May-2021_US"
12,"3P__Value Conscious Shoppers_29March2022_US"
12,"3P_draft"
12,"3P_e-Commerce shoppers_US"
12,"3P_eXelate_Custom_Fresh Fruits and Vegetables Buyers_19Feb2020_US"
12,"3P_eXelate_Pizza Hut Visitors_15March2023_US"
12,"3P_eXelate_eXelate Interest - Diet and Fitness - Fitness and Exercise_09-March-2021_WW"
12,"3P_eXelate_eXelate Smart Segments - Moms_09-March-2021 _WW"
12,"3bd2b08f-4bfb-4d2f-ae51-0ad57f498069"
12,"3c064d8c-ba6b-44b2-9175-7af5697dc480"
12,"3e3025f6-3722-4e22-8b37-c7c13a0fd949"
12,"3ee6dd0e-6514-423b-8930-d4e54c7990f5"
12,"3ef2a0cb-5235-45a3-8bbf-cec6bbd111f7"
12,"3p_Anime_Manga_Enthusiast_Es"
12,"3p_Custom_CPG_Canned_Pasta_Microwave_Meals_US [Do Not Use in 2021]"
12,"3p_Custom_Intel Audience Segment_US"
12,"427d03fc-dbd7-4a3f-b6fa-287005cfe460"
12,"473ecafc-3867-4ad5-9180-69aae90fc557"
12,"4bd7a796-1286-4f80-a272-31230ee568ea"
12,"4c57d833-45ad-4592-9708-6359dccec782"
12,"4cbd967a-a4d0-40d9-969e-12885fbe2153"
12,"4e28ec8b-ba5e-433b-821c-da93f6dca55a"
12,"4ed0f581-0a8c-4021-925d-6e8e3933f11a"
12,"4f41474e-ce08-435b-950e-c9ad68be11f9"
12,"504bd9a7-f44d-46db-8e0a-04f33b44a639"
12,"516720fd-2b18-4177-9a9d-6d828cf0afda"
12,"54880ba1-40b4-41f5-970e-cf80a8978034"
12,"561764ca-54da-4da2-b5c9-f2936972be36"
12,"59615d68-e87f-4a7b-ada5-d5ef2ff9939e"
12,"5ae8f2d1-5936-47ad-81d3-8ea86d665917"
12,"5b931046-c5d0-4814-899f-51d774cb954e"
12,"5cabbc13-e8d5-4b41-ae8d-460ad645bb0b"
12,"5cbf0e5d-6d8d-4a78-b6c5-252ba2dd2daa"
12,"5fe3a5b6-508b-49ee-ba8d-4a63266f6416"
12,"6018d181-48b8-4978-94a3-9042b02541ff"
12,"605efd7d-bb2a-45de-8276-6dab2d1f981b"
12,"6716b23a-fbc3-484c-9971-15ad55a61864"
12,"67c58539-0150-44e0-bebf-d4ffc9b2cc60"
12,"67d25600-de07-4f68-ade3-cb4db9dd4447"
12,"69878e31-aa43-4d9f-90fb-51f62f0c4685"
12,"6b3bbb75-a082-43da-a4a6-4e47d6e04387"
12,"6b9b1dc3-b487-4f55-9973-e5d84c8540ce"
12,"6c2f9525-4919-4491-a7cd-a7d05896db87"
12,"6c723f44-a2b7-4872-8163-e1d875a00d55"
12,"6cd0724c-bc49-4303-ad5a-4907cea1929e"
12,"6d53637b-6898-4a7b-8877-5b52cf545e51"
12,"6e9dac43-3f0e-4dc3-9ed6-a498c6a2d118"
12,"71ab5845-71d7-475c-a329-71ef17f50d44"
12,"75473f63-f499-4e20-aa48-feee819ecead"
12,"75a7b313-7068-43d7-8fb3-8dc79c160207"
12,"76161eb8-facb-4120-a618-3a6eb5c01523"
12,"778aec5f-1693-4154-8c0e-4dbf5d85b8c8"
12,"77e16875-c7a7-4d5d-9979-267b77d612c7"
12,"79fda190-c131-4ecf-886f-7f1adf99af1b"
12,"7b0f421f2de54d9fb34b9081b4cf588c"
12,"7b37df46-2895-4d3c-9ad9-3e089db4bdcd"
12,"7c840a15-cac0-4677-aa87-e072da829b09"
12,"7dd7383d-9256-4897-8be4-76ddf49a0f74"
12,"7f64f7fc-2f12-47e2-8fc7-36df2d3e818e"
12,"7f6b8846-0eb5-4a80-9ae6-3f819abef001"
12,"80dec1f9-a562-4093-a099-8791c4ae35e0"
12,"813330fa-d9ed-4e69-90f0-87c1d3d0d08b"
12,"84d14ad2-7f75-4243-90f6-5da875bbf843"
12,"884c7a23-e74b-4d26-9315-33473a4aec08"
12,"89858f3b-d34f-4431-b2f7-5285f4a3ccdc"
12,"8b051ec3-55e1-4935-8bdf-8346d5ba4866"
12,"8fa4e1a8-9b3e-4d14-aac5-a3ddcb76b447"
12,"8fdfdd6c-0652-4706-b818-fc59b2439d02"
12,"90c34e00-e551-4da7-881d-60763b6aeea0"
12,"9144d4e8-0d1e-4129-9ee8-08afe2656fd4"
12,"92b6019d-932f-4ad3-b4b7-433996b31127"
12,"94db8014655c4a429d1ada17eeb0a65b"
12,"9508a922-49ac-49dc-a615-cadacafb1192"
12,"950bd4b3-6e68-4ad2-864b-2e6385f561ec"
12,"981bebbd-7b65-4e95-9fbe-fa1bd3bdd3b6"
12,"9c203e46-706d-4038-9e7a-0dd64141f024"
12,"Adam Test Segment"
12,"Custom Audience_PRINCESS POLLY ONLINE PTY LTD Business"
12,"DONOTUSE_3P_Custom_Bonton, Sears, JCP Shoppers_28Oct2019_US"
12,"Model: Stations_MAU_Pandora Visitors_3rd Party (Neustar)"
12,"Orchestra AntiTargetAudience"
12,"PMR TEST - 3P_Beer Consumers_US"
12,"TEST_CUSTOM_FacialCleaning_US"
12,"Test_3P_Custom_HHI $125K+CAD_21Feb2021_CA"
12,"US_Custom_Pasta Sauce Buyers_3Feb2022_US"
12,"[TEST] 3P_Custom_FX Viewers_US"
12,"[TEST] 3P_Custom_Orbit Shoppers_US"
12,"[TEST] 3P_Custom_Parents of College Students_US"
12,"[TEST] 3P_Custom_Showtime Viewers_US"
12,"[TEST] 3P_Recent College Graduate_US"
12,"[TEST] 3P_Tequila Drinkers_US"
12,"[TEST] 3p_Snack Bar Purchasers_US"
12,"[T] - 3P_HHI_150k+_CA"
12,"[Test] - 3P_ TV_Premium_TV Networks_HBO_US"
12,"[Test] - 3P_Custom_ TV_LL Rom Coms_25March2020"
12,"[Test] - 3P_Custom_BEV-PHEV-Hybrid_Owners_US"
12,"[Test] - 3P_Custom_Capital One_SBO_28Jan2020_US"
12,"[Test] - 3P_Custom_Folgers Purchasers_US"
12,"[Test] - 3P_Custom_HHI $80K+_06Jan2020_CA"
12,"[Test] - 3P_Custom_HHI 150k+_2Feb2020_CA"
12,"[Test] - 3P_Custom_Office Supplies Buyers_16April2020_US"
12,"[Test] - 3P_Custom_Starbucks Grocery Buyers_US"
12,"[Test] - 3P_Custom_TransUnion_Potential First Time Homebuyer_11Dec2019_US"
12,"[Test] - 3P_Custom__Billboard Music Awards Viewers_US"
12,"[Test] - 3P_Custom__CNN_US"
12,"[Test] - 3P_Custom__Competition Show Viewers_US"
12,"[Test] - 3P_Custom__First Person Shooter_17April2020_US"
12,"[Test] - 3P_Custom__MSNBC Viewers_US"
12,"[Test] - 3P_Luxury Holiday Shopper_US"
12,"[Test] - 3P_Theme Park Goers_US"
12,"[Test] - 3P__Custom_Exxon_Luxury Auto_Priority Markets_05Feb2020_US"
12,"a1c56d9b-8e65-4591-962c-dcd8b5153edf"
12,"a4416b9e-a0f2-470f-a806-9e061997db11"
12,"a4f1eae3-1e2e-4e41-a2f3-cc04574f269e"
12,"a56267d0-8b1e-441e-ab44-d62555be9a12"
12,"a6923924-de67-44d1-a448-11025b7dccfb"
12,"a81ac3c6-dfeb-4f14-b863-4caca0f85307"
12,"a8648486-c1c9-4392-957f-008029fb3e32"
12,"a891738d75054848a08d1fd10d3af08e"
12,"aa33c143-b58c-4624-917a-61c375070a61"
12,"ac4a6101-7544-4142-afa7-f35244e836ee"
12,"ace75cb2-2111-4c3d-972c-370fb9042830"
12,"ae9b4609-f286-4955-b55b-97d5a8f35cb1"
12,"b068fd9b-b241-40af-997e-99add5359d7f"
12,"b14ccb20-cf9b-419c-a1f0-ebba6ca6e18c"
12,"b18fbec0-278f-4fd7-af33-228eee17e6a4"
12,"b1e267e0-e4a3-4e76-84c7-f59ee3c57de4"
12,"b29d07a3-cd17-407b-95be-282cb6236d42"
12,"b5464487-86ec-40e1-abee-228cbad20540"
12,"b5bf6843-ccc7-45e5-95f1-c2b71cdf1bfd"
12,"b61aeb55-c4df-46e1-9ea4-c0f2a86ca589"
12,"b6b6af41-3487-4502-bad4-017f86a9aa6d"
12,"b7ccf08c-91aa-48dc-ac7e-c363ecea48f0"
12,"b9552fb3-eeb9-4efd-979f-03d6ea67e7ed"
12,"bbf843b6-a781-45ec-9dbc-9bbe4cb4a9d4"
12,"bd9c4eb7-ee8c-4274-8b8e-27ddbac8fb91"
12,"be6bed3d-cde1-41a1-86b6-b5b1073eac4b"
12,"bfa1a545-c77d-4888-9409-3104e6ac0144"
12,"c0025ef9-e1fc-4659-95c8-be0d66edf2c2"
12,"c0b5d5e9-460e-4535-9b3d-4a95d069d596"
12,"c467e5e7-f5c2-4063-b9b6-ea22a295d740"
12,"c9c9acbf-50c5-46dc-8a1f-d4eb9e0e2f07"
12,"ca2e63b4-a66c-4b47-a6ce-73e327851d49"
12,"ca654dbe-c5d2-48cc-8cde-dbfbf63e690f"
12,"ca92cb01-a8c9-4541-8cf9-bb3b94bd6212"
12,"cb07906a-4432-467d-9805-6af7328872a5"
12,"content_audiobooks"
12,"content_audiobooks_biography-and-memoir"
12,"content_audiobooks_business-and-careers"
12,"content_audiobooks_comedy-and-humor"
12,"content_audiobooks_fiction-and-literature"
12,"content_audiobooks_history"
12,"content_audiobooks_lgbtq"
12,"content_audiobooks_nonfiction"
12,"content_audiobooks_parenting-and-relationships"
12,"content_audiobooks_religion-and-spirituality"
12,"content_audiobooks_teen-and-young-adult"
12,"content_music"
12,"content_music_folk/americana"
12,"content_music_pop"
12,"content_podcasts"
12,"content_podcasts_business-and-technology"
12,"content_podcasts_comedy"
12,"content_podcasts_infotainment"
12,"content_podcasts_lifestyle-and-health"
12,"content_podcasts_relaxation-and-sleep"
12,"content_podcasts_society-and-culture"
12,"d0115a84-07dc-4c8e-8681-b14b46df0502"
12,"d104b7b4-dc5f-4b65-895c-fea2fcc4f4b7"
12,"d166837a-6f85-44d3-bc70-7e4308724691"
12,"d4321a36-fbee-4f13-97d9-83ae1a4d4d8a"
12,"d56ee1bf-1f0b-40f9-9a80-939d69d1b293"
12,"d67fcbfc-fa46-4f50-9da3-c8ab9df43ae7"
12,"d8e51d8e-6f9b-4ee1-a521-1d3a053190c4"
12,"dbbfde80-3c9b-475f-84ea-fcd0aaa6f44f"
12,"dc13a274-d82e-403d-8d4f-2c4ba298ea6b"
12,"dd395c79-36c1-4681-8854-df44d8202e78"
12,"de473ca8-0882-4145-b7b0-2fe0f7e6f167"
12,"decf38c4-b47e-4b03-8ea2-954f76f7935b"
12,"demographic_age_21-24"
12,"demographic_driver"
12,"demographic_female"
12,"e02ab5f840784392961f388f0828538c"
12,"e3ec4738-274d-45aa-b765-db5f7c976d7d"
12,"e5b35bf0-524b-4b4b-8423-463ead911b25"
12,"e5d6aa0e-d48a-4558-a588-1c43d07e33d3"
12,"e613a618-af6d-42ee-aff1-057aa597219c"
12,"e6823423-c750-4f38-b7d9-131a665914d2"
12,"e697d322-4d13-4c37-8bf1-f684031d7a20"
12,"e6f5b212-3e8f-4d79-854d-39753b2ff483"
12,"e81b86e8-05fa-4610-8dee-22b836af8be0"
12,"e8d54fd4-7b45-4874-9432-a68ac2141f34"
12,"e95f32b4-b68b-4a05-83a0-fe7bc2cf88ce"
12,"e98c9e61-42d8-4bf7-9078-06b9bf632117"
12,"e9bb59f8-7197-49b1-9de1-f02d6e89ef2e"
12,"ebbe8843-1dd5-4790-b864-33bb0a0b2cde"
12,"ec910226-1109-4993-aeb2-006891f4035b"
12,"ee472d3f-d24f-4201-9a15-6757c607570f"
12,"f3d6114c-73d9-499b-8827-9ff0fb5d351d"
12,"f770376f-ffab-46d7-86de-a3f1129d52bd"
12,"f8219dd5-ff91-44a6-a34c-b4e03828d525"
12,"f8561b7a-cc53-4cc3-bdda-9d7b2c2bd5d1"
12,"f8597c03-bccc-4557-a11b-d1d3076b5e0e"
12,"f9cabe4e-1212-4ce4-90aa-476b56a40be6"
12,"fb3a8d0c-7c74-40ed-a432-77504e44c476"
12,"fc3a28bb-8183-4d4d-b5c3-060d9ea964ac"
12,"fdc175a5-8fe7-450f-a02a-c0dd8e702c91"
12,"impressions-order-2827768693"
12,"interest_academic-interests"
12,"interest_academic-interests_arts-and-humanities"
12,"interest_academic-interests_arts-and-humanities_counseling"
12,"interest_academic-interests_arts-and-humanities_history"
12,"interest_academic-interests_life-sciences"
12,"interest_academic-interests_physical-science-and-engineering"
12,"interest_academic-interests_social-sciences"
12,"interest_academic-interests_social-sciences_critical-thinking"
12,"interest_academic-interests_social-sciences_education"
12,"interest_academic-interests_social-sciences_psychology"
12,"interest_automotive"
12,"interest_books-and-literature"
12,"interest_books-and-literature_childrens-literature"
12,"interest_business-and-finance"
12,"interest_business-and-finance_business"
12,"interest_business-and-finance_business_consumer-issues"
12,"interest_business-and-finance_economy"
12,"interest_business-and-finance_economy_housing-market"
12,"interest_business-and-finance_industries"
12,"interest_business-and-finance_industries_education-industry"
12,"interest_business-and-finance_industries_entertainment-industry"
12,"interest_careers"
12,"interest_careers_career-planning"
12,"interest_education"
12,"interest_education_adult-education"
12,"interest_education_language-learning"
12,"interest_education_online-education"
12,"interest_events-and-attractions"
12,"interest_events-and-attractions_personal-celebrations-and-life-events"
12,"interest_family-and-relationships"
12,"interest_family-and-relationships_dating"
12,"interest_family-and-relationships_parenting"
12,"interest_family-and-relationships_parenting_daycare-and-pre-school"
12,"interest_family-and-relationships_parenting_internet-safety"
12,"interest_family-and-relationships_parenting_parenting-babies-and-toddlers"
12,"interest_family-and-relationships_parenting_parenting-children-aged-4-11"
12,"interest_family-and-relationships_parenting_parenting-teens"
12,"interest_fine-art"
12,"interest_fine-art_dance"
12,"interest_food-and-drink"
12,"interest_health-and-medical-services"
12,"interest_health-and-medical-services_health-and-pharma"
12,"interest_health-and-medical-services_health-and-pharma_medical-services"
12,"interest_healthy-living"
12,"interest_healthy-living_childrens-health"
12,"interest_healthy-living_fitness-and-exercise"
12,"interest_healthy-living_fitness-and-exercise_participant-sports"
12,"interest_healthy-living_wellness"
12,"interest_healthy-living_wellness_alternative-medicine"
12,"interest_healthy-living_yoga"
12,"interest_hobbies-and-interests"
12,"interest_hobbies-and-interests_arts-and-crafts"
12,"interest_hobbies-and-interests_workshops-and-classes"
12,"interest_home-and-garden"
12,"interest_home-and-garden_gardening"
12,"interest_home-and-garden_home-entertaining"
12,"interest_home-and-garden_home-improvement"
12,"interest_home-and-garden_interior-decorating"
12,"interest_home-and-garden_landscaping"
12,"interest_home-and-garden_outdoor-decorating"
12,"interest_home-and-garden_remodeling-and-construction"
12,"interest_home-and-garden_smart-home"
12,"interest_medical-health"
12,"interest_movies"
12,"interest_movies_animation-movies"
12,"interest_movies_comedy-movies"
12,"interest_movies_family-and-children-movies"
12,"interest_music-and-audio_comedy-music-and-audio"
12,"interest_music_2000s"
12,"interest_music_autumn"
12,"interest_music_blues"
12,"interest_music_chill"
12,"interest_music_country"
12,"interest_music_holiday"
12,"interest_music_summer"
12,"interest_news-and-politics"
12,"interest_news-and-politics_international-news"
12,"interest_news-and-politics_politics"
12,"interest_news-and-politics_politics_political-issues"
12,"interest_news-and-politics_politics_war-and-conflicts"
12,"interest_personal-finance"
12,"interest_pop-culture"
12,"interest_pop-culture_humor-and-satire"
12,"interest_real-estate"
12,"interest_real-estate_land-and-farms"
12,"interest_shopping"
12,"interest_social-gatherings_getting-ready"
12,"interest_social-gatherings_holidays"
12,"interest_sports"
12,"interest_sports_olympic-sports_summer-olympic-sports"
12,"interest_sports_swimming"
12,"interest_style-and-fashion"
12,"interest_style-and-fashion_childrens-clothing"
12,"interest_technology-and-computing"
12,"interest_technology-and-computing_artificial-intelligence"
12,"interest_technology-and-computing_augmented-reality"
12,"interest_technology-and-computing_computing"
12,"interest_technology-and-computing_computing_cloud-computing"
12,"interest_technology-and-computing_computing_email"
12,"interest_technology-and-computing_computing_internet"
12,"interest_technology-and-computing_computing_internet-for-beginners"
12,"interest_technology-and-computing_computing_it-and-internet-support"
12,"interest_technology-and-computing_computing_programming-languages"
12,"interest_technology-and-computing_computing_search"
12,"interest_technology-and-computing_computing_social-networking"
12,"interest_technology-and-computing_computing_web-design-and-html"
12,"interest_technology-and-computing_computing_web-development"
12,"interest_technology-and-computing_computing_web-hosting"
12,"interest_technology-and-computing_consumer-electronics"
12,"interest_technology-and-computing_robotics"
12,"interest_technology-and-computing_virtual-reality"
12,"interest_television"
12,"interest_television_animation-tv"
12,"interest_television_childrens-tv"
12,"interest_television_comedy-tv"
12,"interest_television_holiday-tv"
12,"interest_travel"
12,"interest_travel_beach-travel"
12,"interest_travel_camping"
12,"interest_video-gaming"
12,"interest_video-gaming_video-game-genres_educational-video-games"
14,"00b8f7ad-d91b-4ff5-acbb-b1d5bbdc0104"
14,"017e1c18-e640-48e2-b4de-3fc7861f316f"
14,"0329338c-15cc-4838-a476-101c2617621f"
14,"03ded614-6485-44c7-9a41-a531117f69e8"
14,"0443b7a8-1f9c-4497-ae2e-fe74742c2b19"
14,"04d88b433d014d9dbccbb2d8fd4b3277"
14,"0688251c-aea5-4c7a-8ecc-3ea46eac32b2"
14,"06efeccc8f554fd2b0662db88d344343"
14,"081cf8c010754e19b008135cbeaa6538"
14,"0f88634a-95fd-4f86-808e-2507101c672a"
14,"1025da9a-c31d-4a3b-843d-2ec14a1f2ec6"
14,"105afef0-903a-43b7-9c50-7ede3810e23f"
14,"11973e9a-4b2b-448c-ac86-c5c52b4ac28c"
14,"13849e89-7dea-4e6c-88b3-8eb33d12fc6e"
14,"147c17a7-a2f0-4a4b-8660-a44a7a1ff948"
14,"15c72004-05bf-4fd8-8250-ab312f09c14d"
14,"1626ff8a-1b58-4241-bfe7-ef0f005ec67c"
14,"16551913-ccce-46f4-92fa-b629b254356a"
14,"17cd9706-3f29-4c5e-97b9-fe2c37ce74fe"
14,"180da816-de87-41d9-bc03-fa808e74d547"
14,"1P_Custom_Algorithmic_Playlist_Listeners"
14,"1P_Custom_Apple_Airpods_Streamers [Advertiser-Restricted]"
14,"1P_Custom_Apple_Loyalists [Advertiser-Restricted]"
14,"1P_Custom_Apple_Super_Fans [Advertiser-Restricted]"
14,"1P_Custom_Apple_Wearables_Users [Advertiser-Restricted]"
14,"1P_Custom_Apple_iPad_Streamers [Advertiser-Restricted]"
14,"1P_Custom_Auto_Honda [Advertiser-Specific]"
14,"1P_Custom_Auto_Standard_Car_Streamers"
14,"1P_Custom_Canadian_Artist_Listeners"
14,"1P_Custom_Car_Mode_Streamers"
14,"1P_Custom_Content_Affinity_LatinX"
14,"1P_Custom_Device_Laggards_ios_Mobile"
14,"1P_Custom_English_Language_Content_Listeners"
14,"1P_Custom_Holiday_Playlist_Streamers"
14,"1P_Custom_In_Car_Streamers"
14,"1P_Custom_Made_For_You_Power_Playlist_Streamers"
14,"1P_Custom_New_Music_Listeners"
14,"1P_Custom_Personal_Wellness"
14,"1P_Custom_Philippines_20Kto50K_Device_Listeners"
14,"1P_Custom_Romance_Playlist_Listeners"
14,"1P_Custom_Smart_Technology_Streamers"
14,"1P_Custom_Soccer_Playlist_Streamers"
14,"1P_Custom_Sony_Headphones_Users [Advertiser-Restricted]"
14,"1P_Custom_Summer_Moment_Listeners"
14,"1P_Custom_Wireless_Headphone_Users"
14,"1P_Custom_Workout_Moment_Listeners"
14,"1P_Custom_Wrapped_Eligible"
14,"1P_Custom_iOS_Mobile_Streamers [Advertiser-Restricted]"
14,"1P_Custom_iPhone_15_Users [Advertiser-Restricted]"
14,"1abf8bf5-b696-41e0-b439-f3244c2712cf"
14,"1c1d7dd0-8c18-4fe4-a7c8-ffd217d21e37"
14,"1e852355-0a12-4b6a-93ff-11e5cc5e6143"
14,"20cd3541703343fc9efda033d3457031"
14,"2374fa41-f053-4ff0-a1f5-3472d8fb5a88"
14,"2701fe59-b580-4496-a09e-942c861cb57b"
14,"2703f585-f259-4228-9bed-128b55392ab3"
14,"2a9cbff5-5dfa-40d1-b05c-d1a7ad3c7db5"
14,"2b0865f5-7f2d-4946-8b11-a3cd855f74e4"
14,"2b0ed6a5-3e14-46ff-b547-853e65f06ac0"
14,"2f2b2dac-f3cb-4aad-8c7e-fa660f1a1bfd"
14,"2fea6cb2-3a03-4d09-8ba3-86c4299e7754"
14,"32ad8ae6-d726-41ef-828d-0c01e5cc8ec0"
14,"34230cd4-828e-4620-9be4-5773dd7bbf8f"
14,"352a8737-d358-4915-b49b-366450f7e589"
14,"3612089b-1230-4479-ba73-d7620baf7ad6"
14,"370468a9-2c16-4da8-b5e4-bf8c42e7c952"
14,"37d7f53c-ca5c-4eea-98c7-dc86538cef07"
14,"37f15050-3e9f-44a9-9fd2-c343defbfb18"
14,"3969d472-9e7e-474e-8d85-3916444a8034"
14,"39b584607a5a4c8b86499ec73808fe12"
14,"3bd2b08f-4bfb-4d2f-ae51-0ad57f498069"
14,"3c064d8c-ba6b-44b2-9175-7af5697dc480"
14,"3e3025f6-3722-4e22-8b37-c7c13a0fd949"
14,"3ef2a0cb-5235-45a3-8bbf-cec6bbd111f7"
14,"427d03fc-dbd7-4a3f-b6fa-287005cfe460"
14,"45401e04-fdc2-4dfa-a68e-2699c0840115"
14,"482b52f6-8c2a-4801-a7a0-7b5f55e85fef"
14,"4bd7a796-1286-4f80-a272-31230ee568ea"
14,"4c57d833-45ad-4592-9708-6359dccec782"
14,"4e28ec8b-ba5e-433b-821c-da93f6dca55a"
14,"4ed0f581-0a8c-4021-925d-6e8e3933f11a"
14,"4f41474e-ce08-435b-950e-c9ad68be11f9"
14,"504bd9a7-f44d-46db-8e0a-04f33b44a639"
14,"5051684d-2ad6-4913-93ac-a2a661c088b6"
14,"516720fd-2b18-4177-9a9d-6d828cf0afda"
14,"5265bb41-0ffe-49c8-ba6d-5c75d0e25f1d"
14,"54880ba1-40b4-41f5-970e-cf80a8978034"
14,"579ce1384b474b0d8f7b037887901ca9"
14,"5b931046-c5d0-4814-899f-51d774cb954e"
14,"6018d181-48b8-4978-94a3-9042b02541ff"
14,"605efd7d-bb2a-45de-8276-6dab2d1f981b"
14,"67b100b5-42cc-4718-a3b8-99710334c2f5"
14,"67c58539-0150-44e0-bebf-d4ffc9b2cc60"
14,"67d25600-de07-4f68-ade3-cb4db9dd4447"
14,"68ad475c-b939-4d16-891f-7dd22c1cf01a"
14,"6987d53c-a655-4acd-8705-7d0398f686b8"
14,"6b3bbb75-a082-43da-a4a6-4e47d6e04387"
14,"6b9b1dc3-b487-4f55-9973-e5d84c8540ce"
14,"6c2f9525-4919-4491-a7cd-a7d05896db87"
14,"6c723f44-a2b7-4872-8163-e1d875a00d55"
14,"6cd0724c-bc49-4303-ad5a-4907cea1929e"
14,"6e04289a-5d70-48f2-b00e-5b6e151b5f44"
14,"6e9dac43-3f0e-4dc3-9ed6-a498c6a2d118"
14,"71ab5845-71d7-475c-a329-71ef17f50d44"
14,"7471d1a5-ebfb-4c90-a854-e6d567c90c9e"
14,"74979bb2-543b-438a-94d6-53a1b7fbafb9"
14,"75a7b313-7068-43d7-8fb3-8dc79c160207"
14,"76905aed-bcb1-44de-849e-5478b126e6f3"
14,"778aec5f-1693-4154-8c0e-4dbf5d85b8c8"
14,"77ca38e3-e65d-4357-93c1-10eb4ccde609"
14,"77e16875-c7a7-4d5d-9979-267b77d612c7"
14,"7b37df46-2895-4d3c-9ad9-3e089db4bdcd"
14,"7c840a15-cac0-4677-aa87-e072da829b09"
14,"7f71eb3f-b0c9-4ba6-b8de-81b77d7fedaa"
14,"80dec1f9-a562-4093-a099-8791c4ae35e0"
14,"813330fa-d9ed-4e69-90f0-87c1d3d0d08b"
14,"84d14ad2-7f75-4243-90f6-5da875bbf843"
14,"89858f3b-d34f-4431-b2f7-5285f4a3ccdc"
14,"8b051ec3-55e1-4935-8bdf-8346d5ba4866"
14,"8f288b0a-8695-467d-a7f0-4619e29539d2"
14,"8fdfdd6c-0652-4706-b818-fc59b2439d02"
14,"90c34e00-e551-4da7-881d-60763b6aeea0"
14,"9508a922-49ac-49dc-a615-cadacafb1192"
14,"981bebbd-7b65-4e95-9fbe-fa1bd3bdd3b6"
14,"9e291b99-3277-4a0d-9486-a16905b8fe3c"
14,"Orchestra AntiTargetAudience"
14,"a1c56d9b-8e65-4591-962c-dcd8b5153edf"
14,"a56267d0-8b1e-441e-ab44-d62555be9a12"
14,"a6923924-de67-44d1-a448-11025b7dccfb"
14,"aa33c143-b58c-4624-917a-61c375070a61"
14,"ac38b69c8e4640619ca5a2afe3a7a0e2"
14,"ac5c7114-c2f8-479b-a5b7-d2d9653e0f12"
14,"ace75cb2-2111-4c3d-972c-370fb9042830"
14,"acee5d47-9592-4952-9e7e-34cd5848fe1c"
14,"ae9b4609-f286-4955-b55b-97d5a8f35cb1"
14,"b068fd9b-b241-40af-997e-99add5359d7f"
14,"b14ccb20-cf9b-419c-a1f0-ebba6ca6e18c"
14,"b18fbec0-278f-4fd7-af33-228eee17e6a4"
14,"b29d07a3-cd17-407b-95be-282cb6236d42"
14,"b4888572-6c5b-4dbb-aeb0-a856288741f5"
14,"b61aeb55-c4df-46e1-9ea4-c0f2a86ca589"
14,"b63ed455-edbc-4c82-b354-f83c181ebd4f"
14,"b7ccf08c-91aa-48dc-ac7e-c363ecea48f0"
14,"b91855ac-8c6a-4b74-be63-510b73690c89"
14,"b9552fb3-eeb9-4efd-979f-03d6ea67e7ed"
14,"bd9c4eb7-ee8c-4274-8b8e-27ddbac8fb91"
14,"bfe83c89-0955-4a7a-b0ae-46184efe905f"
14,"c0025ef9-e1fc-4659-95c8-be0d66edf2c2"
14,"c0b5d5e9-460e-4535-9b3d-4a95d069d596"
14,"c0c05927-9920-4642-aa0f-dd6d7e6229d8"
14,"c467e5e7-f5c2-4063-b9b6-ea22a295d740"
14,"c9c9acbf-50c5-46dc-8a1f-d4eb9e0e2f07"
14,"ca2e63b4-a66c-4b47-a6ce-73e327851d49"
14,"ca654dbe-c5d2-48cc-8cde-dbfbf63e690f"
14,"ca92cb01-a8c9-4541-8cf9-bb3b94bd6212"
14,"cb0a6111-58dc-42e7-96c7-05adb7e81c2a"
14,"content_audiobooks"
14,"content_audiobooks_nonfiction"
14,"content_music"
14,"content_music_hip hop"
14,"content_music_latin"
14,"content_music_pop"
14,"content_music_r&b"
14,"content_podcasts"
14,"content_podcasts_arts-and-entertainment"
14,"content_podcasts_lifestyle-and-health"
14,"d104b7b4-dc5f-4b65-895c-fea2fcc4f4b7"
14,"d166837a-6f85-44d3-bc70-7e4308724691"
14,"d67fcbfc-fa46-4f50-9da3-c8ab9df43ae7"
14,"da2285bf-5418-457b-ba2a-b472fd575b73"
14,"dc13a274-d82e-403d-8d4f-2c4ba298ea6b"
14,"dd395c79-36c1-4681-8854-df44d8202e78"
14,"de473ca8-0882-4145-b7b0-2fe0f7e6f167"
14,"demographic_age_25-29"
14,"demographic_driver"
14,"demographic_female"
14,"e3ec4738-274d-45aa-b765-db5f7c976d7d"
14,"e5d6aa0e-d48a-4558-a588-1c43d07e33d3"
14,"e613a618-af6d-42ee-aff1-057aa597219c"
14,"e6823423-c750-4f38-b7d9-131a665914d2"
14,"e697d322-4d13-4c37-8bf1-f684031d7a20"
14,"e6f5b212-3e8f-4d79-854d-39753b2ff483"
14,"e81b86e8-05fa-4610-8dee-22b836af8be0"
14,"e8d54fd4-7b45-4874-9432-a68ac2141f34"
14,"e95f32b4-b68b-4a05-83a0-fe7bc2cf88ce"
14,"e9bb59f8-7197-49b1-9de1-f02d6e89ef2e"
14,"ebbe8843-1dd5-4790-b864-33bb0a0b2cde"
14,"ee472d3f-d24f-4201-9a15-6757c607570f"
14,"f166682146744f129a65530eb8130609"
14,"f770376f-ffab-46d7-86de-a3f1129d52bd"
14,"f77273d2-a3e5-41b1-858f-7f15c4b2e423"
14,"f8219dd5-ff91-44a6-a34c-b4e03828d525"
14,"f8597c03-bccc-4557-a11b-d1d3076b5e0e"
14,"f9cabe4e-1212-4ce4-90aa-476b56a40be6"
14,"fb3a8d0c-7c74-40ed-a432-77504e44c476"
14,"fc3a28bb-8183-4d4d-b5c3-060d9ea964ac"
14,"fdc175a5-8fe7-450f-a02a-c0dd8e702c91"
14,"ff6d9812-80ec-474a-91c1-8986dbcd7612"
14,"impressions-line_item-6796938432"
14,"impressions-line_item-6796938675"
14,"impressions-order-2874104348"
14,"impressions-order-3004771130"
14,"impressions-order-3014967529"
14,"impressions-order-3037149029"
14,"impressions-order-3090775332"
14,"impressions-order-3127233721"
14,"impressions-order-3129918471"
14,"impressions-order-3148044402"
14,"impressions-order-3170494684"
14,"impressions-order-3283143240"
14,"impressions-order-3311476996"
14,"impressions-order-3342388204"
14,"impressions-order-3546265363"
14,"impressions-order-3547538558"
14,"impressions-order-3597232250"
14,"impressions-order-3831930609"
14,"interest_academic-interests"
14,"interest_academic-interests_arts-and-humanities"
14,"interest_academic-interests_language-learning"
14,"interest_academic-interests_social-sciences"
14,"interest_academic-interests_social-sciences_psychology"
14,"interest_books-and-literature"
14,"interest_business-and-finance"
14,"interest_business-and-finance_business"
14,"interest_events-and-attractions"
14,"interest_family-and-relationships"
14,"interest_family-and-relationships_dating"
14,"interest_fine-art"
14,"interest_fine-art_dance"
14,"interest_fine-art_opera"
14,"interest_fine-art_theater"
14,"interest_food-and-drink"
14,"interest_health-and-medical-services"
14,"interest_health-and-medical-services_health-and-pharma"
14,"interest_health-and-medical-services_health-and-pharma_medical-services"
14,"interest_healthy-living"
14,"interest_healthy-living_fitness-and-exercise"
14,"interest_healthy-living_wellness"
14,"interest_healthy-living_yoga"
14,"interest_hobbies-and-interests"
14,"interest_hobbies-and-interests_arts-and-crafts"
14,"interest_home-and-garden"
14,"interest_home-and-garden_gardening"
14,"interest_home-and-garden_outdoor-decorating"
14,"interest_movies"
14,"interest_movies_romance-movies"
14,"interest_music-and-audio_comedy-music-and-audio"
14,"interest_music_autumn"
14,"interest_music_chill"
14,"interest_music_edm"
14,"interest_music_emo"
14,"interest_music_latin"
14,"interest_music_oldies"
14,"interest_music_reggaeton"
14,"interest_music_winter"
14,"interest_news-and-politics"
14,"interest_personal-finance"
14,"interest_pop-culture"
14,"interest_social-gatherings_getting-ready"
14,"interest_style-and-fashion"
14,"interest_technology-and-computing"
14,"interest_travel"
14,"interest_travel_camping"
14,"interest_video-gaming"
14,"interest_video-gaming_video-game-genres"
15,"89858f3b-d34f-4431-b2f7-5285f4a3ccdc"
15,"884c7a23-e74b-4d26-9315-33473a4aec08"
15,"2a9cbff5-5dfa-40d1-b05c-d1a7ad3c7db5"
15,"9e291b99-3277-4a0d-9486-a16905b8fe3c"
15,"f8597c03-bccc-4557-a11b-d1d3076b5e0e"
15,"f770376f-ffab-46d7-86de-a3f1129d52bd"
15,"b7ccf08c-91aa-48dc-ac7e-c363ecea48f0"
15,"1P_Custom_Content_Affinity_Frequency"
15,"1P_Custom_Car_Mode_Streamers"
15,"7f64f7fc-2f12-47e2-8fc7-36df2d3e818e"
15,"interest_travel"
15,"interest_music_sleep"
15,"interest_home-and-garden_gardening"
15,"interest_technology-and-computing"
15,"6716b23a-fbc3-484c-9971-15ad55a61864"
15,"interest_hobbies-and-interests_musical-instruments"
15,"interest_social-gatherings_holidays"
15,"1P_Custom_Romance_Playlist_Listeners"
15,"ca92cb01-a8c9-4541-8cf9-bb3b94bd6212"
15,"42992ca5b8d3489799b70a89f7536112"
15,"f3d6114c-73d9-499b-8827-9ff0fb5d351d"
15,"ebbe8843-1dd5-4790-b864-33bb0a0b2cde"
15,"605efd7d-bb2a-45de-8276-6dab2d1f981b"
15,"1P_Custom_Connected_Speaker_Streamers"
15,"473ecafc-3867-4ad5-9180-69aae90fc557"
15,"e3ec4738-274d-45aa-b765-db5f7c976d7d"
15,"778aec5f-1693-4154-8c0e-4dbf5d85b8c8"
15,"interest_healthy-living_senior-health"
15,"interest_business-and-finance_business"
15,"4e28ec8b-ba5e-433b-821c-da93f6dca55a"
15,"1P_Custom_Running_Playlist_Listeners"
15,"a1c56d9b-8e65-4591-962c-dcd8b5153edf"
15,"interest_family-and-relationships"
15,"1P_Custom_Confidence_Productivity_Motivation_Listeners"
15,"1P_Custom_Broadway_Soundtrack_Streamers"
15,"6dcfe7bd-3e7c-4126-8547-5584f1268a76"
15,"interest_healthy-living_wellness"
15,"e5d6aa0e-d48a-4558-a588-1c43d07e33d3"
15,"1P_Custom_Apple_Airpods_Streamers [Advertiser-Restricted]"
15,"981bebbd-7b65-4e95-9fbe-fa1bd3bdd3b6"
15,"17cd9706-3f29-4c5e-97b9-fe2c37ce74fe"
15,"0443b7a8-1f9c-4497-ae2e-fe74742c2b19"
15,"demographic_driver"
15,"75a7b313-7068-43d7-8fb3-8dc79c160207"
15,"25481e24-1bdd-494c-b2c9-bf6fa49d08da"
15,"c467e5e7-f5c2-4063-b9b6-ea22a295d740"
15,"interest_movies_comedy-movies"
15,"ff6d9812-80ec-474a-91c1-8986dbcd7612"
15,"1add871f-9961-44e6-a931-f974c8ad9b1f"
15,"1P_Custom_In_Car_Streamers"
15,"content_audiobooks_religion-and-spirituality"
15,"84d14ad2-7f75-4243-90f6-5da875bbf843"
15,"1P_Custom_SamsungTV_Lapsed_Users [Advertiser-Restricted]"
15,"15c72004-05bf-4fd8-8250-ab312f09c14d"
15,"interest_business-and-finance_industries"
15,"d166837a-6f85-44d3-bc70-7e4308724691"
15,"interest_events-and-attractions_personal-celebrations-and-life-events"
15,"105afef0-903a-43b7-9c50-7ede3810e23f"
15,"interest_hobbies-and-interests"
15,"6b3bbb75-a082-43da-a4a6-4e47d6e04387"
15,"1P_Custom_English_Language_Content_Listeners"
15,"00eaa841-4a6a-4ff2-be64-831004e1663b"
15,"content_audiobooks_parenting-and-relationships"
15,"interest_news-and-politics"
15,"813330fa-d9ed-4e69-90f0-87c1d3d0d08b"
15,"interest_travel_road-trips"
15,"content_audiobooks_business-and-careers"
15,"interest_healthy-living_fitness-and-exercise"
15,"1P_Custom_Canadian_Artist_Listeners"
15,"interest_healthy-living_fitness-and-exercise_running-and-jogging"
15,"b9552fb3-eeb9-4efd-979f-03d6ea67e7ed"
15,"ca2e63b4-a66c-4b47-a6ce-73e327851d49"
15,"demographic_male"
15,"interest_hobbies-and-interests_content-production"
15,"238ddd70-916b-42dd-b5e5-281a43801a0d"
15,"1P_Custom_Workout_Moment_Listeners"
15,"interest_sports"
15,"interest_books-and-literature"
15,"1025da9a-c31d-4a3b-843d-2ec14a1f2ec6"
15,"1P_Custom_Formula_1_Content_Streamers"
15,"427d03fc-dbd7-4a3f-b6fa-287005cfe460"
15,"content_podcasts"
15,"b0098ff9-d155-4949-b7a7-fc42db5cc1b5"
15,"350c9eb5-c205-4665-9a64-f9f95817260a"
15,"interest_food-and-drink"
15,"interest_television"
15,"interest_television_holiday-tv"
15,"de473ca8-0882-4145-b7b0-2fe0f7e6f167"
15,"20cd3541703343fc9efda033d3457031"
15,"2b0ed6a5-3e14-46ff-b547-853e65f06ac0"
15,"interest_home-and-garden"
15,"58dd6f6e-5965-4498-85b2-d234423c0f26"
15,"dd395c79-36c1-4681-8854-df44d8202e78"
15,"3ee6dd0e-6514-423b-8930-d4e54c7990f5"
15,"1P_Custom_International_Travelers"
15,"content_music_reggae"
15,"32ad8ae6-d726-41ef-828d-0c01e5cc8ec0"
15,"a9a8de8c-f26d-4b74-bc0c-7b0f6ae9affb"
15,"2703f585-f259-4228-9bed-128b55392ab3"
15,"37d7f53c-ca5c-4eea-98c7-dc86538cef07"
15,"352a8737-d358-4915-b49b-366450f7e589"
15,"interest_business-and-finance_industries_media-industry"
15,"bbf843b6-a781-45ec-9dbc-9bbe4cb4a9d4"
15,"ff9a856c871a48a7a852d509410b9f5e"
15,"content_audiobooks"
15,"1P_Custom_Algorithmic_Playlist_Listeners"
15,"interest_events-and-attractions"
15,"32b8a213-8dfc-498c-b280-fcc2ef3586ff"
15,"71ab5845-71d7-475c-a329-71ef17f50d44"
15,"d4321a36-fbee-4f13-97d9-83ae1a4d4d8a"
15,"interest_movies"
15,"interest_business-and-finance_industries_entertainment-industry"
15,"ae9b4609-f286-4955-b55b-97d5a8f35cb1"
15,"1P_Custom_Podcast_Category_Food_Cooking"
15,"9aff0fce-3bed-4b41-8b8c-abd02e24265a"
15,"516720fd-2b18-4177-9a9d-6d828cf0afda"
15,"2fea6cb2-3a03-4d09-8ba3-86c4299e7754"
15,"225b8db3-41d2-4855-b557-9f259bc66e48"
15,"1P_Custom_Summer_Moment_Listeners"
15,"interest_pop-culture_humor-and-satire"
15,"504bd9a7-f44d-46db-8e0a-04f33b44a639"
15,"bd9c4eb7-ee8c-4274-8b8e-27ddbac8fb91"
15,"20feb4cc-246d-4f26-bf62-078ff51b3609"
15,"2fd98340-7c07-4888-9d2f-8892ec1de39b"
15,"d0115a84-07dc-4c8e-8681-b14b46df0502"
15,"0329338c-15cc-4838-a476-101c2617621f"
15,"7dd7383d-9256-4897-8be4-76ddf49a0f74"
15,"00b8f7ad-d91b-4ff5-acbb-b1d5bbdc0104"
15,"dd112c15-8947-4f78-b80e-632cc1a99c4c"
15,"e6823423-c750-4f38-b7d9-131a665914d2"
15,"ec910226-1109-4993-aeb2-006891f4035b"
15,"interest_academic-interests_social-sciences_psychology"
15,"interest_health-and-medical-services_health-and-pharma_medical-services"
15,"1P_Custom_iOS_Mobile_Streamers [Advertiser-Restricted]"
15,"interest_home-and-garden_home-entertaining"
15,"interest_style-and-fashion"
15,"1c1d7dd0-8c18-4fe4-a7c8-ffd217d21e37"
15,"interest_careers"
15,"3ef2a0cb-5235-45a3-8bbf-cec6bbd111f7"
15,"1P_Custom_Connected_Speaker_nonSonos_Streamers [Advertiser-Specific]"
15,"demographic_age_30-34"
15,"interest_shopping"
15,"1P_Custom_Made_For_You_Power_Playlist_Streamers"
15,"2374fa41-f053-4ff0-a1f5-3472d8fb5a88"
15,"1P_Custom_Wireless_Headphone_Users"
15,"dc13a274-d82e-403d-8d4f-2c4ba298ea6b"
15,"e613a618-af6d-42ee-aff1-057aa597219c"
15,"7b37df46-2895-4d3c-9ad9-3e089db4bdcd"
15,"3c064d8c-ba6b-44b2-9175-7af5697dc480"
15,"interest_automotive"
15,"interest_music_soundtrack"
15,"248d6854-c8ee-46e3-8643-b9dd8f95441c"
15,"interest_music_holiday"
15,"1P_Custom_Live_Events_Concerts_Hub_Users"
15,"3e3025f6-3722-4e22-8b37-c7c13a0fd949"
15,"interest_personal-finance"
15,"1P_Custom_Travel_Playlist_Listeners"
15,"1P_Custom_Podcast_Category_Music"
15,"7e89978b5996451486924f079add30e2"
15,"1P_Custom_Coffee_Playlist_Streamers"
15,"interest_healthy-living"
15,"67d25600-de07-4f68-ade3-cb4db9dd4447"
15,"e697d322-4d13-4c37-8bf1-f684031d7a20"
15,"1P_Custom_Connected_TV_and_Movie_Streamers"
15,"aa33c143-b58c-4624-917a-61c375070a61"
15,"7b0f421f2de54d9fb34b9081b4cf588c"
15,"244e68a6-a3c7-4b8a-9fe8-c762c1230253"
15,"interest_healthy-living_womens-health"
15,"77e16875-c7a7-4d5d-9979-267b77d612c7"
15,"interest_healthy-living_mens-health"
15,"1P_Custom_Musicals_Playlist_Listeners"
15,"interest_healthy-living_yoga"
15,"interest_news-and-politics_politics_political-issues"
15,"67c58539-0150-44e0-bebf-d4ffc9b2cc60"
15,"interest_news-and-politics_politics"
15,"1P_Custom_2024_Wrapped_Engagers"
15,"interest_health-and-medical-services"
15,"6c723f44-a2b7-4872-8163-e1d875a00d55"
15,"interest_music_chill"
15,"interest_business-and-finance"
15,"interest_music_ambient"
15,"6cd0724c-bc49-4303-ad5a-4907cea1929e"
15,"fdc175a5-8fe7-450f-a02a-c0dd8e702c91"
15,"interest_academic-interests_social-sciences"
15,"interest_video-gaming"
15,"content_audiobooks_self-help"
15,"370468a9-2c16-4da8-b5e4-bf8c42e7c952"
15,"a6923924-de67-44d1-a448-11025b7dccfb"
15,"9508a922-49ac-49dc-a615-cadacafb1192"
15,"content_music"
15,"interest_academic-interests"
15,"b91855ac-8c6a-4b74-be63-510b73690c89"
15,"e8d54fd4-7b45-4874-9432-a68ac2141f34"
15,"interest_music-and-audio_comedy-music-and-audio"
15,"ace75cb2-2111-4c3d-972c-370fb9042830"
15,"interest_social-gatherings_getting-ready"
15,"interest_movies_family-and-children-movies"
15,"f8219dd5-ff91-44a6-a34c-b4e03828d525"
15,"d67fcbfc-fa46-4f50-9da3-c8ab9df43ae7"
15,"content_music_alternative"
15,"1P_Custom_Smart_Technology_Streamers"
15,"4bd7a796-1286-4f80-a272-31230ee568ea"
15,"ebcedf55-7931-42ac-9d4d-9dbbea8c3b81"
15,"6e9dac43-3f0e-4dc3-9ed6-a498c6a2d118"
15,"b18fbec0-278f-4fd7-af33-228eee17e6a4"
15,"interest_hobbies-and-interests_arts-and-crafts"
15,"1e852355-0a12-4b6a-93ff-11e5cc5e6143"
15,"interest_pop-culture"
15,"1P_Custom_Podcast Listeners_Parenting & Family"
15,"content_audiobooks_nonfiction"
15,"1P_Custom_Apple_Loyalists [Advertiser-Restricted]"
15,"8b051ec3-55e1-4935-8bdf-8346d5ba4866"
15,"1P_Custom_Wrapped_Eligible"
15,"4a6bbfb9-7d7c-40fe-98e0-4c8adf0db12e"
15,"interest_travel_camping"
15,"80dec1f9-a562-4093-a099-8791c4ae35e0"
15,"4f41474e-ce08-435b-950e-c9ad68be11f9"
15,"content_podcasts_comedy"
15,"interest_books-and-literature_childrens-literature"
15,"1P_Custom_Top_Hits_Listeners"
15,"dae809b1-8300-40c8-b03c-19d437caae9e"
15,"1P_Custom_Holiday_Playlist_Streamers"
15,"e9bb59f8-7197-49b1-9de1-f02d6e89ef2e"
15,"ee472d3f-d24f-4201-9a15-6757c607570f"
15,"2701fe59-b580-4496-a09e-942c861cb57b"
15,"interest_hobbies-and-interests_content-production_audio-production"
15,"interest_television_comedy-tv"
15,"b61aeb55-c4df-46e1-9ea4-c0f2a86ca589"
15,"interest_home-and-garden_outdoor-decorating"
15,"ecf0995b-fb27-4545-84cd-cb0a83d00781"
15,"29a0c7b3-365e-4faa-95de-74e2ee0b0781"
