personID,endTime_UTC,podcastName,episodeName,msPlayed,episode.id
1,2025-02-06 17:12:00,LADbible Entertainment,Sabrina Carpenter Rates British And American Snacks | Snack Wars,8671,
1,2025-02-06 20:18:00,LADbible Entertainment,Sabrina Carpenter Rates British And American Snacks | Snack Wars,0,
1,2025-02-06 20:19:00,LADbible Entertainment,Sabrina Carpenter Rates British And American Snacks | Snack Wars,0,
1,2025-02-06 21:40:00,LADbible Entertainment,Sabrina Carpenter Rates British And American Snacks | Snack Wars,0,
1,2025-02-06 22:44:00,LADbible Entertainment,Sabrina Carpenter Rates British And American Snacks | Snack Wars,0,
1,2025-02-24 16:18:00,anything goes with emma chamberlain,are my standards too high? advice session [video],0,
1,2025-02-24 17:49:00,anything goes with emma chamberlain,are my standards too high? advice session [video],0,
1,2025-03-11 18:43:00,Sad Boyz,True Crime Cruise Is A Horrible Idea,440,
1,2025-03-16 21:36:00,The Ringer NFL Show,NFL Free Agency Winners and Losers (So Far),14523,
1,2025-03-16 21:37:00,The Ringer NFL Show,NFL Free Agency Winners and Losers (So Far),711,
1,2025-03-17 13:31:00,The Ringer NFL Show,NFL Free Agency Winners and Losers (So Far),560,
1,2025-05-17 02:11:00,Good Hang with Amy Poehler,Michelle Obama,1370,
1,2025-05-17 03:44:00,Good Hang with Amy Poehler,Michelle Obama,1236,
1,2025-05-23 18:38:00,Rotten Mango Video,100 Women Kept as Slaves in “Human Egg Farm” For Egg Harvesting,3440,
1,2025-05-23 18:47:00,Rotten Mango Video,100 Women Kept as Slaves in “Human Egg Farm” For Egg Harvesting,0,
1,2025-05-24 18:35:00,Very Really Good,Episode #270  - This BookTok Convention Was a Disaster,5980,
1,2025-05-24 19:17:00,Very Really Good,Episode #270  - This BookTok Convention Was a Disaster,1911,
1,2025-05-24 19:40:00,Very Really Good,Episode #270  - This BookTok Convention Was a Disaster,982,
1,2025-05-24 19:40:00,Very Really Good,Episode #270  - This BookTok Convention Was a Disaster,437,
1,2025-06-07 06:32:00,Yoga with Kassandra,15 min Gentle Morning Yoga to Feel GREAT & AWAKE,460,
1,2025-06-07 06:54:00,Yoga with Kassandra,15 min Gentle Morning Yoga to Feel GREAT & AWAKE,1829,
1,2025-06-07 06:54:00,Yoga with Kassandra,15 min Gentle Morning Yoga to Feel GREAT & AWAKE,1745,
1,2025-06-08 14:18:00,The Comment Section with Drew Afualo,DOING BLASPHEMY Ft. Caleb Hearon | Episode 171,0,
1,2025-06-08 15:18:00,The Comment Section with Drew Afualo,DOING BLASPHEMY Ft. Caleb Hearon | Episode 171,0,
1,2025-06-10 14:09:00,JackSepticEye, They Put A Jacksepticeye Easter Egg In This Game,2200,
1,2025-06-10 16:01:00,JackSepticEye, They Put A Jacksepticeye Easter Egg In This Game,28942,
1,2025-06-10 21:38:00,JackSepticEye, They Put A Jacksepticeye Easter Egg In This Game,0,
1,2025-07-23 20:55:00,Billions Club: The Series,Billions Club Live with Miley Cyrus: A Concert Film,1510,
1,2025-07-23 21:16:00,Billions Club: The Series,Billions Club Live with Miley Cyrus: A Concert Film,0,
1,2025-08-04 21:24:00,"Crime, Conspiracy, Cults and Murder",Ep. 63 | The Deadliest Cult In Japan | Aum Shinrikyo,3220,
1,2025-08-04 21:28:00,"Crime, Conspiracy, Cults and Murder",Ep. 63 | The Deadliest Cult In Japan | Aum Shinrikyo,1016,
1,2025-08-21 21:21:00,The Knight Shift Radio,TKSR Ep. 8,9700,
1,2025-09-14 05:16:00,Petty POV with Charlotte Dobre,Uninvited Stepmom Drama: Wedding Meltdown on Reddit!,1613,
1,2025-09-17 20:49:00,Close Friends Only with Instagram,'The Summer I Turned Pretty' Cast,0,
1,2025-09-17 23:33:00,Close Friends Only with Instagram,'The Summer I Turned Pretty' Cast,0,
1,2025-09-25 13:08:00,Funky Friday with Cam Newton,"From CDs, Tech & A New Album: Cam and Chance The Rapper On The Hustle",417,
1,2025-11-04 13:30:00,The Comment Section with Drew Afualo,HEDGE OF PROTECTION Ft. Brittany Broski | Episode 193,48859,
1,2025-11-06 16:41:00,High Steaks,"THE GRILL: Lily Allen vs. David Harbour, Mel Robbins vs. the internet + Kevin Federline vs. being a good person",1891,
1,2025-11-15 22:07:00,The Oprah Podcast,"Gray Divorce (after 50) & Adult Children: The Fallout for the Family, with Oprah and Leading Experts",2174,
1,2025-11-16 02:23:00,The Oprah Podcast,"Gray Divorce (after 50) & Adult Children: The Fallout for the Family, with Oprah and Leading Experts",1529,
1,2025-11-22 17:00:00,"Crime, Conspiracy, Cults and Murder",Ep. 80 | The SICKENING Waco Cult Leader | David Koresh,254,
1,2025-11-30 21:44:00,The Diary Of A CEO with Steven Bartlett,Brené  Brown: We're In A Spiritual Crisis! The Hidden Epidemic No One Wants To Admit!,119,
1,2025-12-01 03:03:00,The Diary Of A CEO with Steven Bartlett,Brené  Brown: We're In A Spiritual Crisis! The Hidden Epidemic No One Wants To Admit!,918,
1,2026-01-21 20:00:00,Good Hang with Amy Poehler,Jennifer Lawrence ,0,
10,2025-02-28 18:52:00,Rotten Mango Video,Worst TikTok Mom Loves To Date Killers In Prison & Makes Daughters Call Them “Daddy”,2020,
10,2025-02-28 18:52:00,Rotten Mango Video,Worst TikTok Mom Loves To Date Killers In Prison & Makes Daughters Call Them “Daddy”,3040,
10,2025-03-01 16:55:00,Rotten Mango Video,Worst TikTok Mom Loves To Date Killers In Prison & Makes Daughters Call Them “Daddy”,2032,
10,2025-03-21 18:00:00,Founders,#383 Todd Graves and his $10 Billion Chicken Finger Dream,0,
10,2025-03-21 19:40:00,Founders,#383 Todd Graves and his $10 Billion Chicken Finger Dream,0,
10,2025-04-22 17:30:00,"Crime, Conspiracy, Cults and Murder",Ep. 44 | The GRUESOME Serial Killer That Outsmarted Everyone | Ed Kemper,0,
10,2025-05-06 11:58:00,Ryan Trahan,How Many Days Can I Double $1?,3280,
10,2025-05-06 13:46:00,Ryan Trahan,How Many Days Can I Double $1?,0,
10,2025-05-22 17:31:00,The Journal.,Ozempic Is a Hit. So Why Is the Drugmaker’s CEO Out?,57657,
10,2025-06-03 12:16:00,Veritasium,What Everyone Gets Wrong About Football (ft. Tom Brady),0,
10,2025-06-03 14:39:00,Veritasium,What Everyone Gets Wrong About Football (ft. Tom Brady),270,
10,2025-06-10 13:20:00,Spotify Presents,Spotify Presents: Travis Scott Live from Barcelona,4140,
10,2025-06-10 14:45:00,Knifepoint Horror,snatchers,13,
10,2025-06-10 14:55:00,Knifepoint Horror,snatchers,1995,
10,2025-06-10 15:10:00,The Journal.,Are Trump and Musk Done for Good?,122091,
10,2025-06-10 15:14:00,Knifepoint Horror,snatchers,1172,
10,2025-06-10 22:17:00,Knifepoint Horror,snatchers,1395,
10,2025-06-12 16:32:00,Spotify Presents,Spotify Presents: Travis Scott Live from Barcelona,11644,
10,2025-08-07 13:48:00,The Journal.,The FDA Boss on the Agency’s MAHA Makeover,10429,
10,2025-08-07 17:17:00,The Journal.,The FDA Boss on the Agency’s MAHA Makeover,431,
10,2025-09-14 22:27:00,The Journal.,The FDA Commissioner on Vaccines and Public Trust,1648,
10,2025-10-02 02:59:00,DOPE AS USUAL Podcast,Devious Activities!,176,
10,2025-10-02 16:17:00,CREATIVO,"584. SEATTLE: EL SECRETO MEJOR GUARDADO DEL OESTE | Roadtrips, Arte, Comida y Aventuras",508,
10,2025-10-25 01:48:00,Spotify Anniversary,Shakira - Spotify Anniversary | Oral Fixation (20th) and Pies Descalzos (30th) LIVE,297409,
10,2025-10-25 01:54:00,Spotify Anniversary,Shakira - Spotify Anniversary | Oral Fixation (20th) and Pies Descalzos (30th) LIVE,1142,
10,2025-10-25 02:04:00,Spotify Anniversary,Shakira - Spotify Anniversary | Oral Fixation (20th) and Pies Descalzos (30th) LIVE,157,
10,2025-10-25 02:08:00,Spotify Anniversary,Shakira - Spotify Anniversary | Oral Fixation (20th) and Pies Descalzos (30th) LIVE,183458,
10,2025-10-25 02:14:00,Spotify Anniversary,Shakira - Spotify Anniversary | Oral Fixation (20th) and Pies Descalzos (30th) LIVE,376601,
10,2025-10-25 03:33:00,Spotify Anniversary,Shakira - Spotify Anniversary | Oral Fixation (20th) and Pies Descalzos (30th) LIVE,1547,
10,2025-10-25 03:40:00,Spotify Anniversary,Shakira - Spotify Anniversary | Oral Fixation (20th) and Pies Descalzos (30th) LIVE,376394,
10,2025-12-01 22:36:00,Two Hot Takes,243: The People Are Ill..?,825,
10,2025-12-03 00:46:00,The Joe Rogan Experience,#2413 - Theo Von,1974,
10,2025-12-24 18:57:00,Sahari Podcasts ,Side to side x Tiktok remix 2 (Full song),15708,
2,2025-02-05 15:38:00,Rotten Mango Video,Man Survives Real Life “Squid Game” That Killed 551 People - Funded By Rich Australian Family,0,
2,2025-02-05 15:38:00,Rotten Mango Video,Man Survives Real Life “Squid Game” That Killed 551 People - Funded By Rich Australian Family,2760,
2,2025-02-05 15:39:00,Rotten Mango Video,Man Survives Real Life “Squid Game” That Killed 551 People - Funded By Rich Australian Family,1950,
2,2025-02-05 16:08:00,Rotten Mango Video,Man Survives Real Life “Squid Game” That Killed 551 People - Funded By Rich Australian Family,50,
2,2025-02-05 17:17:00,Rotten Mango Video,Man Survives Real Life “Squid Game” That Killed 551 People - Funded By Rich Australian Family,3440,
2,2025-02-06 21:58:00,Dissect,S13E1 - Kendrick Lamar: Mr. Morale & The Big Steppers [VIDEO],0,
2,2025-02-06 22:06:00,Dissect,S13E1 - Kendrick Lamar: Mr. Morale & The Big Steppers [VIDEO],360,
2,2025-02-12 18:09:00,Modern Wisdom,#901 - Tom Segura - Why Does The Modern World Make No Sense?,1370,
2,2025-02-14 17:20:00,Modern Wisdom,#901 - Tom Segura - Why Does The Modern World Make No Sense?,4861,
2,2025-02-14 17:24:00,Modern Wisdom,#901 - Tom Segura - Why Does The Modern World Make No Sense?,0,
2,2025-02-14 17:25:00,Modern Wisdom,#901 - Tom Segura - Why Does The Modern World Make No Sense?,6610,
2,2025-02-14 17:25:00,Modern Wisdom,#901 - Tom Segura - Why Does The Modern World Make No Sense?,44,
2,2025-02-14 17:36:00,Modern Wisdom,#901 - Tom Segura - Why Does The Modern World Make No Sense?,0,
2,2025-02-14 17:42:00,Modern Wisdom,#901 - Tom Segura - Why Does The Modern World Make No Sense?,0,
2,2025-02-25 18:47:00,Therapuss with Jake Shane,Session 58: Tate McRae Returns,6520,
2,2025-02-25 18:57:00,Therapuss with Jake Shane,Session 58: Tate McRae Returns,0,
2,2025-02-25 19:00:00,Therapuss with Jake Shane,Session 58: Tate McRae Returns,1770,
2,2025-02-26 16:11:00,Therapuss with Jake Shane,Session 58: Tate McRae Returns,3460,
2,2025-02-26 17:26:00,Therapuss with Jake Shane,Session 58: Tate McRae Returns,0,
2,2025-03-03 23:28:00,anything goes with emma chamberlain,"faking orgasms, advice session [video]",244,
2,2025-03-04 15:20:00,anything goes with emma chamberlain,"faking orgasms, advice session [video]",0,
2,2025-03-04 19:56:00,anything goes with emma chamberlain,"faking orgasms, advice session [video]",0,
2,2025-03-11 02:28:00,Friends That Invest,Debunking the Biggest Myths about Investing in the Stock Market!,1510295,
2,2025-03-11 02:58:00,Friends That Invest,Part 1: What’s the Stock Market and How to Get Started,26954,
2,2025-03-12 19:42:00,Mystery Mondays,The Shocking Case of Ellen Greenberg,520,
2,2025-03-12 19:42:00,Mystery Mondays,The Shocking Case of Ellen Greenberg,25820,
2,2025-03-13 03:02:00,Mystery Mondays,The Shocking Case of Ellen Greenberg,820,
2,2025-03-14 17:45:00,Mystery Mondays,The Shocking Case of Ellen Greenberg,0,
2,2025-03-14 17:45:00,Mystery Mondays,The Shocking Case of Ellen Greenberg,5698,
2,2025-03-14 18:01:00,Mystery Mondays,The Shocking Case of Ellen Greenberg,740,
2,2025-03-17 10:15:00,Project 94,We Put Every NBA Team In The East In A Tier List,1590,
2,2025-03-17 10:15:00,Project 94,We Put Every NBA Team In The East In A Tier List,7596,
2,2025-04-07 20:10:00,Collection,LEFTRIGHT,116220,
2,2025-04-07 21:41:00,Collection,LEFTRIGHT,121250,
2,2025-04-08 02:39:00,Collection,LEFTRIGHT,67600,
2,2025-04-12 21:09:00,Collection,LEFTRIGHT,27180,
2,2025-04-17 07:24:00,Racek,ouu - 2hollis,168940,
2,2025-04-17 07:25:00,Friends That Invest,5 Investments Every Woman Should Make (For a Soft Life),12890,
2,2025-04-17 07:38:00,Racek,ouu - 2hollis,130800,
2,2025-04-17 15:51:00,Racek,ouu - 2hollis,97870,
2,2025-04-17 15:51:00,The Peter Attia Drive,"#343 – The evolving role of radiation: advancements in cancer treatment, emerging low-dose treatments for arthritis, tendonitis, and injuries, and addressing misconceptions | Sanjay Mehta, M.D.",8200,
2,2025-04-17 15:51:00,The Peter Attia Drive,"#343 – The evolving role of radiation: advancements in cancer treatment, emerging low-dose treatments for arthritis, tendonitis, and injuries, and addressing misconceptions | Sanjay Mehta, M.D.",0,
2,2025-04-17 20:55:00,The Peter Attia Drive,"#343 – The evolving role of radiation: advancements in cancer treatment, emerging low-dose treatments for arthritis, tendonitis, and injuries, and addressing misconceptions | Sanjay Mehta, M.D.",0,
2,2025-04-17 22:16:00,The Peter Attia Drive,"#343 – The evolving role of radiation: advancements in cancer treatment, emerging low-dose treatments for arthritis, tendonitis, and injuries, and addressing misconceptions | Sanjay Mehta, M.D.",29702,
2,2025-04-17 22:27:00,The Peter Attia Drive,"#343 – The evolving role of radiation: advancements in cancer treatment, emerging low-dose treatments for arthritis, tendonitis, and injuries, and addressing misconceptions | Sanjay Mehta, M.D.",0,
2,2025-04-17 22:47:00,The Peter Attia Drive,"#343 – The evolving role of radiation: advancements in cancer treatment, emerging low-dose treatments for arthritis, tendonitis, and injuries, and addressing misconceptions | Sanjay Mehta, M.D.",1870,
2,2025-04-17 22:47:00,The Peter Attia Drive,"#343 – The evolving role of radiation: advancements in cancer treatment, emerging low-dose treatments for arthritis, tendonitis, and injuries, and addressing misconceptions | Sanjay Mehta, M.D.",280,
2,2025-04-18 02:08:00,Racek,ouu - 2hollis,147580,
2,2025-04-18 02:23:00,Racek,ouu - 2hollis,38680,
2,2025-04-21 22:57:00,Racek,ouu - 2hollis,189270,
2,2025-04-29 17:34:00,Mystery Mondays,THE CASE OF THE HOLLYWOOD RIPPER,0,
2,2025-04-29 17:34:00,Mystery Mondays,THE CASE OF THE HOLLYWOOD RIPPER,25232,
2,2025-04-29 17:37:00,Mystery Mondays,THE CASE OF THE HOLLYWOOD RIPPER,0,
2,2025-04-29 18:02:00,Mystery Mondays,THE CASE OF THE HOLLYWOOD RIPPER,0,
2,2025-04-29 18:05:00,Mystery Mondays,THE CASE OF THE HOLLYWOOD RIPPER,0,
2,2025-04-30 20:16:00,Astrum Space,Everything We Know About 'Oumuamua,0,
2,2025-05-15 16:20:00,Modern Wisdom,#940 - Cameron Hanes - The Harsh Price Of Extreme Performance,0,
2,2025-05-16 22:59:00,Modern Wisdom,#940 - Cameron Hanes - The Harsh Price Of Extreme Performance,950,
2,2025-05-17 00:38:00,Modern Wisdom,#940 - Cameron Hanes - The Harsh Price Of Extreme Performance,0,
2,2025-06-06 11:54:00,Spotify Presents,Spotify Presents: Travis Scott Live from Barcelona,4410,
2,2025-06-08 16:29:00,ayesha erotica songs,literal legend sped up,4100,
2,2025-07-09 22:40:00,Working Hard with Grace Beverley,How To Design Your Life One Powerful Decision at a Time with Adrienne Adhami,60,
2,2025-07-10 00:19:00,Working Hard with Grace Beverley,How To Design Your Life One Powerful Decision at a Time with Adrienne Adhami,360,
2,2025-07-28 17:34:00,Flustify,yessir - lil Uzi vert,113490,
2,2025-07-28 17:37:00,Flustify,yessir - lil Uzi vert,136400,
2,2025-07-28 17:44:00,Flustify,yessir - lil Uzi vert,308116,
2,2025-07-28 17:45:00,Flustify,Past Tense - G Herbo,34043,
2,2025-07-28 17:48:00,Flustify,yessir - lil Uzi vert,180186,
2,2025-07-28 17:51:00,Flustify,Past Tense - G Herbo,88993,
2,2025-07-28 18:07:00,Flustify,yessir - lil Uzi vert,1137,
2,2025-07-28 18:10:00,Flustify,yessir - lil Uzi vert,6990,
2,2025-07-29 03:15:00,Flustify,yessir - lil Uzi vert,251132,
2,2025-07-29 03:17:00,Flustify,Past Tense - G Herbo,80058,
2,2025-07-29 18:16:00,Flustify,yessir - lil Uzi vert,1207,
2,2025-07-29 18:17:00,Flustify,yessir - lil Uzi vert,56700,
2,2025-07-30 20:29:00,Flustify,yessir - lil Uzi vert,103500,
2,2025-07-30 21:01:00,Flustify,yessir - lil Uzi vert,33760,
2,2025-07-30 21:32:00,Flustify,yessir - lil Uzi vert,29140,
2,2025-08-01 01:04:00,Flustify,yessir - lil Uzi vert,2922,
2,2025-08-01 17:09:00,Flustify,yessir - lil Uzi vert,7297,
2,2025-08-01 17:28:00,Flustify,Past Tense - G Herbo,6315,
2,2025-08-01 20:14:00,Flustify,yessir - lil Uzi vert,1323,
2,2025-08-01 20:22:00,Flustify,yessir - lil Uzi vert,1021,
2,2025-08-01 20:24:00,Flustify,yessir - lil Uzi vert,81280,
2,2025-08-01 20:24:00,Flustify,Past Tense - G Herbo,2317,
2,2025-08-02 15:53:00,Flustify,yessir - lil Uzi vert,3170,
2,2025-08-02 15:59:00,Flustify,Past Tense - G Herbo,2330,
2,2025-08-05 11:45:00,Flustify,yessir - lil Uzi vert,1021,
2,2025-08-07 11:59:00,Good For You with Whitney Cummings,Ticked-Off - Good for You podcast with Whitney Cummings | ep300,150,
2,2025-08-14 13:16:00,Just Creepy: Scary Stories,4 Disturbing Camping Horror Stories For A Dark Summer Night,0,
2,2025-08-21 21:34:00,The Rewatchables,"‘Sinners’ With Bill Simmons, Van Lathan, and Wesley Morris",1670,
2,2025-08-22 04:08:00,The Rewatchables,"‘Sinners’ With Bill Simmons, Van Lathan, and Wesley Morris",0,
2,2025-08-29 03:02:00,Tiger Sisters,Are You Settling in Love or Career — and Don’t Even Know It?,3480,
2,2025-08-29 05:09:00,Tiger Sisters,Are You Settling in Love or Career — and Don’t Even Know It?,627,
2,2025-08-29 05:27:00,Tiger Sisters,Are You Settling in Love or Career — and Don’t Even Know It?,432,
2,2025-08-29 05:28:00,Tiger Sisters,Are You Settling in Love or Career — and Don’t Even Know It?,1207,
2,2025-09-08 14:45:00,The Life You Love,Ep. 98 How to change your life in just one year (the One Year Experiment),2125,
2,2025-09-08 16:54:00,The Life You Love,Ep. 98 How to change your life in just one year (the One Year Experiment),560,
2,2025-09-09 04:58:00,ASMR Porn,Lesbian Erotica 🔥 Costume Party to Hotel Room (ASMR Porn),2750,
2,2025-09-09 05:00:00,D★B3Y's Audios :3,Steamy make out session [M4A],10990,
2,2025-09-09 05:00:00,Audio Sex,The CEO’s Dirty Little Game 🖤 Office BDSM Fantasy (Audio Sex),127400,
2,2025-09-09 05:01:00,bf/gf asmr ,7 Minutes in Heaven,21049,
2,2025-09-09 05:10:00,evie's audios,[M4F] Strict Professor Punishes You For Disobeying,431021,
2,2025-09-09 05:11:00,Boyfriend Asmr,Daddy uses his 'special tool' on you (M4F),9320,
2,2025-09-09 05:12:00,ann List,PleasureDom Boyfriend TIES you up~🔥 [+18] [Losing Control] [Male Moans] Boyfriend Roleplay ASMR - Ep02,50430,
2,2025-09-09 05:13:00,evie's audios,[NSFW] Trapped In A Closet With Your Bully ,32737,
2,2025-09-09 05:13:00,Boyfriend On Demand,Boyfriend x Birthday Seggs,13940,
2,2025-09-09 05:13:00,Akihiko Kai VA,"Roommate Takes The Wrong Pills! ""Please Make It Stop!"" (Spicy ASMR)",4840,
2,2025-09-09 05:14:00,evie's audios,[F4A] Trapped In With Your Rival ,8823,
2,2025-09-26 15:02:00,Glory Daze with Johnny Manziel,Johnny Manziel & A.J. McCarron Bury the Hatchet On Their Iconic SEC Rivalry,0,
2,2025-09-26 17:07:00,Glory Daze with Johnny Manziel,Johnny Manziel & A.J. McCarron Bury the Hatchet On Their Iconic SEC Rivalry,0,
2,2025-10-15 12:41:00,Flustify,yessir - lil Uzi vert,89200,
2,2025-10-16 12:17:00,Making Cents,"""I nannied for billionaires, it changed my entire money outlook”: building a business on your own terms, with Hannah Koumakis",4,
2,2025-11-05 00:13:00,songstypestuff,thought i was dead (w carti),18838,32WHxzWBUWTbsiYfC3Pt8q
2,2025-11-05 00:38:00,songstypestuff,thought i was dead (w carti),218580,32WHxzWBUWTbsiYfC3Pt8q
2,2025-11-05 17:46:00,songstypestuff,thought i was dead (w carti),69690,32WHxzWBUWTbsiYfC3Pt8q
2,2025-11-05 17:55:00,songstypestuff,thought i was dead (w carti),81510,32WHxzWBUWTbsiYfC3Pt8q
2,2025-11-05 20:47:00,songstypestuff,thought i was dead (w carti),33660,32WHxzWBUWTbsiYfC3Pt8q
2,2025-11-06 11:42:00,songstypestuff,thought i was dead (w carti),260599,32WHxzWBUWTbsiYfC3Pt8q
2,2025-11-06 11:42:00,Friends That Invest,Secrets From an Award Winning Financial Advisor | Glen James,4990,
2,2025-11-06 11:53:00,songstypestuff,thought i was dead (w carti),116720,32WHxzWBUWTbsiYfC3Pt8q
2,2025-11-06 13:37:00,songstypestuff,thought i was dead (w carti),182787,32WHxzWBUWTbsiYfC3Pt8q
2,2025-11-06 13:37:00,Friends That Invest,I Didn't Want to Record This,14030,
2,2025-11-06 14:25:00,songstypestuff,thought i was dead (w carti),107690,32WHxzWBUWTbsiYfC3Pt8q
2,2025-11-07 18:42:00,songstypestuff,thought i was dead (w carti),247370,32WHxzWBUWTbsiYfC3Pt8q
2,2025-11-08 19:50:00,songstypestuff,thought i was dead (w carti),37970,32WHxzWBUWTbsiYfC3Pt8q
2,2025-11-08 19:56:00,songstypestuff,thought i was dead (w carti),9590,32WHxzWBUWTbsiYfC3Pt8q
2,2025-11-10 11:25:00,Podcasts remixes,Digga d- stfu remix,6628,
2,2025-11-10 13:31:00,Milo 😶‍🌫️,Shoota / Rocket (skip to 30 sec),5110,
2,2025-11-10 13:35:00,Milo 😶‍🌫️,Shoota / Rocket (skip to 30 sec),264174,
2,2025-11-10 13:36:00,Duolingo French Podcast,Trailer Season 1,18376,
2,2025-11-10 15:05:00,Milo 😶‍🌫️,Shoota / Rocket (skip to 30 sec),536785,
2,2025-11-10 18:39:00,Milo 😶‍🌫️,Shoota / Rocket (skip to 30 sec),284538,
2,2025-11-12 19:49:00,Milo 😶‍🌫️,Shoota / Rocket (skip to 30 sec),269512,
2,2025-11-12 19:50:00,Milo 😶‍🌫️,Shoota / Rocket (skip to 30 sec),28430,
2,2025-11-12 19:50:00,Friends That Invest,Best of 2025: How To Change Your Finances in 1 Week,15910,
2,2025-11-13 11:57:00,NPR News Now,NPR News: 11-13-2025 6AM EST,322950,
2,2025-11-13 11:57:00,NPR News Now,NPR News: 11-13-2025 6AM EST,39485,
2,2025-11-13 11:58:00,NPR News Now,NPR News: 11-13-2025 5AM EST,4570,
2,2025-11-14 17:08:00,NPR News Now,NPR News: 11-14-2025 11AM EST,10880,
2,2025-11-14 17:13:00,NPR News Now,NPR News: 11-14-2025 9AM EST,294400,
2,2025-11-14 17:18:00,NPR News Now,NPR News: 11-14-2025 10AM EST,334821,
2,2025-11-14 17:23:00,NPR News Now,NPR News: 11-14-2025 11AM EST,269976,
2,2025-11-17 21:21:00,NPR News Now,NPR News: 11-17-2025 1PM EST,294165,
2,2025-11-17 21:26:00,NPR News Now,NPR News: 11-17-2025 2PM EST,294165,
2,2025-11-17 21:31:00,Friends That Invest,Best of 2025: 7 Surprising Money Habits of Wealthy Women,9353,
2,2025-11-17 21:31:00,NPR News Now,NPR News: 11-17-2025 3PM EST,10998,
2,2025-11-17 21:31:00,NPR News Now,NPR News: 11-17-2025 3PM EST,295053,
2,2025-11-18 20:02:00,NPR News Now,NPR News: 11-18-2025 12PM EST,296516,
2,2025-11-18 20:07:00,NPR News Now,NPR News: 11-18-2025 1PM EST,296516,
2,2025-11-18 21:07:00,NPR News Now,NPR News: 11-18-2025 2PM EST,104018,
2,2025-11-18 21:54:00,Don't Depend On Daddy,135. The Science of Dopamine in the Winter + My Routine Shifts That Actually Work,0,
2,2025-11-18 21:55:00,Don't Depend On Daddy,135. The Science of Dopamine in the Winter + My Routine Shifts That Actually Work,1418,
2,2025-11-19 01:28:00,Don't Depend On Daddy,135. The Science of Dopamine in the Winter + My Routine Shifts That Actually Work,0,
2,2025-11-19 18:44:00,NPR News Now,NPR News: 11-19-2025 11AM EST,294400,
2,2025-11-19 18:49:00,NPR News Now,NPR News: 11-19-2025 12PM EST,295967,
2,2025-11-19 18:54:00,NPR News Now,NPR News: 11-19-2025 1PM EST,297430,
2,2025-11-19 18:55:00,NPR News Now,NPR News: 11-19-2025 11AM EST,65392,
2,2025-11-20 14:44:00,NPR News Now,NPR News: 11-20-2025 7AM EST,296568,
2,2025-11-20 14:52:00,NPR News Now,NPR News: 11-20-2025 8AM EST,57641,
2,2025-11-20 18:28:00,56.7pm,maybach-Lil Uzi,0,
2,2025-11-20 19:36:00,56.7pm,maybach-Lil Uzi,4330,
2,2025-11-20 21:00:00,56.7pm,maybach-Lil Uzi,0,
2,2025-11-28 15:14:00,NPR News Now,NPR News: 11-28-2025 7AM EST,298214,
2,2025-11-28 15:19:00,NPR News Now,NPR News: 11-28-2025 8AM EST,297169,
2,2025-11-28 15:24:00,NPR News Now,NPR News: 11-28-2025 9AM EST,14132,
2,2025-11-28 15:24:00,NPR News Now,NPR News: 11-28-2025 9AM EST,297169,
2,2025-11-28 15:29:00,NPR News Now,NPR News: 11-28-2025 8AM EST,297169,
2,2025-11-28 15:30:00,Friends That Invest,Best of 2025: I Read 50 Finance Books - Here’s What Will Make You Rich,47067,
2,2025-12-18 13:44:00,the zurkie show,why most people never see change,24550,
2,2025-12-19 18:38:00,the zurkie show,your life needs more lore,905908,
2,2025-12-19 18:38:00,NPR News Now,NPR News: 12-19-2025 11AM EST,35700,
2,2025-12-22 16:30:00,the zurkie show,you fell for who they could be,720,
2,2025-12-22 19:56:00,the zurkie show,your life needs more lore,39798,
2,2025-12-24 00:13:00,the zurkie show,your life needs more lore,352987,
2,2025-12-24 01:57:00,the zurkie show,your life needs more lore,13815,
2,2025-12-24 01:57:00,the zurkie show,your life needs more lore,305,
2,2025-12-25 16:38:00,the zurkie show,your life needs more lore,431665,
2,2025-12-25 16:50:00,the zurkie show,you don’t have to force love,696143,
2,2025-12-30 15:49:00,Psychiatry Boot Camp,2.7 Bipolar Disorders,1022,
2,2025-12-30 16:08:00,Psychiatry Boot Camp,2.7 Bipolar Disorders,1130850,
2,2026-01-02 04:00:00,the zurkie show,you know this relationship is over,870,
3,2025-02-10 13:53:00,Dissect,"MX1E5 - ""Introvert"" by Little Simz",2069,
3,2025-02-10 13:53:00,Dissect,"MX1E9 - ""Walkin"" by Denzel Curry",1557,
3,2025-02-10 13:53:00,Dissect,Radiohead Song Draft,1258,
3,2025-02-23 15:02:00,christine’s silly stuff!!!,Good Luck Babe! (Cover) - Sabrina,63275,
3,2025-06-09 13:32:00,The Playbook Podcast,"June 9, 2025: Fire and ICE",46414,
3,2025-07-03 17:11:00,You promised me we would stay close,𝑻𝒚𝒓𝒂𝒏𝒕 𝒙 𝒂𝒍𝒍 𝒏𝒊𝒈𝒉𝒕,317579,
3,2025-07-23 13:20:00,Maintenance Phase,Herbalife,910,
3,2025-07-23 14:35:00,Maintenance Phase,Herbalife,0,
3,2025-07-23 21:57:00,Billions Club: The Series,Billions Club Live with Miley Cyrus: A Concert Film,1380,
3,2025-07-23 21:57:00,Billions Club: The Series,Billions Club Live with Miley Cyrus: A Concert Film,0,
3,2025-07-23 22:11:00,Billions Club: The Series,Billions Club Live with Miley Cyrus: A Concert Film,0,
3,2025-08-01 20:10:00,Modern Love,How to Stop Asking 'Are You Mad at Me?',520,
3,2025-08-02 15:34:00,Modern Love,How to Stop Asking 'Are You Mad at Me?',700,
3,2025-08-03 01:15:00,One Song,"Lil Jon's ""Get Low"" with Lil Jon",1800,
3,2025-08-03 02:00:00,One Song,"Lil Jon's ""Get Low"" with Lil Jon",2251,
3,2025-08-03 02:11:00,One Song,"Lil Jon's ""Get Low"" with Lil Jon",6600,
3,2025-08-03 02:12:00,One Song,"Lil Jon's ""Get Low"" with Lil Jon",4403,
3,2025-08-04 18:53:00,Maintenance Phase,Herbalife,190,
3,2025-08-04 18:55:00,Maintenance Phase,Herbalife,190,
3,2025-08-04 20:04:00,Maintenance Phase,Herbalife,0,
3,2025-08-12 21:42:00,Who Shat On The Floor At My Wedding? And Other Crimes,S1 E1 Who shat on the floor at my wedding? 'A crime was committed',1190,
3,2025-08-12 21:42:00,Who Shat On The Floor At My Wedding? And Other Crimes,S1 E1 Who shat on the floor at my wedding? 'A crime was committed',7920,
3,2025-08-12 21:42:00,anything goes with emma chamberlain,my go-to outfit formulas,6190,
3,2025-08-12 21:42:00,Malevolent,"Part 1 ""The Dark World""",0,
3,2025-08-12 21:42:00,Three Rules,Vanessa Hill shares 3 rules for better sleep,1780,
3,2025-08-12 21:42:00,Three Rules,Vanessa Hill shares 3 rules for better sleep,1240,
3,2025-08-12 21:42:00,Maintenance Phase,Herbalife,1880,
3,2025-08-12 23:18:00,Who Shat On The Floor At My Wedding? And Other Crimes,S1 E1 Who shat on the floor at my wedding? 'A crime was committed',410,
3,2025-08-13 20:21:00,Voicenotes with Jordan Theresa,How personal style discourse ate itself ,134,
3,2025-08-13 20:21:00,Voicenotes with Jordan Theresa,How personal style discourse ate itself ,1400,
3,2025-08-22 15:16:00,Wild Card with Rachel Martin,Harrison Ford knows how weird his life is,1062,
3,2025-08-22 17:23:00,Wild Card with Rachel Martin,Harrison Ford knows how weird his life is,924,
3,2025-08-22 21:23:00,Wild Card with Rachel Martin,Harrison Ford knows how weird his life is,59,
3,2025-08-25 14:51:00,Nicky at Night,The Death of the Male Popstar (ft PopSamCam),27582,
3,2025-08-25 17:27:00,Nicky at Night,The Death of the Male Popstar (ft PopSamCam),3486,
3,2025-08-25 17:27:00,Nicky at Night,The Death of the Male Popstar (ft PopSamCam),1838,
3,2025-08-25 22:15:00,Nicky at Night,The Death of the Male Popstar (ft PopSamCam),2276,
3,2025-08-26 12:39:00,If Books Could Kill,He's Just Not That Into You,60,
3,2025-08-26 12:39:00,If Books Could Kill,He's Just Not That Into You,920,
3,2025-08-26 12:39:00,If Books Could Kill,He's Just Not That Into You,742,
3,2025-08-26 17:44:00,If Books Could Kill,He's Just Not That Into You,2000,
3,2025-08-26 18:38:00,If Books Could Kill,He's Just Not That Into You,520,
3,2025-08-26 21:52:00,You're Wrong About,The Insanity Defense with Mackenzie Joy Brennan,1250,
3,2025-08-26 21:53:00,You're Wrong About,The Insanity Defense with Mackenzie Joy Brennan,2070,
3,2025-08-28 18:34:00,Maintenance Phase,Seed Oils,650,
3,2025-09-04 12:40:00,Maintenance Phase,Seed Oils,430,
3,2025-09-08 16:10:00,Maintenance Phase,Seed Oils,30,
3,2025-09-08 16:11:00,Maintenance Phase,Seed Oils,1580,
3,2025-09-09 17:19:00,Petty Crimes,Find My Friendship,668,
3,2025-09-10 19:47:00,Hot Mess ,Living with Anxiety (My Story + Tips),1066,
3,2025-09-15 12:10:00,erika tunes,White Keys - Dominic Fike,161935,
3,2025-09-18 19:53:00,Normal Gossip,Bonus Episode: Try Hard with Erika Casupanan,0,
3,2025-09-19 22:41:00,Maintenance Phase,Seed Oils,960,
3,2025-09-19 23:01:00,Maintenance Phase,Seed Oils,480,
3,2025-09-21 16:08:00,Two Hot Takes,229: Freaking Out.. Ft. Angela Giarratana,1531,
3,2025-09-21 19:57:00,Two Hot Takes,229: Freaking Out.. Ft. Angela Giarratana,4025,
3,2025-09-22 20:03:00,Two Hot Takes,229: Freaking Out.. Ft. Angela Giarratana,16096,
3,2025-09-23 12:21:00,erika tunes,White Keys - Dominic Fike,242623,
3,2025-09-24 12:17:00,erika tunes,White Keys - Dominic Fike,172408,
3,2025-09-25 22:10:00,erika tunes,White Keys - Dominic Fike,195163,
3,2025-09-27 00:57:00,erika tunes,White Keys - Dominic Fike,440741,
3,2025-09-27 00:58:00,erika tunes,Dominic Fike - Too Close,106560,
3,2025-09-27 00:59:00,erika tunes,Tell Me - Dominic Fike,19400,
3,2025-09-27 13:37:00,Maintenance Phase,The Food Babe,2010,
3,2025-09-29 20:06:00,erika tunes,White Keys - Dominic Fike,60093,
3,2025-10-04 19:35:00,Maintenance Phase,The Food Babe,0,
3,2025-10-12 04:16:00,Therapuss with Jake Shane,Session 99: Megan Moroney,9,
3,2025-10-13 13:34:00,erika tunes,White Keys - Dominic Fike,250619,
3,2025-10-13 13:36:00,erika tunes,Tell Me - Dominic Fike,22707,
3,2025-10-13 13:36:00,erika tunes,Dominic Fike - Too Close,106560,
3,2025-10-13 13:39:00,erika tunes,White Keys - Dominic Fike,181163,
3,2025-10-13 13:45:00,erika tunes,Epilogue V5 - Dominic Fike,373608,
3,2025-10-13 13:49:00,erika tunes,Could’ve - CUCO,253416,
3,2025-10-13 13:50:00,erika tunes,Atlanta - Dominic Fike & Justin Bieber,59571,
3,2025-10-14 14:38:00,Therapuss with Jake Shane,Session 99: Megan Moroney,1025,
3,2025-10-14 21:55:00,Oversharing,Why Am I So Obsessed With Social Media Validation?,1825,
3,2025-10-15 19:16:00,Oversharing,Why Am I So Obsessed With Social Media Validation?,3605,
3,2025-10-15 23:06:00,None of My Business,"“Former Gifted Kids"" With Paige Gallagher",101,
3,2025-10-16 12:04:00,Oversharing,Why Am I So Obsessed With Social Media Validation?,45741,
3,2025-10-16 12:38:00,None of My Business,"“Former Gifted Kids"" With Paige Gallagher",1599801,
3,2025-10-20 10:25:00,Smart Funny & Black Productions,Side Effects of Israel (with Abby Martin),6310,
3,2025-10-20 10:25:00,Smart Funny & Black Productions,Side Effects of Israel (with Abby Martin),430,
3,2025-10-20 11:09:00,Smart Funny & Black Productions,Side Effects of Israel (with Abby Martin),760,
3,2025-10-27 13:20:00,Girls Rewatch,Allison Williams talks Marnie Michaels,1901,
3,2025-10-28 21:02:00,erika tunes,White Keys - Dominic Fike,167509,
3,2025-10-31 15:46:00,emma in the world, Putting effort into my appearance for a week to see how it makes me feel,2769,
3,2025-10-31 20:25:00,emma in the world, Putting effort into my appearance for a week to see how it makes me feel,1033,
3,2025-11-16 20:09:00,The Comment Section with Drew Afualo,COMMENT SECTION: ALL STARS Ft. Brittany Broski and Caleb Hearon ,753,
3,2025-11-16 20:09:00,The Comment Section with Drew Afualo,COMMENT SECTION: ALL STARS Ft. Brittany Broski and Caleb Hearon ,387,
3,2025-11-18 13:18:00,The Neurodiverging Podcast,How to Make (And Keep) Friends as a Neurodivergent Adult,0,
3,2025-11-20 18:49:00,Maintenance Phase,Raw Milk,855,
3,2025-11-22 14:16:00,for the healthy hoes.,praying for all the smoke,0,
3,2025-11-23 23:28:00,The Neurodiverging Podcast,How to Make (And Keep) Friends as a Neurodivergent Adult,990,
3,2025-12-03 04:20:00,Therapuss with Jake Shane,Session 105: Hilary Duff,1644,
4,2025-03-31 19:53:00,Modern Wisdom,#922 - Naval Ravikant - 44 Harsh Truths About Human Nature,260,
4,2025-04-01 01:14:00,Modern Wisdom,#922 - Naval Ravikant - 44 Harsh Truths About Human Nature,0,
4,2025-04-01 17:53:00,Modern Wisdom,#922 - Naval Ravikant - 44 Harsh Truths About Human Nature,0,
4,2025-05-03 00:36:00,George Kamel,"This ""Credit Hacking"" Trend Is Risky",0,
4,2025-05-03 20:37:00,George Kamel,"This ""Credit Hacking"" Trend Is Risky",1960,
4,2025-05-12 15:51:00,Huberman Lab,How Different Diets Impact Your Health | Dr. Christopher Gardner,0,
4,2025-06-08 23:15:00,Spotify Presents,Spotify Presents: Travis Scott Live from Barcelona,1050,
4,2025-06-10 18:47:00,Spotify Presents,Spotify Presents: Travis Scott Live from Barcelona,1796,
4,2025-06-10 23:36:00,Spotify Presents,Spotify Presents: Travis Scott Live from Barcelona,2267,
4,2025-06-11 12:43:00,Spotify Presents,Spotify Presents: Travis Scott Live from Barcelona,3172,
4,2025-06-11 22:33:00,Spotify Presents,Spotify Presents: Travis Scott Live from Barcelona,0,
4,2025-07-11 16:35:00,Dateline NBC,"A verdict in Kentucky's ""trial of the decade."" Snapchat messages on the stand. Plus, Josh Mankiewicz drops by.",980,
4,2025-08-07 23:40:00,Community Service with Craig Conant,Potatoes in the Sky,8329,
4,2025-08-07 23:40:00,Community Service with Craig Conant,Potatoes in the Sky,2219,
4,2025-08-08 01:40:00,Community Service with Craig Conant,Potatoes in the Sky,15935,
4,2025-08-08 22:57:00,Community Service with Craig Conant,Potatoes in the Sky,0,
4,2025-09-11 15:57:00,Last Meals,Kathryn Hahn's Last Meal,1563,
4,2025-09-11 17:55:00,Last Meals,Kathryn Hahn's Last Meal,532,
4,2025-09-11 18:18:00,Last Meals,Kathryn Hahn's Last Meal,910,
4,2025-09-18 19:39:00,anything goes with emma chamberlain,"haunted by your ex, advice session",16801,
4,2025-09-18 19:40:00,anything goes with emma chamberlain,"haunted by your ex, advice session",7198,
4,2025-09-18 23:48:00,T'd Up with Pierre Andresen,Story Time with Kenny Beecham,6636,
4,2025-09-19 12:45:00,T'd Up with Pierre Andresen,Story Time with Kenny Beecham,6023,
4,2025-09-23 13:50:00,Red Web,"Disappearance of Judge Joseph Crater | The ""Missingest"" Man in American History",902,
4,2025-09-23 13:50:00,Red Web,"Disappearance of Judge Joseph Crater | The ""Missingest"" Man in American History",1,
4,2025-09-23 13:57:00,Red Web,"Disappearance of Judge Joseph Crater | The ""Missingest"" Man in American History",4437,
4,2025-09-23 16:45:00,Red Web,"Disappearance of Judge Joseph Crater | The ""Missingest"" Man in American History",11140,
4,2025-09-26 13:52:00,Financial Audit,"$426,000+ A Year On Pokémon | Financial Audit",1770,
4,2025-09-27 00:04:00,Financial Audit,"$426,000+ A Year On Pokémon | Financial Audit",768,
4,2025-09-27 04:46:00,Financial Audit,"$426,000+ A Year On Pokémon | Financial Audit",0,
4,2025-10-04 00:05:00,Happy Sad Confused,Jason Bateman,2939,
4,2025-10-07 00:30:00,Happy Sad Confused,Jason Bateman,805,
4,2025-10-07 12:44:00,Happy Sad Confused,Jason Bateman,4917,
4,2025-10-07 12:49:00,Happy Sad Confused,Jason Bateman,0,
4,2025-10-14 13:55:00,Blocks w/ Neal Brennan,Jason Biggs,218,
4,2025-10-14 21:34:00,Blocks w/ Neal Brennan,Jason Biggs,15535,
4,2025-10-15 00:40:00,Blocks w/ Neal Brennan,Jason Biggs,6274,
4,2025-10-15 20:58:00,Matt and Shane's Secret Podcast,Ep 580 - Skrilla (The 67 God) ,9224,
4,2025-10-16 02:37:00,Matt and Shane's Secret Podcast,Ep 580 - Skrilla (The 67 God) ,812,
4,2025-10-16 03:01:00,Matt and Shane's Secret Podcast,Ep 580 - Skrilla (The 67 God) ,17428,
4,2025-10-23 16:27:00,The Colin and Samir Show,The Highly Addictive World of Chinese Micro-Dramas,349,
4,2025-10-23 21:48:00,The Colin and Samir Show,The Highly Addictive World of Chinese Micro-Dramas,1257,
4,2025-10-23 23:49:00,The Colin and Samir Show,The Highly Addictive World of Chinese Micro-Dramas,2676,
4,2025-10-30 12:57:00,Almost Athletes with Dude Perfect,"Tom Brady x Dude Perfect on NFL Going Soft, Relationship with Eli & Peyton Manning, & Playing Angry",0,
4,2025-10-30 16:41:00,Almost Athletes with Dude Perfect,"Tom Brady x Dude Perfect on NFL Going Soft, Relationship with Eli & Peyton Manning, & Playing Angry",867,
4,2025-10-30 16:41:00,Almost Athletes with Dude Perfect,"Tom Brady x Dude Perfect on NFL Going Soft, Relationship with Eli & Peyton Manning, & Playing Angry",547,
4,2025-11-01 23:58:00,ChainsFR On Spotify,ChainsFRs Craziest School Experiences,9630,
4,2025-11-02 19:33:00,ChainsFR On Spotify,ChainsFRs Craziest School Experiences,0,
4,2025-11-07 13:56:00,Open Thoughts with Funny Marco,"Miguel Fights Marco Over Drinks, Talks Stealing Suits, Making New Music & More | Open Thoughts S2",892,
4,2025-11-07 18:00:00,Open Thoughts with Funny Marco,"Miguel Fights Marco Over Drinks, Talks Stealing Suits, Making New Music & More | Open Thoughts S2",1049,
4,2025-11-14 13:46:00,Matt and Shane's Secret Podcast,Ep 584 - The Buzz Man (feat. Marcus King),2043,
4,2025-11-15 00:43:00,Matt and Shane's Secret Podcast,Ep 584 - The Buzz Man (feat. Marcus King),2981,
4,2025-11-15 00:44:00,Matt and Shane's Secret Podcast,Ep 584 - The Buzz Man (feat. Marcus King),471,
4,2025-11-15 00:49:00,Matt and Shane's Secret Podcast,Ep 584 - The Buzz Man (feat. Marcus King),948,
4,2025-11-23 19:22:00,Bad Friends,Bobby's Missed Connections,0,
4,2025-11-25 01:24:00,for the healthy hoes.,praying for all the smoke,1150,
4,2025-11-26 19:40:00,Bad Friends,Bobby's Missed Connections,208,
4,2025-11-26 19:41:00,Bad Friends,Bobby's Missed Connections,2906,
4,2025-12-03 03:59:00,The Diary Of A CEO with Steven Bartlett,Brené  Brown: We're In A Spiritual Crisis! The Hidden Epidemic No One Wants To Admit!,10,
4,2026-01-23 00:25:00,Billions Club: The Series,Billions Club Live with Ed Sheeran: A Concert Film,5733,
4,2026-01-23 00:25:00,Billions Club: The Series,Billions Club Live with Ed Sheeran: A Concert Film,0,
4,2026-01-23 17:00:00,Billions Club: The Series,Billions Club Live with Ed Sheeran: A Concert Film,220,
5,2025-01-16 12:23:00,Billions Club: The Series,Billions Club Live with The Weeknd: A Concert Film,0,
5,2025-01-16 12:24:00,Billions Club: The Series,Billions Club Live with The Weeknd: A Concert Film,0,
5,2025-01-29 13:09:00,Up First from NPR,"Trump Remaking Government, RFK Jr. Confirmation Hearings, US Education Report Card",909725,
5,2025-02-05 12:29:00,Up First from NPR,"Trump And Gaza, Migrants At Guantanamo, USAID Staff On Leave",758463,
5,2025-05-22 10:59:00,The View From The Lane: The Athletic FC's Spurs show,Emergency pod!! Spurs win in Bilbao,2722,
5,2025-05-22 11:09:00,The View From The Lane: The Athletic FC's Spurs show,Emergency pod!! Spurs win in Bilbao,0,
5,2025-07-07 15:09:00,Small Town Murder,"Creepy Killer Motives - Wakefield, Massachusetts",1558054,
5,2025-07-07 21:33:00,Small Town Murder,"Creepy Killer Motives - Wakefield, Massachusetts",1115519,
5,2025-07-08 13:37:00,Small Town Murder,"Creepy Killer Motives - Wakefield, Massachusetts",1089401,
5,2025-07-08 20:49:00,Small Town Murder,"Creepy Killer Motives - Wakefield, Massachusetts",976562,
5,2025-07-09 12:53:00,Small Town Murder,"Creepy Killer Motives - Wakefield, Massachusetts",952007,
5,2025-07-09 19:16:00,Small Town Murder,"Creepy Killer Motives - Wakefield, Massachusetts",2251698,
5,2025-07-10 14:54:00,Small Town Murder,"Creepy Killer Motives - Wakefield, Massachusetts",1445904,
5,2025-07-10 20:04:00,Small Town Murder,"Creepy Killer Motives - Wakefield, Massachusetts",953861,
5,2025-07-10 20:26:00,Small Town Murder,"Serial Butcher Killer - Parkersburg, West Virginia",441089,
5,2025-07-13 01:05:00,Small Town Murder,"Serial Butcher Killer - Parkersburg, West Virginia",639137,
5,2025-07-13 17:14:00,Small Town Murder,"Serial Butcher Killer - Parkersburg, West Virginia",5473,
5,2025-07-13 17:14:00,Small Town Murder,"Serial Butcher Killer - Parkersburg, West Virginia",6845,
5,2025-07-14 14:13:00,Small Town Murder,"Serial Butcher Killer - Parkersburg, West Virginia",1132819,
5,2025-07-14 20:35:00,Small Town Murder,"Serial Butcher Killer - Parkersburg, West Virginia",1010844,
5,2025-07-15 00:11:00,Small Town Murder,"Serial Butcher Killer - Parkersburg, West Virginia",1366074,
5,2025-07-15 01:24:00,Small Town Murder,"Serial Butcher Killer - Parkersburg, West Virginia",2077711,
5,2025-07-15 08:29:00,Small Town Murder,"Serial Butcher Killer - Parkersburg, West Virginia",21848,
5,2025-07-23 19:40:00,The Lonely Island and Seth Meyers Podcast,Movie Awards,0,
5,2025-07-23 20:34:00,Small Town Murder,"Serial Butcher Killer - Parkersburg, West Virginia",1260982,
5,2025-07-24 12:01:00,Small Town Murder,"Serial Butcher Killer - Parkersburg, West Virginia",1168040,
5,2025-07-24 19:27:00,Small Town Murder,"Serial Butcher Killer - Parkersburg, West Virginia",706559,
5,2025-07-24 20:21:00,Small Town Murder,"Behind The Murder Mask - Litchfield, Maine",572011,
5,2025-07-25 14:10:00,True Crime with Rachel Shannon,"Her Murder Uncovered a Twisted Web of Dark, Disturbing Secrets: THE ROSE PETAL MURDER",1439,
5,2025-07-25 14:21:00,Small Town Murder,"Behind The Murder Mask - Litchfield, Maine",625555,
5,2025-07-25 15:12:00,Small Town Murder,"Behind The Murder Mask - Litchfield, Maine",282880,
5,2025-07-25 16:30:00,Small Town Murder,"Behind The Murder Mask - Litchfield, Maine",1987055,
5,2025-07-26 20:04:00,True Crime with Rachel Shannon,"Her Murder Uncovered a Twisted Web of Dark, Disturbing Secrets: THE ROSE PETAL MURDER",1705,
5,2025-07-26 20:05:00,Small Town Murder,"Behind The Murder Mask - Litchfield, Maine",405891,
5,2025-07-26 21:03:00,Small Town Murder,"The Orange Sock Murders - Breckenridge, Colorado",1212042,
5,2025-08-06 12:01:00,Small Town Murder,"Murder Mystery Gone Wild - Payson, Utah",0,
5,2025-08-06 13:12:00,Small Town Murder,"The Orange Sock Murders - Breckenridge, Colorado",1750651,
5,2025-08-06 14:59:00,Small Town Murder,"The Orange Sock Murders - Breckenridge, Colorado",1165082,
5,2025-08-07 11:28:00,Small Town Murder,"The Orange Sock Murders - Breckenridge, Colorado",0,
5,2025-08-07 12:06:00,Small Town Murder,"Brutal Murder, Stupid Murderer - Garfield, New Jersey",1160996,
5,2025-08-07 19:07:00,Small Town Murder,"Brutal Murder, Stupid Murderer - Garfield, New Jersey",1257265,
5,2025-08-07 21:27:00,Rotten Mango Video,I Received A Message From A Serial Killer’s Wife Asking For Help…,0,
5,2025-08-07 21:27:00,Small Town Murder,"Brutal Murder, Stupid Murderer - Garfield, New Jersey",1791,
5,2025-08-08 00:21:00,Rotten Mango Video,I Received A Message From A Serial Killer’s Wife Asking For Help…,0,
5,2025-08-08 01:25:00,Small Town Murder,"Brutal Murder, Stupid Murderer - Garfield, New Jersey",997111,
5,2025-08-08 10:46:00,Rotten Mango Video,I Received A Message From A Serial Killer’s Wife Asking For Help…,0,
5,2025-08-08 11:15:00,Rotten Mango Video,I Received A Message From A Serial Killer’s Wife Asking For Help…,1676890,
5,2025-08-08 11:15:00,Small Town Murder,"Brutal Murder, Stupid Murderer - Garfield, New Jersey",988743,
5,2025-08-08 18:43:00,Small Town Murder,"Brutal Murder, Stupid Murderer - Garfield, New Jersey",1886556,
5,2025-08-10 01:20:00,Rotten Mango Video,I Received A Message From A Serial Killer’s Wife Asking For Help…,5528,
5,2025-08-10 01:20:00,Small Town Murder,"Brutal Murder, Stupid Murderer - Garfield, New Jersey",6571,
5,2025-08-11 13:37:00,Rotten Mango Video,I Received A Message From A Serial Killer’s Wife Asking For Help…,587,
5,2025-08-14 21:27:00,Rotten Mango Video,I Received A Message From A Serial Killer’s Wife Asking For Help…,8687,
5,2025-08-15 21:07:00,Rotten Mango Video,I Received A Message From A Serial Killer’s Wife Asking For Help…,1199,
5,2025-08-15 21:16:00,Rotten Mango Video,I Received A Message From A Serial Killer’s Wife Asking For Help…,0,
5,2025-08-16 01:56:00,Rotten Mango Video,I Received A Message From A Serial Killer’s Wife Asking For Help…,3727,
5,2025-08-18 16:46:00,Small Town Murder,"Lady Leatherface - Aberdeen, New South Wales, Australia",1806601,
5,2025-08-19 21:14:00,Small Town Murder,"Lady Leatherface - Aberdeen, New South Wales, Australia",66855,
5,2025-08-26 12:48:00,Rotten Mango Video,"China's ""Red Uncle/Sister Hong"" Exposed W/ 1600+ Victims But Became The Biggest MEME",3831,
5,2025-08-26 13:38:00,Small Town Murder,"Beauty Queen Conspiracy Murder - Freeland, Washington",855940,
5,2025-08-26 20:32:00,Small Town Murder,"Beauty Queen Conspiracy Murder - Freeland, Washington",18599,
5,2025-08-28 14:31:00,Small Town Murder,"Beauty Queen Conspiracy Murder - Freeland, Washington",840407,
5,2025-08-28 18:25:00,Small Town Murder,"Beauty Queen Conspiracy Murder - Freeland, Washington",2117058,
5,2025-08-29 16:18:00,Small Town Murder,"Beauty Queen Conspiracy Murder - Freeland, Washington",25809,
5,2025-09-17 22:45:00,Small Town Murder,"The Thirsty Killer - Kings Mountain, North Carolina",2047135,
5,2025-09-18 15:19:00,Small Town Murder,"The Thirsty Killer - Kings Mountain, North Carolina",10448,
5,2025-09-19 13:28:00,Small Town Murder,"The Thirsty Killer - Kings Mountain, North Carolina",1400713,
5,2025-09-19 14:52:00,Small Town Murder,"The Thirsty Killer - Kings Mountain, North Carolina",47225,
5,2025-09-19 15:13:00,Small Town Murder,"Bloody Rose Petals - Greer, South Carolina",1133102,
5,2025-09-26 15:12:00,Small Town Murder,"Forest Serial Killer - Oak Grove, Oregon",1069645,
5,2025-09-26 15:41:00,Small Town Murder,"Forest Serial Killer - Oak Grove, Oregon",1382522,
5,2025-10-26 23:59:00,Pod Save America,Trump (Literally) Destroys White House,940,
5,2025-12-16 21:21:00,The Rest Is History,"The Beatles: The Band that Changed the World, with Conan O’Brien (Part 1)",4243,
5,2025-12-29 15:45:00,Good Hang with Amy Poehler,Aubrey Plaza,0,
5,2025-12-29 21:22:00,Good Hang with Amy Poehler,Aubrey Plaza,0,
5,2026-01-06 13:43:00,The Ramsey Show,Money Turns Family Drama Into Financial Disaster,14510,
6,2025-03-22 04:46:00,Matt Beall Podcast,Impossible Precision: A Scientific Study of Ancient Egyptian Stone Vessels | #45 Dr. Max Fomitchev-Zamilov,0,
6,2025-03-22 04:46:00,Matt Beall Podcast,Impossible Precision: A Scientific Study of Ancient Egyptian Stone Vessels | #45 Dr. Max Fomitchev-Zamilov,1900,
6,2025-03-22 04:46:00,Matt Beall Podcast,Impossible Precision: A Scientific Study of Ancient Egyptian Stone Vessels | #45 Dr. Max Fomitchev-Zamilov,5383,
6,2025-03-22 13:34:00,Matt Beall Podcast,Impossible Precision: A Scientific Study of Ancient Egyptian Stone Vessels | #45 Dr. Max Fomitchev-Zamilov,630,
6,2025-04-30 03:27:00,Firez's Favs,Get Lost,99735,
6,2025-04-30 16:01:00,Musik,can u be - kanye,334088,
6,2025-05-26 18:24:00,The Joe Rogan Experience,#2309 - Joey Diaz,6580,
6,2025-06-05 01:58:00,Veritasium,What Everyone Gets Wrong About Football (ft. Tom Brady),17184,
6,2025-06-05 01:59:00,Veritasium,What Everyone Gets Wrong About Football (ft. Tom Brady),6230,
6,2025-06-08 01:09:00,Spotify Presents,Spotify Presents: Travis Scott Live from Barcelona,610,
6,2025-06-08 01:15:00,Spotify Presents,Spotify Presents: Travis Scott Live from Barcelona,450,
6,2025-06-11 03:04:00,Spotify Presents,Spotify Presents: Travis Scott Live from Barcelona,0,
6,2025-06-11 03:04:00,Spotify Presents,Spotify Presents: Travis Scott Live from Barcelona,1630,
6,2025-06-11 16:27:00,Spotify Presents,Spotify Presents: Travis Scott Live from Barcelona,490,
6,2025-06-11 22:50:00,Spotify Presents,Spotify Presents: Travis Scott Live from Barcelona,1540,
6,2025-06-11 22:50:00,Spotify Presents,Spotify Presents: Travis Scott Live from Barcelona,830,
6,2025-07-02 02:27:00,The Stride Report,"Did a Future NCAA Title Threat Just Enter the Transfer Portal? Plus, Massive Transfer Hauls from UVA & Colorado!",611909,
6,2025-07-25 03:22:00,Conspiracy Theories,Time-Slipping Through Europe,0,
6,2025-07-25 04:02:00,Conspiracy Theories,Time-Slipping Through Europe,1020,
6,2025-07-26 05:53:00,Just Creepy: Scary Stories,4 Scary Appalachian Horror Stories For A Dark Summer Night,0,
6,2025-07-26 07:49:00,Just Creepy: Scary Stories,4 Scary Appalachian Horror Stories For A Dark Summer Night,1440,
6,2025-07-26 11:25:00,Just Creepy: Scary Stories,4 Scary Appalachian Horror Stories For A Dark Summer Night,5106,
6,2025-07-26 11:25:00,Just Creepy: Scary Stories,4 Scary Appalachian Horror Stories For A Dark Summer Night,0,
6,2025-07-26 11:27:00,Just Creepy: Scary Stories,4 Scary Appalachian Horror Stories For A Dark Summer Night,230,
6,2025-07-26 12:28:00,Just Creepy: Scary Stories,4 Scary Appalachian Horror Stories For A Dark Summer Night,4374,
6,2025-08-12 18:56:00,Beer Mile Podcast,Corey Bellemore after his 4:27 Beer Mile World Record at the 2025 Beer Mile World Classic,0,
6,2025-08-16 23:14:00,The History of the Bible,Ep.1 In the Beginning,589482,
6,2025-08-17 05:16:00,The History of the Bible,Ep.2 My Brother Who?,321813,
7,2025-01-15 23:35:00,Not Another D&D Podcast,Trinyvale - Ep. 22: Only Time Will Tell,3558770,
7,2025-01-28 02:34:00,Distractible,Where Am I?!,2994096,
7,2025-01-28 03:42:00,Distractible,There's An Easter Egg At 43:51,713921,
7,2025-01-29 17:04:00,Not Another D&D Podcast,Trinyvale - Ep. 22: Only Time Will Tell,6545670,
7,2025-01-29 18:20:00,Not Another D&D Podcast,The Mavrus Chronicles - Ep 1: Hot Boy Summer (w/ Zac Oyama),4545730,
7,2025-01-30 02:50:00,Not Another D&D Podcast,The Mavrus Chronicles - Ep 1: Hot Boy Summer (w/ Zac Oyama),1713230,
7,2025-01-30 04:24:00,Not Another D&D Podcast,The Mavrus Chronicles - Ep 2: Microbrews Clues (w/ Zac Oyama),5065840,
7,2025-02-02 01:19:00,Distractible,Order Matters Too,3490681,
7,2025-02-02 02:07:00,Distractible,More Broken News,2867061,
7,2025-02-04 03:43:00,Distractible,Big Dog Energy,3645120,
7,2025-02-07 22:01:00,Distractible,"Acronyms, But Better",3226621,
7,2025-02-09 17:56:00,Not Another D&D Podcast,The Mavrus Chronicles - Ep 3: Magic Storms & Cottagecore (w/ Zac Oyama),4497980,
7,2025-02-10 22:16:00,Distractible,WordPad Broke,2187000,
7,2025-02-18 02:26:00,Distractible,Mark Prepared For This,3401001,
7,2025-02-18 03:16:00,Distractible,The Council of Distractible (Part 2),3045021,
7,2025-02-21 20:16:00,Distractible,Mark's One Man Show,3479692,
7,2025-02-23 15:57:00,Not Another D&D Podcast,The Mavrus Chronicles - Ep 4: Down the Chute (w/ Zac Oyama),5693510,
7,2025-02-23 17:36:00,Not Another D&D Podcast,The Mavrus Chronicles - Ep 5: Into the Kelp Forest (w/ Zac Oyama),5814410,
7,2025-02-23 18:20:00,Not Another D&D Podcast,The Mavrus Chronicles - Ep 6: Merfolk Melee  (w/ Zac Oyama),1390830,
7,2025-02-24 01:09:00,Not Another D&D Podcast,The Mavrus Chronicles - Ep 6: Merfolk Melee  (w/ Zac Oyama),5735920,
7,2025-02-24 03:27:00,Not Another D&D Podcast,The Mavrus Chronicles - Ep 7: Carl (w/ Zac Oyama),5078260,
7,2025-02-25 03:00:00,Markiplier,PowerWash Pals Podcast: Markiplier (Part 2),1451,
7,2025-02-25 03:00:00,Dungeons and Daddies,Ep. 1 - A Man and His Handshake,740,
7,2025-02-27 23:25:00,Not Another D&D Podcast,The Mavrus Chronicles - Ep 7: Carl (w/ Zac Oyama),2517140,
7,2025-03-04 02:58:00,Distractible,Who Want Million?,3725031,
7,2025-03-04 03:51:00,Distractible,Right In The Sauce Box,2077885,
7,2025-03-08 22:48:00,Distractible,Hide The Penny,4125257,
7,2025-03-10 18:29:00,Distractible,September 10th,4095295,
7,2025-03-13 19:13:00,Smosh Reads Reddit Stories,"Stories That Made Us Go ""OOF"" | Reading Reddit Stories",970,
7,2025-03-13 19:13:00,Distractible,20 Easy Questions,4464,
7,2025-03-13 19:13:00,Legends of Avantris,Once Upon a Witchlight | Ep. 1 | Circus to Circus,5530,
7,2025-03-13 19:13:00,Markiplier,PowerWash Pals Podcast: MatPat (Game Theory),2750,
7,2025-03-13 19:13:00,Tales from the Stinky Dragon,C01 - Ep. 01 - Infinight Interns - Welcome to Boulderay,1220,
7,2025-03-13 19:13:00,Tales from the Stinky Dragon,C01 - Ep. 01 - Infinight Interns - Welcome to Boulderay,550,
7,2025-03-13 19:13:00,Tales from the Stinky Dragon,C01 - Ep. 01 - Infinight Interns - Welcome to Boulderay,630,
7,2025-03-13 19:13:00,Dimension 20,Fantasy High | Ep. 1 | The Beginning Begins,460,
7,2025-03-13 19:13:00,Girls Who Don‘t DnD,S01E01: Throw it into the sea - GWDDnD - Ch1: The Amnesia Chronicles,910,
7,2025-03-13 19:13:00,Dungeons and Daddies,Ep. 1 - A Man and His Handshake,1260,
7,2025-03-13 19:13:00,Not Another D&D Podcast,Eldermourne - Ep. 0: Welcome to Eldermourne,1740,
7,2025-03-15 15:39:00,Distractible,Our Shirts Are Out,3282292,
7,2025-03-17 15:36:00,Not Another D&D Podcast,Eldermourne - Ep. 0: Welcome to Eldermourne,3182020,
7,2025-03-17 17:15:00,Not Another D&D Podcast,Eldermourne - Ep. 1: The Reaping Season,5822610,
7,2025-03-17 17:32:00,Not Another D&D Podcast,Eldermourne - Ep. 2: Jabs and Hooks,833510,
7,2025-03-18 02:54:00,Not Another D&D Podcast,Eldermourne - Ep. 2: Jabs and Hooks,5051690,
7,2025-03-18 04:27:00,Not Another D&D Podcast,Eldermourne - Ep. 3: Broken Heart Banshee,5536150,
7,2025-03-18 04:28:00,Not Another D&D Podcast,Election Day Mixed Bag Mixtape - D&D Court I-III,13050,
7,2025-03-18 04:55:00,Not Another D&D Podcast,Eldermourne - Ep. 4: Ghosts of Thornkirk,1613540,
7,2025-03-18 12:58:00,Not Another D&D Podcast,Eldermourne - Ep. 4: Ghosts of Thornkirk,2868150,
7,2025-03-18 13:16:00,Not Another D&D Podcast,Eldermourne - Ep. 5: The Baroness,952750,
7,2025-03-18 16:17:00,Not Another D&D Podcast,Eldermourne - Ep. 5: The Baroness,3687870,
7,2025-03-29 00:02:00,Distractible,Illegal Advice Too,319508,
7,2025-03-29 00:03:00,Distractible,Illegal Advice Too,1224,
7,2025-03-29 00:48:00,Distractible,Illegal Advice Too,2511543,
7,2025-03-29 00:57:00,Distractible,Illegal Advice Too,497701,
7,2025-03-29 01:27:00,Distractible,Faster or Slower?,1337984,
7,2025-03-29 14:06:00,Not Another D&D Podcast,Eldermourne - Ep. 5: The Baroness,1117360,
7,2025-03-29 15:58:00,Not Another D&D Podcast,Eldermourne - Ep. 6: The Rook's Gambit,5798220,
7,2025-03-29 17:40:00,Not Another D&D Podcast,Eldermourne - Ep. 7: Trial by Scale,5719640,
7,2025-03-29 19:32:00,Not Another D&D Podcast,Eldermourne - Ep. 8: Until We Meet Again,575090,
7,2025-03-30 23:28:00,Not Another D&D Podcast,Eldermourne - Ep. 8: Until We Meet Again,4041830,
7,2025-03-31 00:33:00,Not Another D&D Podcast,"Eldermourne - Arc 2 Ep. 0: Oops, All New Characters! (w/ Lou Wilson)",3828450,
7,2025-03-31 01:15:00,Not Another D&D Podcast,Eldermourne - Ep. 9: Hexblood (w/ Lou Wilson),1438210,
7,2025-03-31 02:22:00,Not Another D&D Podcast,Eldermourne - Ep. 9: Hexblood (w/ Lou Wilson),4055180,
7,2025-03-31 02:58:00,Not Another D&D Podcast,Eldermourne - Ep. 10: The Would Be King (w/ Lou Wilson),1966660,
7,2025-04-03 01:43:00,Distractible,Faster or Slower?,2991450,
7,2025-04-03 12:46:00,Distractible,Animal Noises Too,677215,
7,2025-04-03 13:20:00,Not Another D&D Podcast,Eldermourne - Ep. 10: The Would Be King (w/ Lou Wilson),1795920,
7,2025-04-03 18:10:00,Not Another D&D Podcast,Eldermourne - Ep. 10: The Would Be King (w/ Lou Wilson),1326280,
7,2025-04-05 16:59:00,Distractible,Distractible Travel Guide: Cincinnati ,3944261,
7,2025-04-10 04:36:00,Distractible,Distractible Travel Guide: Cincinnati ,1304,
7,2025-04-14 14:03:00,Not Another D&D Podcast,Eldermourne - Ep. 10: The Would Be King (w/ Lou Wilson),609330,
7,2025-04-14 15:40:00,Not Another D&D Podcast,Eldermourne - Ep. 11: Killshot (w/ Lou Wilson),5800780,
7,2025-04-14 17:52:00,Not Another D&D Podcast,Eldermourne - Ep. 12: The Prophet Gideon (w/ Lou Wilson),3852642,
7,2025-04-15 01:35:00,Not Another D&D Podcast,Eldermourne - Ep. 12: The Prophet Gideon (w/ Lou Wilson),1542690,
7,2025-04-15 03:04:00,Not Another D&D Podcast,Eldermourne - Ep. 13: Cindersworn (w/ Lou Wilson),5298950,
7,2025-04-15 04:04:00,Not Another D&D Podcast,Eldermourne - Ep. 14: The Petty King of Outerborough (w/ Lou Wilson),3586990,
7,2025-04-15 04:05:00,Not Another D&D Podcast,Eldermourne - Ep. 13: Cindersworn (w/ Lou Wilson),29750,
7,2025-04-15 04:39:00,Not Another D&D Podcast,Eldermourne - Ep. 14: The Petty King of Outerborough (w/ Lou Wilson),9280,
7,2025-04-18 01:43:00,Distractible,"Nah, I'd Win (Part 3)",3621757,
7,2025-04-18 02:47:00,Distractible,Slice of Life,3854099,
7,2025-04-18 03:38:00,Distractible,Even More Broken News,3057490,
7,2025-04-26 14:30:00,Not Another D&D Podcast,Eldermourne - Ep. 14: The Petty King of Outerborough (w/ Lou Wilson),1781070,
7,2025-04-26 16:20:00,Not Another D&D Podcast,Eldermourne - Ep. 15: Portrait of a Blade,6588240,
7,2025-04-27 17:01:00,Not Another D&D Podcast,Eldermourne - Ep. 16: Curses & Cliffhangers,5048340,
7,2025-04-27 22:59:00,Not Another D&D Podcast,Eldermourne - Ep. 17: Monsters of the Mountain,4365620,
7,2025-04-27 23:22:00,Not Another D&D Podcast,Eldermourne - Ep. 17: Monsters of the Mountain,1403880,
7,2025-04-28 01:26:00,Not Another D&D Podcast,Eldermourne - Ep. 18: Temple of the Guardians,6043000,
7,2025-04-28 02:43:00,Not Another D&D Podcast,Eldermourne - Ep. 19: Blade Witch,3325050,
7,2025-04-30 20:23:00,Distractible,Dippy Dawg Does Dunkirk,884629,
7,2025-04-30 20:57:00,Distractible,The Even More Perfecter Crime,2027928,
7,2025-05-01 17:45:00,Distractible,The Even More Perfecter Crime,1050,
7,2025-05-03 18:11:00,Distractible,Weird (Part 4),3781134,
7,2025-05-10 18:03:00,Distractible,Who Is Us?,3880974,
7,2025-05-10 21:06:00,Distractible,"idk, some ""Q""s",3816235,
7,2025-05-12 17:43:00,Not Another D&D Podcast,Eldermourne - Ep. 19: Blade Witch,3266030,
7,2025-05-12 19:20:00,Not Another D&D Podcast,Eldermourne - Ep. 20: Olwen the Sullen,2950930,
7,2025-05-13 14:33:00,Not Another D&D Podcast,Eldermourne - Ep. 20: Olwen the Sullen,1756520,
7,2025-05-13 16:27:00,Not Another D&D Podcast,Eldermourne - Ep. 21: The Crux,6798400,
7,2025-05-14 01:22:00,Not Another D&D Podcast,Eldermourne - Ep. 22: Ghost Dragon,3151100,
7,2025-05-14 01:55:00,Not Another D&D Podcast,Eldermourne - Ep. 22: Ghost Dragon,1975200,
7,2025-05-14 03:12:00,Not Another D&D Podcast,Eldermourne - Ep. 23: Scrappers,4532680,
7,2025-05-16 20:34:00,Distractible,Three Word Sales Pitch,3417976,
7,2025-05-16 21:08:00,Distractible,Mark's Big Dumb Word Game,2028728,
7,2025-05-21 21:44:00,Not Another D&D Podcast,Eldermourne - Ep. 24: Awakened,4419670,
7,2025-05-22 17:24:00,Smosh Reads Reddit Stories,The REAL Kitchen Nightmares | Reading Reddit Stories,180,
7,2025-05-22 17:24:00,Distractible,Distractible Riddle Realm,1290,
7,2025-05-23 14:26:00,Not Another D&D Podcast,Eldermourne - Ep. 24: Awakened,1933370,
7,2025-05-23 15:59:00,Not Another D&D Podcast,Eldermourne - Ep. 25: Flesh and Blood,5572960,
7,2025-05-23 16:45:00,Not Another D&D Podcast,Eldermourne - Ep. 26: Too Late,1690860,
7,2025-05-26 22:20:00,Not Another D&D Podcast,Welcome to Not Another D&D Podcast! (Meet the Party),17393,
7,2025-05-27 17:47:00,Not Another D&D Podcast,Ep. 1: Green Teens Gone (The Moonstone Saga),1905524,
7,2025-05-27 19:15:00,Not Another D&D Podcast,Eldermourne - Ep. 26: Too Late,3300900,
7,2025-05-27 20:41:00,Not Another D&D Podcast,Eldermourne - Ep. 27: Broken Bonds,4810090,
7,2025-05-28 14:21:00,Distractible,Am I The Asshole?,0,
7,2025-05-28 14:21:00,Not Another D&D Podcast,Eldermourne - Ep. 28: Lockdown,4775090,
7,2025-05-29 19:17:00,Not Another D&D Podcast,Election Day Mixed Bag Mixtape - D&D Court I-III,7926882,
7,2025-06-17 17:15:00,Distractible,20 Easy Questions,894,
7,2025-06-17 18:16:00,Distractible,A Disgusting Episode,3557457,
7,2025-06-17 18:23:00,Distractible,Don't Get Me Started,458002,
7,2025-06-20 14:38:00,Not Another D&D Podcast,Eldermourne - Ep. 28: Lockdown,352150,
7,2025-06-20 16:32:00,Not Another D&D Podcast,Eldermourne - Ep. 29: Sirenloch,6874610,
7,2025-06-20 18:16:00,Not Another D&D Podcast,Eldermourne - Ep. 30: Endoterra,6158311,
7,2025-06-20 19:33:00,Not Another D&D Podcast,Eldermourne - Ep. 31: Disciples of the Scythe,3952330,
7,2025-06-22 23:05:00,Not Another D&D Podcast,Eldermourne - Ep. 31: Disciples of the Scythe,2101800,
7,2025-06-23 00:38:00,Not Another D&D Podcast,Eldermourne - Ep. 32: People on the Inside,5579050,
7,2025-06-23 02:06:00,Not Another D&D Podcast,Eldermourne - Ep. 33: People on the Outside,5263890,
7,2025-07-03 22:22:00,Not Another D&D Podcast,Eldermourne - Ep. 34: Wyvern Knight,5809000,
7,2025-07-03 23:37:00,Not Another D&D Podcast,Eldermourne - Ep. 35: Familiar,4135370,
7,2025-07-04 00:15:00,Not Another D&D Podcast,Eldermourne - Ep. 35: Familiar,2299680,
7,2025-07-04 00:53:00,Not Another D&D Podcast,Eldermourne - Ep. 36: The Great Fairy Secret,2188360,
7,2025-07-07 22:56:00,Not Another D&D Podcast,Eldermourne - Ep. 36: The Great Fairy Secret,3373220,
7,2025-07-08 00:57:00,Not Another D&D Podcast,Eldermourne - Ep. 37: The Lord Scythe,5053340,
7,2025-07-08 02:26:00,Not Another D&D Podcast,Eldermourne - Ep. 38: Ill Luck Henry,5340110,
7,2025-07-09 18:42:00,Not Another D&D Podcast,Eldermourne - Ep. 39: Cain vs. Callista,2143680,
7,2025-07-09 18:44:00,The Charisma Check Podcast,S01E01 - A Hero's Welcome - The Charisma Check Podcast,66340,
7,2025-07-09 18:50:00,Charisma Check Podcast,"Charisma Check: Episode 0, Introduction",356860,
7,2025-07-15 13:04:00,Not Another D&D Podcast,Eldermourne - Ep. 39: Cain vs. Callista,2903050,
7,2025-07-15 16:11:00,Not Another D&D Podcast,Eldermourne - Ep. 40: The Girl with the Silver Hair,1091690,
7,2025-07-15 17:23:00,Not Another D&D Podcast,Eldermourne - Ep. 40: The Girl with the Silver Hair,3981620,
7,2025-07-18 20:36:00,Not Another D&D Podcast,Eldermourne - Ep. 40: The Girl with the Silver Hair,552430,
7,2025-07-19 00:08:00,Not Another D&D Podcast,Eldermourne - Ep. 41: Cerenysus,12714680,
7,2025-07-19 00:56:00,Not Another D&D Podcast,Campaign 3 Announcement & Discussion,2823610,
7,2025-07-19 17:21:00,Game Theory,The Hidden Truth of Afton's Experiments Finally REVEALED,1330,
7,2025-07-19 20:30:00,Not Another D&D Podcast,Campaign 3 Announcement & Discussion,46626,
7,2025-07-20 22:39:00,Not Another D&D Podcast,Campaign 3 Announcement & Discussion,614980,
7,2025-07-20 23:31:00,Not Another D&D Podcast,C3 Ep. 0 - Welcome Back to Bahumia,3068730,
7,2025-07-21 00:59:00,Not Another D&D Podcast,C3 Ep. 1: D-Class Knights (The Mothership Saga),5239860,
7,2025-07-21 01:47:00,Not Another D&D Podcast,C3 Ep. 3: Missing Soldier (The Mothership Saga),0,
7,2025-07-21 01:47:00,Not Another D&D Podcast,C3 Ep. 2: Symbol of Ezry (The Mothership Saga),2872420,
7,2025-07-21 02:38:00,Not Another D&D Podcast,C3 Ep. 2: Symbol of Ezry (The Mothership Saga),2894120,
7,2025-07-22 16:09:00,Not Another D&D Podcast,C3 Ep. 3: Missing Soldier (The Mothership Saga),5767300,
7,2025-07-22 18:01:00,Not Another D&D Podcast,C3 Ep. 4: A Frog in the Fog (The Mothership Saga),6076880,
7,2025-07-25 18:08:00,Billions Club: The Series,Billions Club Live with Miley Cyrus: A Concert Film,3600,
7,2025-08-05 15:57:00,Not Another D&D Podcast,C3 Ep. 5: Psi Guys (The Mothership Saga),4661560,
7,2025-08-05 17:33:00,Not Another D&D Podcast,C3 Ep. 6: The Man Wizard & His Bunny Bud (The Mothership Saga),5702870,
7,2025-08-05 18:57:00,Not Another D&D Podcast,"D&D Court: Pilfered Portents, Hidden Ents and The Great Food Truck Race",1033616,
7,2025-08-06 01:21:00,Not Another D&D Podcast,"D&D Court: Pilfered Portents, Hidden Ents and The Great Food Truck Race",1570,
7,2025-08-06 02:54:00,Not Another D&D Podcast,C3 Ep. 7: Ma Goblin's Mob Goblin (The Mothership Saga),5541670,
7,2025-08-06 04:22:00,Not Another D&D Podcast,C3 Ep. 8: Beneath the Surface (The Mothership Saga),4992970,
7,2025-08-16 17:32:00,Not Another D&D Podcast,C3 Ep. 9: Lightkeepers (The Mothership Saga),4715110,
7,2025-08-16 19:23:00,Not Another D&D Podcast,C3 Ep. 10: To the Airship! (The Mothership Saga),6642710,
7,2025-08-16 20:07:00,Not Another D&D Podcast,C3 Ep. 11: Beatrix (The Mothership Saga),2204370,
7,2025-08-18 10:19:00,Not Another D&D Podcast,C3 Ep. 11: Beatrix (The Mothership Saga),2585340,
7,2025-08-18 11:21:00,Not Another D&D Podcast,C3 Ep. 12: Go! Go! Team Tection (The Mothership Saga),3357910,
7,2025-08-18 20:22:00,Not Another D&D Podcast,C3 Ep. 12: Go! Go! Team Tection (The Mothership Saga),1908130,
7,2025-08-19 09:36:00,Not Another D&D Podcast,C3 Ep. 13: Alexandrite (The Mothership Saga),3552500,
7,2025-08-19 10:26:00,Not Another D&D Podcast,C3 Ep. 13: Alexandrite (The Mothership Saga),2880750,
7,2025-08-19 19:21:00,Not Another D&D Podcast,C3 Ep. 14: Unfinished Business (The Mothership Saga),1381780,
7,2025-08-20 09:37:00,Not Another D&D Podcast,C3 Ep. 14: Unfinished Business (The Mothership Saga),3681400,
7,2025-08-20 09:45:00,Not Another D&D Podcast,C3 Ep. 14: Unfinished Business (The Mothership Saga),489660,
7,2025-08-20 10:56:00,Not Another D&D Podcast,C3 Ep. 15: Princess Shiverblight (The Dragon Elf Chronicles),3844740,
7,2025-08-20 20:52:00,Not Another D&D Podcast,C3 Ep. 15: Princess Shiverblight (The Dragon Elf Chronicles),2870830,
7,2025-08-22 23:49:00,Not Another D&D Podcast,C3 Ep. 15: Princess Shiverblight (The Dragon Elf Chronicles),5155,
7,2025-08-26 11:08:00,Not Another D&D Podcast,C3 Ep. 16: The Terrible Fate of Sir Calder (The Dragon Elf Chronicles),4753980,
7,2025-08-26 21:16:00,Not Another D&D Podcast,C3 Ep. 16: The Terrible Fate of Sir Calder (The Dragon Elf Chronicles),2346390,
7,2025-08-27 01:38:00,Not Another D&D Podcast,C3 Ep. 17: The Green Lord (The Dragon Elf Chronicles),2756350,
7,2025-08-27 10:46:00,Not Another D&D Podcast,C3 Ep. 17: The Green Lord (The Dragon Elf Chronicles),4023300,
7,2025-08-27 11:10:00,Not Another D&D Podcast,C3 Ep. 18: Shroomrot (The Dragon Elf Chronicles),1073440,
7,2025-08-27 17:32:00,Distractible,Legend of The Monkey's Paw,0,
7,2025-08-27 17:32:00,Sweet n Sour Podcast,My Dog Ragebaited the Internet | ep 50 | Sweet n' Sour,555,
7,2025-08-27 17:32:00,Sweet n Sour Podcast,My Dog Ragebaited the Internet | ep 50 | Sweet n' Sour,1565,
7,2025-08-27 17:32:00,CreepCast,The Dead Girl In My Yard | CreepCast,1903,
7,2025-08-27 17:32:00,oompaville,You Just Shouldn't Go To Antarctica...,0,
7,2025-08-27 17:32:00,Markiplier,PowerWash Pals: Markiplier (Voices In My Head),0,
7,2025-08-27 17:32:00,That's What She Said,#24 - goodbye...,1202,
7,2025-08-27 20:49:00,Not Another D&D Podcast,C3 Ep. 18: Shroomrot (The Dragon Elf Chronicles),4261110,
7,2025-08-28 09:44:00,Not Another D&D Podcast,C3 Ep. 19: Hunters of the Void (The Dragon Elf Chronicles),1723830,
7,2025-08-28 10:53:00,Not Another D&D Podcast,C3 Ep. 19: Hunters of the Void (The Dragon Elf Chronicles),4083740,
7,2025-08-28 12:14:00,Not Another D&D Podcast,C3 Ep. 20: The Sapphire Scale (The Dragon Elf Chronicles),509120,
7,2025-08-28 20:44:00,Not Another D&D Podcast,C3 Ep. 20: The Sapphire Scale (The Dragon Elf Chronicles),4511520,
7,2025-08-28 21:30:00,Not Another D&D Podcast,C3 Ep. 21: Glen (The Dragon Elf Chronicles),656280,
7,2025-08-30 14:24:00,Not Another D&D Podcast,C3 Ep. 21: Glen (The Dragon Elf Chronicles),4608780,
7,2025-08-30 15:51:00,Not Another D&D Podcast,C3 Ep. 22: The Ol' Crick (The Dragon Elf Chronicles),5199410,
7,2025-08-30 17:02:00,Not Another D&D Podcast,C3 Ep. 23: Foster Origins (The Dragon Elf Chronicles),3921140,
7,2025-08-30 20:26:00,Not Another D&D Podcast,C3 Ep. 23: Foster Origins (The Dragon Elf Chronicles),2017150,
7,2025-08-30 22:14:00,Not Another D&D Podcast,C3 Ep. 24: Serpent Knight (The Dragon Elf Chronicles),5867510,
7,2025-08-31 00:16:00,Not Another D&D Podcast,C3 Ep. 25: A Shocking Strategy (The Dragon Elf Chronicles),5588990,
7,2025-09-01 13:44:00,Not Another D&D Podcast,C3 Ep. 25: A Shocking Strategy (The Dragon Elf Chronicles),436245,
7,2025-09-01 14:26:00,Not Another D&D Podcast,"D&D Court: Helm Hammerhand, Skinny Holes, and Rolling for Dinner",2469473,
7,2025-09-01 16:20:00,Not Another D&D Podcast,"D&D Court: Helm Hammerhand, Skinny Holes, and Rolling for Dinner",2462,
7,2025-09-03 01:33:00,Not Another D&D Podcast,C3 Ep. 26: Big Bev (The Dragon Elf Chronicles),3914770,
7,2025-09-03 23:27:00,Not Another D&D Podcast,C3 Ep. 27: King of Dragons (The Dragon Elf Chronicles),3510470,
7,2025-09-04 11:07:00,Not Another D&D Podcast,C3 Ep. 27: King of Dragons (The Dragon Elf Chronicles),4588430,
7,2025-09-05 00:26:00,Not Another D&D Podcast,C3 Ep. 28: Pulling Strings (The Dragon Elf Chronicles),4387690,
7,2025-09-05 11:19:00,Not Another D&D Podcast,C3 Ep. 28: Pulling Strings (The Dragon Elf Chronicles),2693,
7,2025-09-06 15:02:00,Not Another D&D Podcast,C3 Ep. 28: Pulling Strings (The Dragon Elf Chronicles),2758710,
7,2025-09-06 16:43:00,Not Another D&D Podcast,C3 Ep. 29: Crown of Dreams (The Dragon Elf Chronicles),5994730,
7,2025-09-06 19:46:00,Not Another D&D Podcast,C3 Ep. 30: Old Man on the Edge of Town (Legends of Irondeep),5525620,
7,2025-09-06 19:52:00,Not Another D&D Podcast,C3 Ep. 30: Old Man on the Edge of Town (Legends of Irondeep),267401,
7,2025-09-06 19:57:00,Not Another D&D Podcast,Trinyvale X Bahumia Mini-Arc - Ep.01: The Triplets Take Moonstone,0,
7,2025-09-06 21:31:00,Not Another D&D Podcast,C3 Ep. 31: Peaks and Valleys (Legends of Irondeep),5666854,
7,2025-09-06 23:09:00,Not Another D&D Podcast,C3 Ep. 32: The Ones We Couldn't Save (Legends of Irondeep),5067273,
7,2025-09-07 02:04:00,Not Another D&D Podcast,C3 Ep. 33: Mounting Crows (Legends of Irondeep),3443616,
7,2025-09-07 16:11:00,Not Another D&D Podcast,C3 Ep. 33: Mounting Crows (Legends of Irondeep),2810,
7,2025-09-09 10:02:00,Not Another D&D Podcast,C3 Ep. 33: Mounting Crows (Legends of Irondeep),1514823,
7,2025-09-09 10:57:00,Not Another D&D Podcast,C3 Ep. 34: Mothership Bronze (Legends of Irondeep),3280933,
7,2025-09-09 20:59:00,Not Another D&D Podcast,C3 Ep. 34: Mothership Bronze (Legends of Irondeep),3071580,
7,2025-09-09 22:52:00,Not Another D&D Podcast,C3 Ep. 35: Le Lantern (Legends of Irondeep),1722851,
7,2025-09-10 11:04:00,Not Another D&D Podcast,C3 Ep. 35: Le Lantern (Legends of Irondeep),4239361,
7,2025-09-10 11:38:00,Not Another D&D Podcast,C3 Ep. 36: The Down Below (Legends of Irondeep),1093706,
7,2025-09-11 09:11:00,Not Another D&D Podcast,C3 Ep. 36: The Down Below (Legends of Irondeep),3629330,
7,2025-09-11 09:52:00,Not Another D&D Podcast,C3 Ep. 36: The Down Below (Legends of Irondeep),655709,
7,2025-09-11 11:00:00,Not Another D&D Podcast,C3 Ep. 37: The Serpent's Trail (Legends of Irondeep),4052907,
7,2025-09-11 20:51:00,Not Another D&D Podcast,C3 Ep. 37: The Serpent's Trail (Legends of Irondeep),1107707,
7,2025-09-12 19:27:00,Not Another D&D Podcast,C3 Ep. 38: Burrowing Grounds (Legends of Irondeep),2619466,
7,2025-09-12 19:28:00,Not Another D&D Podcast,C3 Ep. 38: Burrowing Grounds (Legends of Irondeep),4134,
7,2025-09-16 10:31:00,Not Another D&D Podcast,C3 Ep. 38: Burrowing Grounds (Legends of Irondeep),2799724,
7,2025-09-16 19:45:00,Not Another D&D Podcast,C3 Ep. 39: Hang On! (Legends of Irondeep),2504248,
7,2025-09-16 19:52:00,Not Another D&D Podcast,"D&D Court: Alignment Issues, Strict Spell Components and a Bad Case of Trap Amnesia",10077,
7,2025-09-16 20:43:00,Not Another D&D Podcast,C3 Ep. 39: Hang On! (Legends of Irondeep),3097662,
7,2025-09-17 09:50:00,Not Another D&D Podcast,C3 Ep. 40: Iron and Fire (Legends of Irondeep),1902711,
7,2025-09-17 10:47:00,Not Another D&D Podcast,C3 Ep. 40: Iron and Fire (Legends of Irondeep),3434627,
7,2025-09-17 11:12:00,Not Another D&D Podcast,C3 Ep. 41: Giant King's Contest (Legends of Irondeep),1497131,
7,2025-09-17 21:21:00,For the Gods,EP 1: First Day of School,1070,
7,2025-09-17 21:21:00,Not Another D&D Podcast,C3 Ep. 41: Giant King's Contest (Legends of Irondeep),3854886,
7,2025-09-17 21:39:00,Not Another D&D Podcast,C3 Ep. 42: Elimination Chamber (Legends of Irondeep),1060550,
7,2025-09-18 09:36:00,For the Gods,EP 1: First Day of School,0,
7,2025-09-18 10:58:00,Not Another D&D Podcast,C3 Ep. 42: Elimination Chamber (Legends of Irondeep),4660481,
7,2025-09-18 19:49:00,Not Another D&D Podcast,C3 Ep. 42: Elimination Chamber (Legends of Irondeep),2601,
7,2025-09-18 20:30:00,Not Another D&D Podcast,C3 Ep. 42: Elimination Chamber (Legends of Irondeep),146703,
7,2025-09-19 20:03:00,Not Another D&D Podcast,C3 Ep. 43: Blood and Wine (Legends of Irondeep),2491338,
7,2025-09-23 10:27:00,Not Another D&D Podcast,C3 Ep. 43: Blood and Wine (Legends of Irondeep),2365001,
7,2025-09-23 11:12:00,Not Another D&D Podcast,C3 Ep.44: Trial by Steel (Legends of Irondeep),2681371,
7,2025-09-23 11:12:00,Not Another D&D Podcast,C3 Ep.44: Trial by Steel (Legends of Irondeep),1696,
7,2025-09-24 10:31:00,Not Another D&D Podcast,C3 Ep.44: Trial by Steel (Legends of Irondeep),2621768,
7,2025-09-24 11:16:00,Not Another D&D Podcast,C3 Ep.45: Lord Ultrus (Legends of Irondeep),2268196,
7,2025-09-24 18:48:00,Not Another D&D Podcast,C3 Ep.45: Lord Ultrus (Legends of Irondeep),3020,
7,2025-09-24 21:04:00,Not Another D&D Podcast,C3 Ep.45: Lord Ultrus (Legends of Irondeep),3971080,
7,2025-09-25 01:27:00,Not Another D&D Podcast,"C3 Ep. 46: Goodbye, Goodbye (Legends of Irondeep)",979418,
7,2025-09-25 11:05:00,Not Another D&D Podcast,"C3 Ep. 46: Goodbye, Goodbye (Legends of Irondeep)",4730186,
7,2025-09-25 21:27:00,Not Another D&D Podcast,C3 Ep. 47: Bad Vibes (The Undersea Interlude),3368614,
7,2025-09-27 13:01:00,Not Another D&D Podcast,C3 Ep. 47: Bad Vibes (The Undersea Interlude),19992,
7,2025-09-30 10:43:00,Not Another D&D Podcast,C3 Ep. 47: Bad Vibes (The Undersea Interlude),2892533,
7,2025-09-30 11:43:00,Not Another D&D Podcast,C3 Ep. 48: Inkling Syndicate (The Undersea Interlude),2409256,
7,2025-09-30 15:05:00,Dark Dice,Season 1 | Ep. 1 | The Silent One,0,
7,2025-09-30 15:05:00,oompaville,They Keep Lying About The Files,0,
7,2025-09-30 15:05:00,Markiplier,PowerWash Pals: Markiplier (Voices In My Head),1569,
7,2025-09-30 15:05:00,Markiplier,PowerWash Pals: Markiplier (Voices In My Head),2023,
7,2025-09-30 15:05:00,Game Theory,The Internet is DEAD…,0,
7,2025-09-30 15:05:00,Distractible,"Shame, Shame, Shame",764,
7,2025-10-01 10:50:00,Not Another D&D Podcast,C3 Ep. 48: Inkling Syndicate (The Undersea Interlude),3517195,
7,2025-10-01 11:13:00,Not Another D&D Podcast,C3 Ep. 49: Toybox (The Undersea Interlude),1331573,
7,2025-10-01 22:21:00,Not Another D&D Podcast,C3 Ep. 49: Toybox (The Undersea Interlude),1875917,
7,2025-10-02 10:14:00,Not Another D&D Podcast,C3 Ep. 49: Toybox (The Undersea Interlude),2073774,
7,2025-10-02 11:03:00,Not Another D&D Podcast,C3 Ep. 50: Beast Master (The Undersea Interlude),2559304,
7,2025-10-02 13:11:00,Charisma Check Podcast,"Charisma Check: Episode 1, The Meeting",1457950,
7,2025-10-07 10:28:00,Not Another D&D Podcast,C3 Ep. 50: Beast Master (The Undersea Interlude),2676262,
7,2025-10-07 11:20:00,Not Another D&D Podcast,Twilight Sanctorum - Ep. 1: The Family Business,3082194,
7,2025-10-07 13:23:00,That's What She Said,#24 - goodbye...,0,
7,2025-10-07 13:24:00,Markiplier,PowerWash Pals: Markiplier (Voices In My Head),0,
7,2025-10-07 13:24:00,Game Theory,What is Minecraft's Suspicious Stew?,0,
7,2025-10-07 13:24:00,Roleplay Podcast,Is NoPixel V the future of RP? | Roleplay Podcast,450,
7,2025-10-07 21:00:00,Not Another D&D Podcast,Twilight Sanctorum - Ep. 1: The Family Business,2088171,
7,2025-10-08 09:41:00,Not Another D&D Podcast,Twilight Sanctorum - Ep. 2: Ghoul-Marked,839424,
7,2025-10-08 11:05:00,Not Another D&D Podcast,Twilight Sanctorum - Ep. 2: Ghoul-Marked,4900525,
7,2025-10-08 21:08:00,Roleplay Podcast,Is NoPixel V the future of RP? | Roleplay Podcast,2846,
7,2025-10-09 09:39:00,Roleplay Podcast,Is NoPixel V the future of RP? | Roleplay Podcast,212,
7,2025-10-09 09:51:00,Not Another D&D Podcast,Twilight Sanctorum - Ep. 2: Ghoul-Marked,721769,
7,2025-10-09 10:57:00,Not Another D&D Podcast,Twilight Sanctorum - Ep 3: Living in Harmony,3955822,
7,2025-10-09 17:01:00,Not Another D&D Podcast,Twilight Sanctorum - Ep 3: Living in Harmony,10031,
7,2025-10-11 11:09:00,Not Another D&D Podcast,Twilight Sanctorum - Ep 3: Living in Harmony,1001778,
7,2025-10-12 14:06:00,Not Another D&D Podcast,Twilight Sanctorum - Ep. 4: Masquerade,673,
7,2025-10-12 14:06:00,Not Another D&D Podcast,Twilight Sanctorum - Ep. 4: Masquerade,7622621,
7,2025-10-14 09:46:00,Legends of Avantris,Once Upon a Witchlight | Ep. 1 | Circus to Circus,0,
7,2025-10-14 11:17:00,Not Another D&D Podcast,C3 Ep. 51: First Hearth (The Ice Knife Saga),5008869,
7,2025-10-15 09:51:00,Not Another D&D Podcast,C3 Ep. 51: First Hearth (The Ice Knife Saga),915981,
7,2025-10-15 10:59:00,Not Another D&D Podcast,C3 Ep. 52: Avatar of Alexandrite (The Ice Knife Saga),4075172,
7,2025-10-16 10:13:00,Not Another D&D Podcast,C3 Ep. 52: Avatar of Alexandrite (The Ice Knife Saga),1154218,
7,2025-10-16 11:19:00,Not Another D&D Podcast,C3 Ep. 53: Warm Welcome (The Ice Knife Saga),4002678,
7,2025-10-20 14:34:00,Not Another D&D Podcast,C3 Ep. 53: Warm Welcome (The Ice Knife Saga),544601,
7,2025-10-22 20:57:00,Not Another D&D Podcast,C3 Ep. 53: Warm Welcome (The Ice Knife Saga),8870,
7,2025-10-22 21:17:00,Not Another D&D Podcast,C3 Ep. 54: The Family Secret (The Ice Knife Saga),1159488,
7,2025-10-25 21:08:00,Not Another D&D Podcast,C3 Ep. 54: The Family Secret (The Ice Knife Saga),2508,
7,2025-11-03 13:38:00,Sweet n Sour Podcast,we're taking a break  | ep 57 | Sweet n' Sour,1784,
7,2025-11-15 23:53:00,Ayyrabs,Streamer Halloween Costumes Need to Be Stopped | Ayyrabs,8923,
7,2025-11-16 22:18:00,oompaville,This Isn’t Dyatlov Pass… It’s Something Far Worse,506,
7,2025-11-25 19:19:00,oompaville,"The Files Are Out: 1,500 Times His Name Appears",2682,
7,2025-11-25 19:19:00,oompaville,"The Files Are Out: 1,500 Times His Name Appears",523,
7,2025-12-11 18:07:00,Worlds Beyond Number,Fiasco! (Part One),1919,
7,2025-12-11 21:59:00,Not Another D&D Podcast,C3 Ep. 54: The Family Secret (The Ice Knife Saga),1854392,
7,2025-12-13 16:54:00,That's What She Said,#24 - goodbye...,0,
7,2025-12-26 02:29:00,Two Hot Takes,248: Festive Fiascos.. ,568386,
7,2025-12-28 14:28:00,Distractible,Squid Game (Even Too-er),1207,
8,2025-01-30 19:41:00,GrownKid ARCHIVES,The Science of Forgiveness Ft. Dr Robert Enright,0,
8,2025-01-30 19:41:00,GrownKid ARCHIVES,The Science of Forgiveness Ft. Dr Robert Enright,1180,
8,2025-02-01 16:08:00,GrownKid ARCHIVES,The Science of Forgiveness Ft. Dr Robert Enright,0,
8,2025-02-04 11:45:00,GrownKid ARCHIVES,The Science of Forgiveness Ft. Dr Robert Enright,310,
8,2025-02-10 21:11:00,CreepCast,Creepy Grab Bag #2 | Creep Cast,2975497,
8,2025-02-11 15:06:00,CreepCast,Creepy Grab Bag #2 | Creep Cast,481002,
8,2025-02-13 20:39:00,CreepCast,Stolen Tongues | Creep Cast,2258907,
8,2025-02-13 21:46:00,CreepCast,Stolen Tongues | Creep Cast,1787054,
8,2025-02-13 22:02:00,CreepCast,Stolen Tongues | Creep Cast,269072,
8,2025-02-13 22:39:00,CreepCast,Stolen Tongues | Creep Cast,962375,
8,2025-02-16 14:16:00,YZYHUB,Violent Crimes (11 Minute Edit),3178,
8,2025-02-17 22:48:00,CreepCast,Stolen Tongues | Creep Cast,1238482,
8,2025-02-18 00:58:00,CreepCast,Stolen Tongues | Creep Cast,616769,
8,2025-02-18 11:22:00,CreepCast,Stolen Tongues | Creep Cast,410482,
8,2025-02-18 18:44:00,CreepCast,Stolen Tongues | Creep Cast,556442,
8,2025-02-18 21:22:00,CreepCast,Stolen Tongues | Creep Cast,404422,
8,2025-02-18 21:22:00,CreepCast,Stolen Tongues | Creep Cast,7430,
8,2025-02-19 03:59:00,Bastard,Bastard - Tyler,369000,
8,2025-02-19 04:03:00,Bastard,Odd Toddlers - Tyler,216433,
8,2025-02-19 04:07:00,Bastard,French! - Tyler,243043,
8,2025-02-19 04:08:00,Bastard,Pigs Fly - Tyler,77817,
8,2025-02-19 11:16:00,Bastard,Pigs Fly - Tyler,10032,
8,2025-02-19 11:26:00,CreepCast,Stolen Tongues | Creep Cast,462448,
8,2025-02-20 15:56:00,CreepCast,Stolen Tongues | Creep Cast,1783037,
8,2025-02-20 21:50:00,CreepCast,Stolen Tongues | Creep Cast,1227731,
8,2025-02-21 11:13:00,CreepCast,Deepwoods | Creep Cast,0,
8,2025-02-21 11:32:00,CreepCast,Stolen Tongues | Creep Cast,1143513,
8,2025-02-21 18:26:00,CreepCast,"It Breathes, It Bleeds, It Breeds | Creep Cast",1143489,
8,2025-02-21 20:14:00,CreepCast,"It Breathes, It Bleeds, It Breeds | Creep Cast",274808,
8,2025-02-21 20:20:00,CreepCast,"It Breathes, It Bleeds, It Breeds | Creep Cast",15349,
8,2025-02-24 11:09:00,anything goes with emma chamberlain,are my standards too high? advice session [video],1110,
8,2025-02-24 11:10:00,anything goes with emma chamberlain,are my standards too high? advice session [video],760,
8,2025-02-24 11:10:00,anything goes with emma chamberlain,are my standards too high? advice session [video],930,
8,2025-02-24 11:28:00,anything goes with emma chamberlain,are my standards too high? advice session [video],2870,
8,2025-02-24 11:28:00,CreepCast,"It Breathes, It Bleeds, It Breeds | Creep Cast",1074898,
8,2025-02-24 17:19:00,anything goes with emma chamberlain,are my standards too high? advice session [video],0,
8,2025-02-24 17:19:00,anything goes with emma chamberlain,are my standards too high? advice session [video],1560,
8,2025-02-24 17:24:00,anything goes with emma chamberlain,are my standards too high? advice session [video],5560,
8,2025-02-24 21:16:00,anything goes with emma chamberlain,are my standards too high? advice session [video],0,
8,2025-02-24 21:16:00,CreepCast,"It Breathes, It Bleeds, It Breeds | Creep Cast",14883,
8,2025-02-25 11:37:00,CreepCast,"It Breathes, It Bleeds, It Breeds | Creep Cast",1381796,
8,2025-02-25 21:27:00,CreepCast,"It Breathes, It Bleeds, It Breeds | Creep Cast",1042274,
8,2025-02-26 11:08:00,CreepCast,My Job Is Watching A Woman Trapped In A Room | Creep Cast,1591031,
8,2025-02-26 21:14:00,CreepCast,My Job Is Watching A Woman Trapped In A Room | Creep Cast,2380419,
8,2025-02-26 22:17:00,CreepCast,My Job Is Watching A Woman Trapped In A Room | Creep Cast,2593924,
8,2025-02-26 22:17:00,CreepCast,My Job Is Watching A Woman Trapped In A Room | Creep Cast,21733,
8,2025-02-27 12:35:00,CreepCast,My Job Is Watching A Woman Trapped In A Room | Creep Cast,2561904,
8,2025-02-27 12:58:00,CreepCast,Tales From The Gas Station | Creep Cast,941364,
8,2025-02-27 13:04:00,CreepCast,Tales From The Gas Station | Creep Cast,399500,
8,2025-02-27 13:10:00,CreepCast,Tales From The Gas Station | Creep Cast,11284,
8,2025-02-28 11:19:00,CreepCast,Tales From The Gas Station | Creep Cast,5740808,
8,2025-02-28 11:41:00,CreepCast,Tales From The Gas Station | Creep Cast,1327323,
8,2025-02-28 22:43:00,CreepCast,Tales From The Gas Station | Creep Cast,2654342,
8,2025-02-28 22:44:00,CreepCast,Tales From The Gas Station | Creep Cast,2044,
8,2025-03-03 11:02:00,CreepCast,My Wife Has Taken Our Roleplaying Too Far | Creep Cast,1091,
8,2025-03-03 19:37:00,CreepCast,My Wife Has Taken Our Roleplaying Too Far | Creep Cast,2164610,
8,2025-03-04 11:36:00,CreepCast,My Wife Has Taken Our Roleplaying Too Far | Creep Cast,3043253,
8,2025-03-04 21:27:00,CreepCast,My Wife Has Taken Our Roleplaying Too Far | Creep Cast,1464994,
8,2025-03-04 21:42:00,CreepCast,My Wife Has Taken Our Roleplaying Too Far | Creep Cast,910779,
8,2025-03-05 11:16:00,CreepCast,My Dog Was Lost For Three Days. What Came Back Wasn't My Dog | Creep Cast,1606472,
8,2025-03-05 21:08:00,CreepCast,My Dog Was Lost For Three Days. What Came Back Wasn't My Dog | Creep Cast,2221871,
8,2025-03-05 21:13:00,CreepCast,Deepwoods | Creep Cast,196069,
8,2025-03-06 11:34:00,the zurkie show,why you're so worn out (and how to fix it),7480,
8,2025-03-06 12:28:00,CreepCast,Deepwoods | Creep Cast,3279401,
8,2025-03-06 17:54:00,the zurkie show,why you're so worn out (and how to fix it),0,
8,2025-03-06 18:53:00,CreepCast,Deepwoods | Creep Cast,768650,
8,2025-03-06 23:00:00,CreepCast,Deepwoods | Creep Cast,6084,
8,2025-03-09 17:16:00,CreepCast,Deepwoods | Creep Cast,3498062,
8,2025-03-09 17:55:00,CreepCast,SCP 3000 | Creep Cast,1810501,
8,2025-03-10 10:16:00,CreepCast,SCP 3000 | Creep Cast,1475861,
8,2025-03-10 20:16:00,CreepCast,SCP 3000 | Creep Cast,2102729,
8,2025-03-10 22:33:00,CreepCast, Ted The Caver | Creep Cast,2603653,
8,2025-03-10 22:34:00,CreepCast, Ted The Caver | Creep Cast,9590,
8,2025-03-11 20:10:00,CreepCast, Ted The Caver | Creep Cast,2181352,
8,2025-03-11 20:16:00,CreepCast, Ted The Caver | Creep Cast,304043,
8,2025-03-13 10:11:00,CreepCast, Ted The Caver | Creep Cast,1968290,
8,2025-03-13 20:12:00,CreepCast, Ted The Caver | Creep Cast,2049555,
8,2025-03-13 20:53:00,CreepCast, Ted The Caver | Creep Cast,2455929,
8,2025-03-13 22:21:00,CreepCast,The Whistler At 3:03 AM | Creep Cast,796862,
8,2025-03-14 16:05:00,CreepCast,The Whistler At 3:03 AM | Creep Cast,2042218,
8,2025-03-15 12:40:00,CreepCast,The Whistler At 3:03 AM | Creep Cast,2242769,
8,2025-03-15 19:21:00,CreepCast,"Goatman, Laughing Jack and more... | Creep Cast",83382,
8,2025-03-15 19:28:00,CreepCast,"Goatman, Laughing Jack and more... | Creep Cast",94510,
8,2025-03-16 16:38:00,CreepCast,"Goatman, Laughing Jack and more... | Creep Cast",1360,
8,2025-03-17 10:26:00,CreepCast,The Dionaea House | Creep Cast,1217399,
8,2025-03-17 21:30:00,CreepCast,The Dionaea House | Creep Cast,2665116,
8,2025-03-18 10:33:00,CreepCast,The Dionaea House | Creep Cast,967714,
8,2025-03-18 20:20:00,CreepCast,The Dionaea House | Creep Cast,234893,
8,2025-03-19 17:13:00,CreepCast,The Dionaea House | Creep Cast,2358520,
8,2025-03-19 19:55:00,CreepCast,The Dionaea House | Creep Cast,410017,
8,2025-03-20 13:50:00,CreepCast,The Dionaea House | Creep Cast,2277436,
8,2025-03-23 20:14:00,the zurkie show,life sucks if you can't laugh at it,0,
8,2025-03-24 01:25:00,the zurkie show,life sucks if you can't laugh at it,4380,
8,2025-03-24 02:17:00,the zurkie show,life sucks if you can't laugh at it,3893,
8,2025-03-24 10:26:00,CreepCast,The Dionaea House | Creep Cast,625429,
8,2025-03-24 11:01:00,CreepCast,I'm A Cop & I Keep Getting Called To The Same House | Creep Cast,1501959,
8,2025-03-24 20:20:00,CreepCast,I'm A Cop & I Keep Getting Called To The Same House | Creep Cast,197717,
8,2025-03-25 10:38:00,CreepCast,I'm A Cop & I Keep Getting Called To The Same House | Creep Cast,1251509,
8,2025-03-25 20:10:00,CreepCast,I'm A Cop & I Keep Getting Called To The Same House | Creep Cast,156200,
8,2025-03-26 10:38:00,CreepCast,I'm A Cop & I Keep Getting Called To The Same House | Creep Cast,1264280,
8,2025-03-26 20:49:00,CreepCast,I'm A Cop & I Keep Getting Called To The Same House | Creep Cast,2327034,
8,2025-03-27 20:03:00,CreepCast,"If You're Armed At the Glenmont Metro, Please Shoot Me | Creep Cast",2201344,
8,2025-03-27 21:26:00,CreepCast,"If You're Armed At the Glenmont Metro, Please Shoot Me | Creep Cast",2872424,
8,2025-03-28 10:37:00,CreepCast,"If You're Armed At the Glenmont Metro, Please Shoot Me | Creep Cast",1262608,
8,2025-03-28 10:38:00,CreepCast,Best of Creep Cast 2024 ,1648,
8,2025-03-28 15:29:00,CreepCast,Best of Creep Cast 2024 ,880965,
8,2025-03-28 19:41:00,CreepCast,Best of Creep Cast 2024 ,2467770,
8,2025-03-28 20:38:00,CreepCast,Best of Creep Cast 2024 ,1014,
8,2025-03-29 17:44:00,CreepCast,Best of Creep Cast 2024 ,4666981,
8,2025-03-29 20:13:00,CreepCast,Best of Creep Cast 2024 ,2367715,
8,2025-03-29 20:34:00,CreepCast,Best of Creep Cast 2024 ,326899,
8,2025-03-30 15:20:00,CreepCast,Best of Creep Cast 2024 ,227301,
8,2025-03-30 15:21:00,CreepCast,Best of Creep Cast 2024 ,17578,
8,2025-03-31 20:12:00,CreepCast,The Only Other Astronaut On This Mission Died Six Weeks Ago ,2172647,
8,2025-03-31 21:09:00,CreepCast,The Only Other Astronaut On This Mission Died Six Weeks Ago ,2388567,
8,2025-03-31 21:09:00,CreepCast,The Only Other Astronaut On This Mission Died Six Weeks Ago ,1057,
8,2025-03-31 21:10:00,CreepCast,Best of Creep Cast 2024 ,2925,
8,2025-04-01 10:03:00,CreepCast,Berries In The Window | Creep Cast,1021,
8,2025-04-01 19:37:00,CreepCast,Berries In The Window | Creep Cast,2179727,
8,2025-04-02 00:53:00,CreepCast,Berries In The Window | Creep Cast,500622,
8,2025-04-02 11:32:00,CreepCast,Berries In The Window | Creep Cast,3767530,
8,2025-04-02 11:35:00,CreepCast,I Dared My Best Friend To Ruin My Life | Creep Cast,95526,
8,2025-04-03 10:18:00,CreepCast,I Dared My Best Friend To Ruin My Life | Creep Cast,5065900,
8,2025-04-03 12:19:00,CreepCast,I Dared My Best Friend To Ruin My Life | Creep Cast,2338552,
8,2025-04-03 22:41:00,CreepCast,I Dared My Best Friend To Ruin My Life | Creep Cast,3975024,
8,2025-04-03 22:41:00,CreepCast,I Dared My Best Friend To Ruin My Life | Creep Cast,3553,
8,2025-04-05 18:59:00,CreepCast,I Dared My Best Friend To Ruin My Life | Creep Cast,560250,
8,2025-04-07 10:15:00,Ghosteas,"Ouija Boards, Premonitions, & Ghosts || Listener Stories 35 || Ghosteas Tea Party👻",0,
8,2025-04-07 10:15:00,Ghosteas,"Ouija Boards, Premonitions, & Ghosts || Listener Stories 35 || Ghosteas Tea Party👻",3800,
8,2025-04-07 20:23:00,CreepCast,I Dared My Best Friend To Ruin My Life | Creep Cast,2393466,
8,2025-04-07 20:32:00,CreepCast,"I'm Blind, I'm Not Sure How Many Steps My Staircase Has | Creep Cast",1160,
8,2025-04-07 20:32:00,CreepCast,I Dared My Best Friend To Ruin My Life | Creep Cast,524701,
8,2025-04-07 21:09:00,CreepCast,"I'm Blind, I'm Not Sure How Many Steps My Staircase Has | Creep Cast",1859643,
8,2025-04-08 10:16:00,Ghosteas,"Ouija Boards, Premonitions, & Ghosts || Listener Stories 35 || Ghosteas Tea Party👻",0,
8,2025-04-08 10:16:00,Ghosteas,"Ouija Boards, Premonitions, & Ghosts || Listener Stories 35 || Ghosteas Tea Party👻",8747,
8,2025-04-08 10:16:00,CreepCast,"I'm Blind, I'm Not Sure How Many Steps My Staircase Has | Creep Cast",404748,
8,2025-04-08 10:17:00,Ghosteas,"Ouija Boards, Premonitions, & Ghosts || Listener Stories 35 || Ghosteas Tea Party👻",1440,
8,2025-04-08 10:50:00,CreepCast,"I'm Blind, I'm Not Sure How Many Steps My Staircase Has | Creep Cast",1968100,
8,2025-04-08 11:27:00,CreepCast,The Pigeons Around Here Aren't Real | Creep Cast,195465,
8,2025-04-08 21:54:00,CreepCast,The Pigeons Around Here Aren't Real | Creep Cast,2927785,
8,2025-04-09 10:42:00,CreepCast,The Pigeons Around Here Aren't Real | Creep Cast,1647037,
8,2025-04-09 20:06:00,CreepCast,The Hidden Webpage | CreepCast,559250,
8,2025-04-09 20:08:00,CreepCast,The Hidden Webpage | CreepCast,59870,
8,2025-04-09 20:58:00,CreepCast,The Hidden Webpage | CreepCast,1972795,
8,2025-04-10 17:44:00,CreepCast,The Hidden Webpage | CreepCast,393301,
8,2025-04-10 18:45:00,CreepCast,The Hidden Webpage | CreepCast,553557,
8,2025-04-10 21:49:00,CreepCast,The Hidden Webpage | CreepCast,179665,
8,2025-04-10 21:49:00,CreepCast,The Hidden Webpage | CreepCast,81,
8,2025-04-12 14:34:00,CreepCast,The Hidden Webpage | CreepCast,598790,
8,2025-04-12 14:46:00,CreepCast,The Hidden Webpage | CreepCast,361188,
8,2025-04-13 17:02:00,CreepCast,The Hidden Webpage | CreepCast,2953527,
8,2025-04-13 17:07:00,CreepCast,The Hidden Webpage | CreepCast,87372,
8,2025-04-13 18:19:00,CreepCast,The Hidden Webpage | CreepCast,626630,
8,2025-04-13 18:27:00,CreepCast,The Hidden Webpage | CreepCast,120068,
8,2025-04-13 19:35:00,CreepCast,The Hidden Webpage | CreepCast,1121904,
8,2025-04-14 13:32:00,CreepCast,My Crew And I Are Stuck Aboard An Abandoned Ship | Creep Cast,2067367,
8,2025-04-15 10:18:00,CreepCast,My Crew And I Are Stuck Aboard An Abandoned Ship | Creep Cast,2340658,
8,2025-04-15 20:23:00,CreepCast,My Crew And I Are Stuck Aboard An Abandoned Ship | Creep Cast,2324755,
8,2025-04-15 21:33:00,CreepCast,My Crew And I Are Stuck Aboard An Abandoned Ship | Creep Cast,2997970,
8,2025-04-16 20:21:00,CreepCast,My Crew And I Are Stuck Aboard An Abandoned Ship | Creep Cast,2189950,
8,2025-04-17 11:40:00,CreepCast,My Crew And I Are Stuck Aboard An Abandoned Ship | Creep Cast,2497790,
8,2025-04-17 11:56:00,Mystery Mondays,THE MOST EVIL MAN IN SCOTLAND,850,
8,2025-04-18 15:36:00,CreepCast,Azalea's Cookhouse Is A Family Restaurant,2159772,
8,2025-04-18 15:49:00,CreepCast,Azalea's Cookhouse Is A Family Restaurant,582165,
8,2025-04-18 20:03:00,CreepCast,Azalea's Cookhouse Is A Family Restaurant,512040,
8,2025-04-18 20:55:00,CreepCast,Azalea's Cookhouse Is A Family Restaurant,2542913,
8,2025-04-18 20:55:00,CreepCast,Azalea's Cookhouse Is A Family Restaurant,6062,
8,2025-04-19 13:45:00,CreepCast,Azalea's Cookhouse Is A Family Restaurant,201483,
8,2025-04-19 13:46:00,CreepCast,Azalea's Cookhouse Is A Family Restaurant,63877,
8,2025-04-20 20:46:00,CreepCast,Azalea's Cookhouse Is A Family Restaurant,1734912,
8,2025-04-21 09:30:00,CreepCast,"Reading Creepypasta Classics: The Rake, Candle Cove, Mr. Widemouth | Creep Cast",3325975,
8,2025-04-21 16:02:00,CreepCast,"Reading Creepypasta Classics: The Rake, Candle Cove, Mr. Widemouth | Creep Cast",2063114,
8,2025-04-21 16:19:00,CreepCast,"Reading Creepypasta Classics: The Rake, Candle Cove, Mr. Widemouth | Creep Cast",483401,
8,2025-04-21 16:45:00,CreepCast,"Reading Creepypasta Classics: The Rake, Candle Cove, Mr. Widemouth | Creep Cast",433141,
8,2025-04-21 20:40:00,CreepCast,"Reading Creepypasta Classics: The Rake, Candle Cove, Mr. Widemouth | Creep Cast",1952080,
8,2025-04-21 20:55:00,CreepCast,Dagons Mirror | Creepcast ,660000,
8,2025-04-22 01:04:00,CreepCast,Dagons Mirror | Creepcast ,351652,
8,2025-04-22 20:24:00,CreepCast,Dagons Mirror | Creepcast ,2275010,
8,2025-04-22 21:10:00,CreepCast,Dagons Mirror | Creepcast ,2744280,
8,2025-04-22 21:13:00,CreepCast,I Pretended To Be A Missing Girl | Creep Cast,128764,
8,2025-04-23 10:24:00,CreepCast,I Pretended To Be A Missing Girl | Creep Cast,393180,
8,2025-04-24 10:17:00,CreepCast,I Pretended To Be A Missing Girl | Creep Cast,3444409,
8,2025-04-24 10:44:00,CreepCast,I Pretended To Be A Missing Girl | Creep Cast,1640490,
8,2025-04-24 20:13:00,CreepCast,"I Wrote Myself A Letter, I Got A Response | Creep Cast",465011,
8,2025-04-25 16:10:00,CreepCast,"I Wrote Myself A Letter, I Got A Response | Creep Cast",2020783,
8,2025-04-26 01:06:00,CreepCast,"I Wrote Myself A Letter, I Got A Response | Creep Cast",1631550,
8,2025-04-26 10:03:00,The Lore Lads,The Bizarre Psychology of the Ramsey Family | Podcast Episode 166,4841,
8,2025-04-26 10:03:00,The Lore Lads,The Bizarre Psychology of the Ramsey Family | Podcast Episode 166,0,
8,2025-04-26 11:17:00,The Lore Lads,The Bizarre Psychology of the Ramsey Family | Podcast Episode 166,24203,
8,2025-04-29 11:08:00,CreepCast,"I Wrote Myself A Letter, I Got A Response | Creep Cast",2329737,
8,2025-04-29 13:45:00,CreepCast,"I Wrote Myself A Letter, I Got A Response | Creep Cast",33565,
8,2025-04-29 14:11:00,CreepCast,"I Wrote Myself A Letter, I Got A Response | Creep Cast",1445541,
8,2025-04-29 22:50:00,CreepCast,The Red Tower | Creep Cast,919990,
8,2025-04-30 16:07:00,Speaks Volumes with Derrick Gee,My New Podcast | Derrick Speaks Volumes,1492143,
8,2025-04-30 16:07:00,Speaks Volumes with Derrick Gee,My New Podcast | Derrick Speaks Volumes,5287,
8,2025-04-30 17:14:00,Speaks Volumes with Derrick Gee,Genres Suck,2000,
8,2025-04-30 17:14:00,Speaks Volumes with Derrick Gee,A Beginner's Guide To Ryuichi Sakamoto,1465404,
8,2025-05-01 16:04:00,Speaks Volumes with Derrick Gee,Genres Suck,0,
8,2025-05-03 15:15:00,CreepCast,1999 | Creep Cast,7502858,
8,2025-05-03 15:16:00,CreepCast,1999 | Creep Cast,41796,
8,2025-05-03 15:32:00,CreepCast,The Red Tower | Creep Cast,933579,
8,2025-05-06 16:51:00,CreepCast,The Red Tower | Creep Cast,411898,
8,2025-05-06 18:50:00,CreepCast,The Red Tower | Creep Cast,4785829,
8,2025-05-08 13:14:00,CreepCast,The Red Tower | Creep Cast,545350,
8,2025-05-08 15:27:00,CreepCast,The Red Tower | Creep Cast,6810,
8,2025-05-08 15:27:00,CreepCast,The Red Tower | Creep Cast,2641779,
8,2025-05-08 17:52:00,CreepCast,Burgrr Entries | CreepCast,331117,
8,2025-05-11 13:34:00,CreepCast,Burgrr Entries | CreepCast,1955857,
8,2025-05-11 13:34:00,CreepCast,Burgrr Entries | CreepCast,0,
8,2025-05-11 19:11:00,CreepCast,Burgrr Entries | CreepCast,3303754,
8,2025-05-11 20:10:00,CreepCast,Burgrr Entries | CreepCast,529589,
8,2025-05-13 15:45:00,CreepCast,Burgrr Entries | CreepCast,998327,
8,2025-05-14 11:14:00,CreepCast,Spire In The Woods | Creep Cast,2136613,
8,2025-05-14 11:40:00,CreepCast,Spire In The Woods | Creep Cast,438981,
8,2025-05-14 17:56:00,CreepCast,Spire In The Woods | Creep Cast,3441962,
8,2025-05-14 21:17:00,CreepCast,Spire In The Woods | Creep Cast,4179683,
8,2025-05-14 21:40:00,CreepCast,Spire In The Woods | Creep Cast,389687,
8,2025-05-15 10:43:00,CreepCast,Spire In The Woods | Creep Cast,1758108,
8,2025-05-15 19:29:00,Training Without Conflict® | Dog Training Podcast,Episode Sixty: Dr. Josef Witt-Doerring,1939,
8,2025-05-15 19:29:00,Training Without Conflict® | Dog Training Podcast,Episode Sixty: Dr. Josef Witt-Doerring,24350,
8,2025-05-15 21:37:00,Training Without Conflict® | Dog Training Podcast,Episode Sixty: Dr. Josef Witt-Doerring,0,
8,2025-05-15 21:38:00,Training Without Conflict® | Dog Training Podcast,Episode Sixty: Dr. Josef Witt-Doerring,0,
8,2025-05-16 21:32:00,CreepCast,Spire In The Woods | Creep Cast,4440237,
8,2025-05-16 22:01:00,CreepCast,Spire In The Woods | Creep Cast,1708313,
8,2025-05-16 22:19:00,CreepCast,Spire In The Woods | Creep Cast,523344,
8,2025-05-17 21:22:00,CreepCast,Spire In The Woods | Creep Cast,1186570,
8,2025-05-17 21:42:00,CreepCast,Spire In The Woods | Creep Cast,1178659,
8,2025-05-18 15:48:00,CreepCast,Spire In The Woods | Creep Cast,2138,
8,2025-05-18 15:48:00,CreepCast,Spire In The Woods | Creep Cast,3960750,
8,2025-05-19 11:19:00,CreepCast,Spire In The Woods | Creep Cast,2220504,
8,2025-05-19 20:32:00,CreepCast,Spire In The Woods | Creep Cast,666060,
8,2025-05-19 21:40:00,CreepCast,Ticci Toby | Creep Cast,2377463,
8,2025-05-20 08:53:00,CreepCast,Ticci Toby | Creep Cast,2483046,
8,2025-05-20 15:50:00,CreepCast,Greywater  | Creep Cast,1434,
8,2025-05-20 15:50:00,CreepCast,Greywater  | Creep Cast,2067287,
8,2025-05-21 01:19:00,CreepCast,Greywater  | Creep Cast,207577,
8,2025-05-21 11:32:00,CreepCast,Borrasca Pt. 1 | Creep Cast,4417480,
8,2025-05-21 12:41:00,CreepCast,Borrasca Pt. 1 | Creep Cast,4153610,
8,2025-05-21 17:51:00,CreepCast,Borrasca Pt. 2 | Creep Cast,3686678,
8,2025-05-21 18:56:00,CreepCast,Borrasca Pt. 2 | Creep Cast,3415028,
8,2025-05-21 20:06:00,CreepCast,Borrasca V | CreepCast,3607888,
8,2025-05-21 21:05:00,CreepCast,Borrasca V | CreepCast,1587,
8,2025-05-22 15:20:00,CreepCast,Borrasca V | CreepCast,2162104,
8,2025-05-22 15:20:00,CreepCast,Borrasca V | CreepCast,4821,
8,2025-05-22 20:25:00,CreepCast,Borrasca V | CreepCast,982575,
8,2025-05-26 13:24:00,Very Really Good,Episode #270  - This BookTok Convention Was a Disaster,150,
8,2025-05-26 15:11:00,Very Really Good,Episode #270  - This BookTok Convention Was a Disaster,2397,
8,2025-05-26 15:12:00,Very Really Good,Episode #270  - This BookTok Convention Was a Disaster,3821,
8,2025-05-26 15:12:00,Very Really Good,Episode #270  - This BookTok Convention Was a Disaster,3396,
8,2025-05-26 15:12:00,Very Really Good,Episode #270  - This BookTok Convention Was a Disaster,0,
8,2025-05-27 10:19:00,CreepCast,"Reading Creepypasta Classics: The Rake, Candle Cove, Mr. Widemouth | Creep Cast",0,
8,2025-05-27 10:50:00,CreepCast,Borrasca V | CreepCast,1824685,
8,2025-05-27 20:00:00,CreepCast,"Reading Creepypasta Classics: The Rake, Candle Cove, Mr. Widemouth | Creep Cast",1098,
8,2025-05-27 20:00:00,CreepCast,"Reading Creepypasta Classics: The Rake, Candle Cove, Mr. Widemouth | Creep Cast",9840,
8,2025-05-27 23:17:00,CreepCast,Borrasca V | CreepCast,2976211,
8,2025-05-28 11:09:00,CreepCast,Borrasca V | CreepCast,2513529,
8,2025-05-28 21:01:00,CreepCast,Borrasca V | CreepCast,27675,
8,2025-05-28 21:01:00,CreepCast,Borrasca V | CreepCast,2398512,
8,2025-05-29 20:05:00,CreepCast,Greywater  | Creep Cast,2169100,
8,2025-05-29 20:08:00,CreepCast,Greywater  | Creep Cast,173190,
8,2025-05-29 20:13:00,CreepCast,The Sun Vanished | Creep Cast,274651,
8,2025-05-30 11:28:00,CreepCast,PenPal | Creep Cast,2135902,
8,2025-05-30 14:45:00,Financial Audit,I’m Going To Get Sued For This | Financial Audit,1990,
8,2025-05-30 17:30:00,Financial Audit,I’m Going To Get Sued For This | Financial Audit,754,
8,2025-05-30 17:30:00,CreepCast,PenPal | Creep Cast,3210228,
8,2025-05-30 17:30:00,CreepCast,PenPal | Creep Cast,5248,
8,2025-05-30 18:45:00,CreepCast,PenPal | Creep Cast,491241,
8,2025-06-02 12:43:00,CreepCast,PenPal | Creep Cast,2249874,
8,2025-06-02 20:09:00,The Ringer-Verse,'Mission: Impossible—The Final Reckoning' Reactions | The Midnight Boys,3030,
8,2025-06-02 20:57:00,CreepCast,PenPal | Creep Cast,2826356,
8,2025-06-02 21:43:00,The Ringer-Verse,'Mission: Impossible—The Final Reckoning' Reactions | The Midnight Boys,959,
8,2025-06-03 10:18:00,Wendigoon,The Cult that Took Over a City & Killed Thousands,4113,
8,2025-06-03 19:49:00,Wendigoon,The Cult that Took Over a City & Killed Thousands,0,
8,2025-06-03 19:49:00,CreepCast,PenPal | Creep Cast,2195307,
8,2025-06-03 20:31:00,CreepCast,PenPal | Creep Cast,2487948,
8,2025-06-04 20:26:00,CreepCast,Camp Oakwood | CreepCast,2230434,
8,2025-06-04 20:26:00,CreepCast,The Sun Vanished | Creep Cast,200,
8,2025-06-04 21:40:00,CreepCast,Camp Oakwood | CreepCast,3078228,
8,2025-06-04 21:41:00,CreepCast,Camp Oakwood | CreepCast,34052,
8,2025-06-05 20:11:00,CreepCast,Camp Oakwood | CreepCast,2194327,
8,2025-06-05 21:11:00,CreepCast,Camp Oakwood | CreepCast,2899535,
8,2025-06-06 10:06:00,Wendigoon,The Serial Killer Iceberg,0,
8,2025-06-06 10:52:00,CreepCast,The Showers | Creep Cast,2131602,
8,2025-06-06 18:38:00,Spotify Presents,Spotify Presents: Travis Scott Live from Barcelona,1850,
8,2025-06-06 20:19:00,CreepCast,The Showers | Creep Cast,3041883,
8,2025-06-06 20:19:00,Spotify Presents,Spotify Presents: Travis Scott Live from Barcelona,0,
8,2025-06-06 20:20:00,Just Creepy: Scary Stories,"BEST Scary Stories of May 2025 | Deep Woods, Hunting, Camping, Skinwalker, Park Ranger, Wendigo",0,
8,2025-06-07 14:06:00,Spotify Presents,Spotify Presents: Travis Scott Live from Barcelona,0,
8,2025-06-07 14:29:00,CreepCast,The Showers | Creep Cast,962374,
8,2025-06-07 14:29:00,Spotify Presents,Spotify Presents: Travis Scott Live from Barcelona,0,
8,2025-06-07 20:13:00,CreepCast,The Showers | Creep Cast,1330805,
8,2025-06-08 12:19:00,CreepCast,Psychosis | Creep Cast,2031936,
8,2025-06-09 20:08:00,CreepCast,Ensorcelled in the Earth | CreepCast,2383557,
8,2025-06-09 20:42:00,CreepCast,Ensorcelled in the Earth | CreepCast,1996376,
8,2025-06-09 21:24:00,CreepCast,Best of Creep Cast 2024 ,889928,
8,2025-06-10 10:18:00,Bad Friends,"A Penguin, A Nun, and an Ostrich w/ Shia Labeouf and David Mamet ",0,
8,2025-06-10 19:53:00,CreepCast,Best of Creep Cast 2024 ,2287258,
8,2025-06-10 21:10:00,CreepCast,Best of Creep Cast 2024 ,2911921,
8,2025-06-10 23:12:00,Bad Friends,"A Penguin, A Nun, and an Ostrich w/ Shia Labeouf and David Mamet ",0,
8,2025-06-12 11:49:00,CreepCast,Best of Creep Cast 2024 ,3273711,
8,2025-06-12 12:34:00,CreepCast,Best of Creep Cast 2024 ,1315225,
8,2025-06-12 12:52:00,CreepCast,Best of Creep Cast 2024 ,588139,
8,2025-06-12 13:23:00,CreepCast,Best of Creep Cast 2024 ,64297,
8,2025-06-12 13:23:00,CreepCast,Best of Creep Cast 2024 ,1416,
8,2025-06-12 20:11:00,CreepCast,No End House | Creep Cast,2375749,
8,2025-06-13 15:40:00,CreepCast,No End House | Creep Cast,1121082,
8,2025-06-13 15:51:00,CreepCast,No End House | Creep Cast,709718,
8,2025-06-14 12:00:00,Wendigoon,The Cult that Took Over a City & Killed Thousands,3903,
8,2025-06-14 13:04:00,Wendigoon,The Cult that Took Over a City & Killed Thousands,123,
8,2025-06-15 14:32:00,Wendigoon,The Cult that Took Over a City & Killed Thousands,0,
8,2025-06-15 18:58:00,Sad Boyz,Rage Bait Or Marketing Genius?,530,
8,2025-06-15 19:05:00,CreepCast,1999 | Creep Cast,1301,
8,2025-06-15 19:05:00,CreepCast,1999 | Creep Cast,1532,
8,2025-06-15 19:32:00,CreepCast,1999 | Creep Cast,1573631,
8,2025-06-15 21:03:00,CreepCast, Jeff The Killer | Creep Cast ,5022411,
8,2025-06-15 21:04:00,CreepCast, Jeff The Killer | Creep Cast ,13863,
8,2025-06-17 15:36:00,CreepCast,My Sugar Daddy Asks Me For Weird Favors | CreepCast,2156838,
8,2025-06-17 20:39:00,CreepCast,My Sugar Daddy Asks Me For Weird Favors | CreepCast,2556200,
8,2025-06-18 10:50:00,CreepCast,My Sugar Daddy Asks Me For Weird Favors | CreepCast,2056630,
8,2025-06-28 23:44:00,CreepCast,I Work At A Half-Priced Voodoo Shop | CreepCast,4547969,
8,2025-06-29 12:55:00,"Crime, Conspiracy, Cults and Murder",Ep. 54 | Who REALLY Killed The Black Dhalia?,5180,
8,2025-06-29 13:03:00,"Crime, Conspiracy, Cults and Murder",Ep. 54 | Who REALLY Killed The Black Dhalia?,267,
8,2025-06-30 19:57:00,CreepCast,I Work At A Half-Priced Voodoo Shop | CreepCast,2212270,
8,2025-06-30 20:16:00,CreepCast,I Work At A Half-Priced Voodoo Shop | CreepCast,1079882,
8,2025-07-01 10:47:00,CreepCast,I Work At A Half-Priced Voodoo Shop | CreepCast,1592490,
8,2025-07-01 19:05:00,CreepCast,Mother Horse Eyes Pt. 1 | Creep Cast,781130,
8,2025-07-02 17:06:00,CreepCast,Mother Horse Eyes Pt. 1 | Creep Cast,3066030,
8,2025-07-07 11:42:00,CreepCast,Mother Horse Eyes Pt. 1 | Creep Cast,2445565,
8,2025-07-07 22:55:00,CreepCast,Mother Horse Eyes Pt. 1 | Creep Cast,3013728,
8,2025-07-08 10:48:00,CreepCast,Mother Horse Eyes Pt. 1 | Creep Cast,2218560,
8,2025-07-08 21:24:00,CreepCast,Mother Horse Eyes Pt. 1 | Creep Cast,782400,
8,2025-07-09 10:41:00,CreepCast,Mother Horse Eyes Pt. 1 | Creep Cast,1344019,
8,2025-07-09 21:08:00,CreepCast,Mother Horse Eyes Pt. 1 | Creep Cast,2833169,
8,2025-07-13 19:30:00,CreepCast,Mother Horse Eyes Pt. 1 | Creep Cast,1260162,
8,2025-07-13 23:21:00,CreepCast,Mother Horse Eyes Pt. 2 | Creep Cast,591148,
8,2025-07-14 11:27:00,CreepCast,Mother Horse Eyes Pt. 2 | Creep Cast,2253885,
8,2025-07-14 20:05:00,CreepCast,Mother Horse Eyes Pt. 2 | Creep Cast,977720,
8,2025-07-14 21:24:00,CreepCast,Mother Horse Eyes Pt. 2 | Creep Cast,3066665,
8,2025-07-15 12:02:00,CreepCast,Mother Horse Eyes Pt. 2 | Creep Cast,2259875,
8,2025-07-15 23:19:00,CreepCast,Mother Horse Eyes Pt. 2 | Creep Cast,2796407,
8,2025-07-15 23:20:00,CreepCast,Mother Horse Eyes Pt. 2 | Creep Cast,12467,
8,2025-07-15 23:36:00,CreepCast,Mother Horse Eyes Pt. 2 | Creep Cast,6350,
8,2025-07-16 10:46:00,CreepCast,Mother Horse Eyes Pt. 2 | Creep Cast,226621,
8,2025-07-16 10:50:00,CreepCast,Mother Horse Eyes Pt. 2 | Creep Cast,969,
8,2025-07-16 11:45:00,CreepCast,Mother Horse Eyes Pt. 2 | Creep Cast,3134980,
8,2025-07-16 12:08:00,Red Thread,73: The Epstein Files: Is Trump Involved | Red Thread,6700,
8,2025-07-16 12:08:00,Crime Junkie,INFAMOUS: University of Idaho Murders,1210,
8,2025-07-16 22:35:00,CreepCast,Mother Horse Eyes Pt. 2 | Creep Cast,5814868,
8,2025-07-18 15:03:00,CreepCast,Mother Horse Eyes Pt. 2 | Creep Cast,2384419,
8,2025-07-18 20:30:00,CreepCast,We Weren't Allowed To Talk To Women | Creep Cast,2695289,
8,2025-07-21 10:10:00,CreepCast,Mother Horse Eyes Pt. 2 | Creep Cast,1060,
8,2025-07-21 10:33:00,CreepCast,We Weren't Allowed To Talk To Women | Creep Cast,1381160,
8,2025-07-21 11:21:00,CreepCast,It Came From A Fan… | Creep Cast,840066,
8,2025-07-21 20:21:00,CreepCast,It Came From A Fan… | Creep Cast,974920,
8,2025-07-21 21:31:00,CreepCast,It Came From A Fan… | Creep Cast,2748878,
8,2025-07-22 19:54:00,CreepCast,It Came From A Fan… | Creep Cast,2215340,
8,2025-07-22 20:31:00,CreepCast,It Came From A Fan… | Creep Cast,2240750,
8,2025-07-23 10:25:00,CreepCast,Fleshgait | CreepCast,312550,
8,2025-07-23 20:02:00,CreepCast,Fleshgait | CreepCast,1538409,
8,2025-07-24 18:29:00,CreepCast,Fleshgait | CreepCast,1216134,
8,2025-07-24 19:03:00,CreepCast,Fleshgait | CreepCast,1009484,
8,2025-07-24 20:42:00,CreepCast,Fleshgait | CreepCast,326264,
8,2025-07-25 15:04:00,CreepCast,Fleshgait | CreepCast,2518,
8,2025-07-27 04:33:00,Conspiracy Theories,Time-Slipping Through Europe,310,
8,2025-07-28 10:13:00,Conspiracy Theories,Time-Slipping Through Europe,1943,
8,2025-07-28 10:34:00,CreepCast,Fleshgait | CreepCast,1291110,
8,2025-07-28 20:04:00,CreepCast,The Church In The Woods | CreepCast,1042010,
8,2025-07-28 20:11:00,CreepCast,The Church In The Woods | CreepCast,410014,
8,2025-07-29 20:04:00,CreepCast,The Church In The Woods | CreepCast,2264000,
8,2025-07-29 21:24:00,CreepCast,The Church In The Woods | CreepCast,1861964,
8,2025-07-30 17:12:00,CreepCast,The Church In The Woods | CreepCast,2297660,
8,2025-07-30 21:43:00,CreepCast,The Church In The Woods | CreepCast,2810586,
8,2025-07-31 17:19:00,CreepCast,The Church In The Woods | CreepCast,2250690,
8,2025-07-31 17:42:00,CreepCast,The Church In The Woods | CreepCast,1341799,
8,2025-07-31 18:41:00,CreepCast,Stolen Tongues | Creep Cast,1429991,
8,2025-08-01 10:14:00,CreepCast,My Sugar Daddy Asks Me For Weird Favors | CreepCast,428,
8,2025-08-01 10:14:00,CreepCast,The Sun Vanished | Creep Cast,530,
8,2025-08-01 16:02:00,CreepCast,Stolen Tongues | Creep Cast,2214533,
8,2025-08-01 20:24:00,CreepCast,Stolen Tongues | Creep Cast,2789181,
8,2025-08-04 20:17:00,CreepCast,The Ocean Is Much Deeper Than We Thought | CreepCast,2299457,
8,2025-08-04 20:58:00,CreepCast,The Ocean Is Much Deeper Than We Thought | CreepCast,2421026,
8,2025-08-05 10:32:00,CreepCast,The Ocean Is Much Deeper Than We Thought | CreepCast,867911,
8,2025-08-05 20:36:00,CreepCast,Stolen Tongues | Creep Cast,1580884,
8,2025-08-06 10:16:00,CreepCast,Stolen Tongues | Creep Cast,225605,
8,2025-08-06 10:19:00,Cream Crew,#01 - Where is Africa,180186,
8,2025-08-06 20:14:00,CreepCast,Stolen Tongues | Creep Cast,1918386,
8,2025-08-06 21:39:00,CreepCast,Stolen Tongues | Creep Cast,696528,
8,2025-08-07 15:53:00,CreepCast,Stolen Tongues | Creep Cast,8244,
8,2025-08-07 15:53:00,CreepCast,Stolen Tongues | Creep Cast,2343775,
8,2025-08-07 20:34:00,CreepCast,Stolen Tongues | Creep Cast,1398003,
8,2025-08-09 12:09:00,CreepCast,The Dionaea House | Creep Cast,194234,
8,2025-08-09 12:54:00,CreepCast,The Dionaea House | Creep Cast,2446803,
8,2025-08-09 16:36:00,CreepCast,The Dionaea House | Creep Cast,1305542,
8,2025-08-09 21:57:00,CreepCast,The Dionaea House | Creep Cast,2665907,
8,2025-08-09 21:57:00,CreepCast,The Dionaea House | Creep Cast,1231,
8,2025-08-10 00:10:00,CreepCast,The Dionaea House | Creep Cast,1265185,
8,2025-08-10 15:15:00,CreepCast,The Dionaea House | Creep Cast,2814816,
8,2025-08-11 10:12:00,Let's Get Haunted,Episode 229: ChatGPT (AI) Psychosis,0,
8,2025-08-11 12:57:00,Financial Audit,The Most Hated Woman In Financial Audit History,79559,
8,2025-08-11 13:53:00,In Our Time,Napoleon's Hundred Days (Archive Episode),3332344,
8,2025-08-11 16:01:00,In Our Time,Dragons,2061219,
8,2025-08-11 16:51:00,Two Girls One Ghost,Episode 1 – Bad Sleepover,2301972,
8,2025-08-11 20:06:00,CreepCast,I Clean Hoarder Houses For A Living | CreepCast,2379070,
8,2025-08-11 20:07:00,Two Girls One Ghost,Episode 1 – Bad Sleepover,6734,
8,2025-08-11 21:29:00,CreepCast,I Clean Hoarder Houses For A Living | CreepCast,2686116,
8,2025-08-11 21:30:00,Two Girls One Ghost,Episode 1 – Bad Sleepover,4220,
8,2025-08-12 11:56:00,CreepCast,I Clean Hoarder Houses For A Living | CreepCast,4087000,
8,2025-08-12 12:10:00,Two Girls One Ghost,Episode 1 – Bad Sleepover,590065,
8,2025-08-12 12:36:00,Two Girls One Ghost,Episode 1 – Bad Sleepover,777522,
8,2025-08-12 19:18:00,Two Girls One Ghost,Episode 1 – Bad Sleepover,623700,
8,2025-08-12 20:02:00,Two Girls One Ghost,Episode 2 – ‘Til Death Do Us Part,2645929,
8,2025-08-12 21:33:00,Two Girls One Ghost,Episode 3 – Caught on Tape,2405122,
8,2025-08-12 21:33:00,Let's Get Haunted,Episode 229: ChatGPT (AI) Psychosis,4020,
8,2025-08-12 21:54:00,Two Girls One Ghost,Episode 3 – Caught on Tape,246623,
8,2025-08-12 22:41:00,Two Girls One Ghost,Episode 4 – Under The Covers,2728542,
8,2025-08-12 22:48:00,Two Girls One Ghost,"Episode 5 – Bloody Mary, Bloody Mary, Bloody Mary",365139,
8,2025-08-13 11:23:00,Soft White Underbelly,DEA Agent interview-Wesley Tabor,0,
8,2025-08-13 11:23:00,Funhaus Podcast,The Funhaus Podcast is Going Out on Top Like Seinfeld!,0,
8,2025-08-13 11:23:00,Crime Junkie,INFAMOUS: The Yogurt Shop Murders,590,
8,2025-08-13 11:23:00,anything goes with emma chamberlain,my go-to outfit formulas,1610,
8,2025-08-13 11:23:00,anything goes with emma chamberlain,my go-to outfit formulas,0,
8,2025-08-13 12:02:00,Serial,Serial S01 - Ep. 1: The Alibi,3904,
8,2025-08-13 12:03:00,Serial,Serial S01 - Ep. 1: The Alibi,30348,
8,2025-08-13 12:29:00,Serial,Serial S01 - Ep. 1: The Alibi,834966,
8,2025-08-13 13:27:00,Two Girls One Ghost,"Episode 5 – Bloody Mary, Bloody Mary, Bloody Mary",3477916,
8,2025-08-13 13:33:00,Two Girls One Ghost,Episode 6 – Traveling Souls,358073,
8,2025-08-14 20:15:00,Two Girls One Ghost,Episode 6 – Traveling Souls,2168608,
8,2025-08-14 20:28:00,Two Girls One Ghost,Episode 6 – Traveling Souls,736654,
8,2025-08-14 20:29:00,Two Girls One Ghost,"Episode 5 – Bloody Mary, Bloody Mary, Bloody Mary",62426,
8,2025-08-14 22:54:00,Two Girls One Ghost,Episode 7 – Unwelcomed House Guests,2601420,
8,2025-08-15 17:18:00,Two Girls One Ghost,Episode 7 – Unwelcomed House Guests,446775,
8,2025-08-16 14:23:00,Two Girls One Ghost,Episode 7 – Unwelcomed House Guests,2380,
8,2025-08-18 11:54:00,CreepCast,Cupcakes | CreepCast,2105961,
8,2025-08-18 15:24:00,CreepCast,Cupcakes | CreepCast,1418271,
8,2025-08-18 15:37:00,Two Girls One Ghost,Episode 7 – Unwelcomed House Guests,735609,
8,2025-08-18 16:12:00,Two Girls One Ghost,BONUS – Friday the 13th,1483341,
8,2025-08-18 17:20:00,Two Girls One Ghost,BONUS – Friday the 13th,567485,
8,2025-08-18 17:22:00,Two Girls One Ghost,Episode 7 – Unwelcomed House Guests,106834,
8,2025-08-18 17:50:00,Two Girls One Ghost,Episode 8 – Hiking Buddies,1069,
8,2025-08-18 17:50:00,Two Girls One Ghost,Episode 8 – Hiking Buddies,1398468,
8,2025-08-18 20:41:00,Two Girls One Ghost,Episode 8 – Hiking Buddies,214640,
8,2025-08-19 10:49:00,Two Girls One Ghost,Episode 8 – Hiking Buddies,2237945,
8,2025-08-19 10:50:00,Two Girls One Ghost,Episode 26 - (After)Life Sentence,1625,
8,2025-08-19 10:50:00,Two Girls One Ghost,Episode 9 – Eternal Patients,38500,
8,2025-08-19 11:54:00,Two Girls One Ghost,Episode 9 – Eternal Patients,255140,
8,2025-08-19 21:03:00,Two Girls One Ghost,Episode 9 – Eternal Patients,2740237,
8,2025-08-19 21:24:00,Two Girls One Ghost,Episode 9 – Eternal Patients,401475,
8,2025-08-19 21:38:00,Two Girls One Ghost,Episode 9 – Eternal Patients,827010,
8,2025-08-19 21:40:00,Two Girls One Ghost,Episode 8 – Hiking Buddies,95249,
8,2025-08-19 22:03:00,Two Girls One Ghost,Episode 10 – Halloween Horrors,1155920,
8,2025-08-20 01:33:00,Two Girls One Ghost,Episode 10 – Halloween Horrors,317863,
8,2025-08-20 15:29:00,Two Girls One Ghost,Episode 10 – Halloween Horrors,2400924,
8,2025-08-20 15:42:00,Two Girls One Ghost,Episode 10 – Halloween Horrors,498022,
8,2025-08-20 20:10:00,Two Girls One Ghost,Episode 10 – Halloween Horrors,498440,
8,2025-08-20 20:11:00,Two Girls One Ghost,Episode 10 – Halloween Horrors,67135,
8,2025-08-20 20:12:00,Two Girls One Ghost,Episode 9 – Eternal Patients,23226,
8,2025-08-20 20:27:00,Two Girls One Ghost,BONUS – Ghost Stories for Halloween 👻,896754,
8,2025-08-21 10:41:00,Two Girls One Ghost,BONUS – Ghost Stories for Halloween 👻,1395267,
8,2025-08-21 19:47:00,Two Girls One Ghost,BONUS – Ghost Stories for Halloween 👻,269050,
8,2025-08-21 22:17:00,Two Girls One Ghost,Episode 11 – The Witching Hour,2188925,
8,2025-08-21 22:18:00,Two Girls One Ghost,Episode 11 – The Witching Hour,25705,
8,2025-08-23 17:55:00,Two Girls One Ghost,Episode 11 – The Witching Hour,1530032,
8,2025-08-23 18:00:00,Two Girls One Ghost,Episode 11 – The Witching Hour,304327,
8,2025-08-23 18:42:00,Two Girls One Ghost,BONUS – Ghost Stories for Halloween 👻,31607,
8,2025-08-23 19:36:00,Two Girls One Ghost,BONUS – Ghost Stories for Halloween 👻,3622,
8,2025-08-25 13:33:00,Two Girls One Ghost,Episode 12 - Dominus,1803880,
8,2025-08-25 13:47:00,Two Girls One Ghost,Episode 13 - Pet Cemetery,4130,
8,2025-08-27 15:41:00,CreepCast,The Dead Girl In My Yard | CreepCast,2433988,
8,2025-08-27 19:29:00,"Crime, Conspiracy, Cults and Murder",Ep. 67 | The Horrors Of The Fox Hollow Farm Serial Killer,3800,
8,2025-08-27 19:59:00,CreepCast,The Dead Girl In My Yard | CreepCast,1820000,
8,2025-08-27 20:55:00,Black Forest soundscapes,Entspannende Naturklänge 12.3.2022 / Relaxing ambient soundscape 3/12/2022,7307,2hsJWvjWFIojh1DDVyFxpr
8,2025-08-27 21:11:00,"Crime, Conspiracy, Cults and Murder",Ep. 67 | The Horrors Of The Fox Hollow Farm Serial Killer,7961,
8,2025-08-27 21:11:00,"Crime, Conspiracy, Cults and Murder",Ep. 67 | The Horrors Of The Fox Hollow Farm Serial Killer,949,
8,2025-08-27 21:12:00,Black Forest soundscapes,"Relaxing ambient sound recording, Entspannende Naturklänge 10.3.2022",662816,089H0xcDznMx8VE9z9haqG
8,2025-08-28 12:39:00,Black Forest soundscapes,"Relaxing ambient sound recording, Entspannende Naturklänge 4.",2468944,74CWo9SnOfu8emFQD7BZrl
8,2025-08-28 12:39:00,Black Forest soundscapes,"Relaxing nature ambient soundscape, Entspannende Naturklänge",13313,7EJGgSzViJRhArRafwVZ71
8,2025-08-28 12:54:00,Black Forest soundscapes,Eine Nacht in Palermo Sizilien. One Night in Palermo Sicily. ,662403,
8,2025-08-28 14:46:00,Black Forest soundscapes,Ein Morgen am Meer in Carini Sizilien. A morning by the sea in Carini Sicily.,2259978,
8,2025-08-28 14:46:00,Black Forest soundscapes,Ein Morgen am Meer in Carini Sizilien. A morning by the sea in Carini Sicily.,2996,
8,2025-08-28 14:46:00,This Paranormal Life,Ol’ Green Eyes - The Civil War GHOUL that Haunts America’s South,0,
8,2025-08-29 14:47:00,Just Creepy: Scary Stories,5 Disturbing Deep Woods Horror Stories To Ruin Your Fall Nights,0,
8,2025-09-01 00:17:00,Black Forest soundscapes,"Relaxing ambient sound recording, Entspannende Naturklänge 5.",6117621,
8,2025-09-02 12:29:00,CreepCast,Polyamorous Hell | CreepCast,3731896,
8,2025-09-03 01:17:00,CreepCast,Polyamorous Hell | CreepCast,3870303,
8,2025-09-03 02:31:00,CreepCast,Polyamorous Hell | CreepCast,1220224,
8,2025-09-03 11:16:00,CreepCast,The Stairs In The Woods | Creep Cast,63381,
8,2025-09-04 14:13:00,The Rest Is Classified,74. The Hunt for Pablo Escobar: Rise of a Drug Lord (Ep 1),592,
8,2025-09-04 15:07:00,Two Girls One Ghost,Episode 12 - Dominus,3178344,
8,2025-09-04 15:14:00,Two Girls One Ghost,Episode 13 - Pet Cemetery,383845,
8,2025-09-04 18:12:00,Two Girls One Ghost,Episode 13 - Pet Cemetery,4444,
8,2025-09-04 21:15:00,The Rest Is Classified,74. The Hunt for Pablo Escobar: Rise of a Drug Lord (Ep 1),0,
8,2025-09-05 13:41:00,Let's Get Haunted,Episode 232: Anachronic Artifacts,9894,
8,2025-09-05 13:41:00,Let's Get Haunted,Episode 232: Anachronic Artifacts,4018,
8,2025-09-08 12:43:00,Black Forest soundscapes,"Ein Morgen im Oktober, a morning in October ",4157,
8,2025-09-08 12:59:00,Black Forest soundscapes,Landstraßen Romantik in einer heißen Sommernacht. Country road romance on a hot summer night.,940408,
8,2025-09-08 13:17:00,Black Forest soundscapes,"Ein Morgen im Oktober, a morning in October ",1132338,
8,2025-09-08 13:39:00,Black Forest soundscapes,"Relaxing ambient sound recording, Entspannende Naturklänge 1.",756261,
8,2025-09-08 15:52:00,Black Forest soundscapes,"Relaxing ambient sound recording, Entspannende Naturklänge 3.",10663,
8,2025-09-08 15:52:00,Black Forest soundscapes,"Relaxing ambient sound recording, Entspannende Naturklänge 2.",3408613,
8,2025-09-08 16:27:00,Black Forest soundscapes,"Relaxing ambient sound recording, Entspannende Naturklänge",1496193,
8,2025-09-08 19:46:00,Black Forest soundscapes,"Relaxing ambient sound recording, Entspannende Naturklänge. Soundwalk.",7343,
8,2025-09-08 19:46:00,Black Forest soundscapes,"Relaxing ambient sound recording, Entspannende Naturklänge (Headphones recommended, Kopfhörer empfohlen)",11681,
8,2025-09-08 19:47:00,Black Forest soundscapes,Relaxing Soundscape. Enstspannende Naturklänge. Springwalk. Frühlingsspaziergang,4146,
8,2025-09-08 19:47:00,Black Forest soundscapes,"Relaxing ambient sound recording, Entspannende Naturklänge",8536,
8,2025-09-08 20:01:00,Black Forest soundscapes,"Relaxing ambient sound recording, Entspannende Naturklänge. Thunderstorm. Gewitter",865384,
8,2025-09-08 20:17:00,Black Forest soundscapes,Relaxing Soundscape. Enstspannende Naturklänge. Springwalk. Frühlingsspaziergang,958224,
8,2025-09-09 13:19:00,Black Forest soundscapes,Relaxing sounds of nature. Walk in a lake area in spring. Entspannende Naturklänge. Spaziergang in einem Seegebiet im Frühling,86843,
8,2025-09-09 15:55:00,Black Forest soundscapes,Ein Morgen am Meer in Carini Sizilien. A morning by the sea in Carini Sicily.,2727251,
8,2025-09-09 15:56:00,Black Forest soundscapes,"Relaxing ambient sound recording, Entspannende Naturklänge (Binaural recording)",7083,
8,2025-09-09 16:05:00,Black Forest soundscapes,Ambisonics Binauraler Spaziergang entlang eines kleinen Baches. Entspannende Naturklänge,543127,
8,2025-09-09 16:49:00,Black Forest soundscapes,"Relaxing ambient sound recording, Entspannende Naturklänge (Headphones recommended, Kopfhörer empfohlen)",2690846,
8,2025-09-09 16:58:00,Black Forest soundscapes,"Relaxing ambient sound recording, Entspannende Naturklänge",527550,
8,2025-09-09 17:19:00,Black Forest soundscapes,Ambisonics Binauraler Spaziergang entlang eines kleinen Baches. Entspannende Naturklänge,1231079,
8,2025-09-09 17:47:00,Black Forest soundscapes,"Relaxing ambient sound recording, Entspannende Naturklänge (Binaural recording)",1678118,
8,2025-09-09 18:06:00,Black Forest soundscapes,"Relaxing ambient sound recording, Entspannende Naturklänge (Binaural recording)",1129488,
8,2025-09-09 18:50:00,Black Forest soundscapes,"Ein Vorgeschmack des Frühlings. A taste of spring. (High Quality Soundscape) relax, study, learn",2685434,
8,2025-09-09 21:15:00,Black Forest soundscapes,Ein Morgen am Meer in Carini Sizilien. A morning by the sea in Carini Sicily.,8085426,
8,2025-09-09 21:15:00,Black Forest soundscapes,Entspannende Naturklänge 9.5.2022 (Hohe Dynamik - Kopfhörer empfohlen!) / Relaxing ambient soundscape 5/9/2022 (High dynamics - headphones recommended!),2283,
8,2025-09-10 06:12:00,Black Forest soundscapes,Entspannende Naturklänge 15.4.2022 (Hohe Dynamik - Kopfhörer empfohlen!) / Relaxing ambient soundscape 4/15/2022 (High dynamics - headphones recommended!),1450943,
8,2025-09-10 10:15:00,Black Forest soundscapes,Entspannende Naturklänge 15.4.2022 (Hohe Dynamik - Kopfhörer empfohlen!) / Relaxing ambient soundscape 4/15/2022 (High dynamics - headphones recommended!),7895,
8,2025-09-10 14:46:00,CreepCast,The Flight Attendants Won’t Stop Crying | CreepCast,2304138,
8,2025-09-11 19:05:00,CreepCast,The Flight Attendants Won’t Stop Crying | CreepCast,2388479,
8,2025-09-11 19:47:00,CreepCast,The Flight Attendants Won’t Stop Crying | CreepCast,2483421,
8,2025-09-12 20:29:00,Black Forest soundscapes,Entspannende Naturklänge 12.3.2022 / Relaxing ambient soundscape 3/12/2022,2030176,2hsJWvjWFIojh1DDVyFxpr
8,2025-09-13 14:48:00,Black Forest soundscapes,"Relaxing ambient sound recording, Entspannende Naturklänge 10.3.2022",1343486,089H0xcDznMx8VE9z9haqG
8,2025-09-13 20:10:00,Black Forest soundscapes,Entspannende Naturklänge 12.3.2022 / Relaxing ambient soundscape 3/12/2022,1907354,2hsJWvjWFIojh1DDVyFxpr
8,2025-09-16 19:31:00,Two Girls One Ghost,Episode 13 - Pet Cemetery,1276650,
8,2025-09-16 21:31:00,Black Forest soundscapes,Entspannende Naturklänge 12.3.2022 / Relaxing ambient soundscape 3/12/2022,2029866,2hsJWvjWFIojh1DDVyFxpr
8,2025-09-16 21:44:00,Black Forest soundscapes,"Relaxing ambient sound recording, Entspannende Naturklänge 10.3.2022",770935,089H0xcDznMx8VE9z9haqG
8,2025-09-17 02:02:00,Black Forest soundscapes,"Relaxing nature ambient soundscape, Entspannende Naturklänge",317213,7EJGgSzViJRhArRafwVZ71
8,2025-09-17 19:14:00,CreepCast,The Bloodridge Motel | CreepCast,2280593,
8,2025-09-17 20:29:00,CreepCast,The Bloodridge Motel | CreepCast,3221288,
8,2025-09-17 20:29:00,CreepCast,The Bloodridge Motel | CreepCast,7699,
8,2025-09-18 11:39:00,CreepCast,The Bloodridge Motel | CreepCast,2391659,
8,2025-09-18 20:22:00,CreepCast,The Bloodridge Motel | CreepCast,2534641,
8,2025-09-19 03:18:00,Just Creepy: Scary Stories,6 Deep Woods Horror Stories So Scary You’ll Cancel the Camping Trip,2723,
8,2025-09-19 13:29:00,Just Creepy: Scary Stories,6 Deep Woods Horror Stories So Scary You’ll Cancel the Camping Trip,19173,
8,2025-09-19 13:34:00,Two Girls One Ghost,Episode 13 - Pet Cemetery,284700,
8,2025-09-19 13:34:00,Just Creepy: Scary Stories,6 Deep Woods Horror Stories So Scary You’ll Cancel the Camping Trip,333,
8,2025-09-22 20:40:00,Only Murders in the Building Official Podcast,S5 E1: Nail in the Coﬃn,1857854,
8,2025-09-22 20:44:00,Only Murders in the Building Official Podcast,S5 E2: After You,249455,
8,2025-09-23 13:37:00,ExtinctZoo,The Last Time Earth Was Iceless,7070,
8,2025-09-23 14:06:00,Two Girls One Ghost,Episode 13 - Pet Cemetery,1674161,
8,2025-09-23 14:19:00,Two Girls One Ghost,Episode 14 - Bad Toy Story,653688,
8,2025-09-23 15:37:00,ExtinctZoo,The Last Time Earth Was Iceless,174455,
8,2025-09-23 16:04:00,ExtinctZoo,The Last Time Earth Was Iceless,2102,
8,2025-09-23 16:07:00,ExtinctZoo,The Last Time Earth Was Iceless,226,
8,2025-09-24 10:54:00,CreepCast,The Bloodridge Motel | CreepCast,1762040,
8,2025-09-24 11:34:00,CreepCast,I Talked To God | CreepCast,674491,
8,2025-09-24 16:12:00,CreepCast,I Talked To God | CreepCast,23415,
8,2025-09-25 10:49:00,CreepCast,I Talked To God | CreepCast,3632971,
8,2025-09-25 10:50:00,CreepCast,I Talked To God | CreepCast,21573,
8,2025-09-25 17:30:00,CreepCast,"Reading Creepypasta Classics: The Rake, Candle Cove, Mr. Widemouth | Creep Cast",2733013,
8,2025-09-25 17:37:00,CreepCast,"Reading Creepypasta Classics: The Rake, Candle Cove, Mr. Widemouth | Creep Cast",255045,
8,2025-09-25 22:49:00,CreepCast,"Reading Creepypasta Classics: The Rake, Candle Cove, Mr. Widemouth | Creep Cast",3082270,
8,2025-09-26 16:00:00,Two Girls One Ghost,Episode 14 - Bad Toy Story,3254648,
8,2025-09-26 16:10:00,Two Girls One Ghost,Episode 15 - Acceptance Letter,553442,
8,2025-09-26 17:40:00,Two Girls One Ghost,Episode 15 - Acceptance Letter,455065,
8,2025-09-26 17:40:00,The Adam Friedland Show,"RAINN WILSON talks Dwight, Clowning, Baha'i",3103,
8,2025-09-27 17:47:00,Two Girls One Ghost,Episode 15 - Acceptance Letter,506497,
8,2025-09-28 11:48:00,Two Girls One Ghost,Episode 15 - Acceptance Letter,5039,
8,2025-09-28 11:48:00,Two Girls One Ghost,Episode 15 - Acceptance Letter,3622,
8,2025-09-29 19:57:00,Penguinz0, He's Much Healthier Now ,2582,
8,2025-09-29 19:57:00,Booze And Boos,4 CREEPY Trucker Stories With Rain & Haunting Ambience,847,
8,2025-09-29 19:57:00,Booze And Boos,4 CREEPY Trucker Stories With Rain & Haunting Ambience,1764,
8,2025-09-29 20:54:00,Two Girls One Ghost,Episode 15 - Acceptance Letter,3369169,
8,2025-09-30 16:21:00,Two Girls One Ghost,Episode 16 - Witch Boards & Ouija Boards | The Seth Materials and the Origin of the Ouija Board,1840670,
8,2025-09-30 17:06:00,Two Girls One Ghost,Episode 16 - Witch Boards & Ouija Boards | The Seth Materials and the Origin of the Ouija Board,2658184,
8,2025-09-30 17:37:00,Two Girls One Ghost,Encounters x 1,1772836,
8,2025-10-01 10:24:00,"Crime, Conspiracy, Cults and Murder",Ep. 71 | The Horrifying Vallow Daybell Cult Murders,564,
8,2025-10-01 16:20:00,CreepCast,There's Something Wrong With Wendigoon | CreepCast,2215714,
8,2025-10-01 16:20:00,Booze And Boos,4 CREEPY Trucker Stories With Rain & Haunting Ambience,3354,
8,2025-10-01 16:47:00,CreepCast,There's Something Wrong With Wendigoon | CreepCast,573278,
8,2025-10-01 16:48:00,Booze And Boos,4 CREEPY Trucker Stories With Rain & Haunting Ambience,454,
8,2025-10-01 16:56:00,CreepCast,There's Something Wrong With Wendigoon | CreepCast,519754,
8,2025-10-01 19:35:00,CreepCast,The Stairs In The Woods | Creep Cast,3251,
8,2025-10-01 19:35:00,CreepCast,The Stairs In The Woods | Creep Cast,3715,
8,2025-10-01 19:35:00,Booze And Boos,4 CREEPY Trucker Stories With Rain & Haunting Ambience,585,
8,2025-10-01 19:58:00,CreepCast,There's Something Wrong With Wendigoon | CreepCast,1393880,
8,2025-10-01 19:59:00,CreepCast,Tommy Taffy | Creep Cast,0,
8,2025-10-02 10:28:00,CreepCast,Tommy Taffy | Creep Cast,1477695,
8,2025-10-02 15:48:00,CreepCast,Tommy Taffy | Creep Cast,2265803,
8,2025-10-02 16:03:00,CreepCast,Tommy Taffy | Creep Cast,551102,
8,2025-10-02 18:47:00,CreepCast,Tommy Taffy | Creep Cast,504732,
8,2025-10-02 19:45:00,CreepCast,Tommy Taffy | Creep Cast,651552,
8,2025-10-03 14:22:00,Two Girls One Ghost,Encounters x 1,514194,
8,2025-10-03 15:28:00,Two Girls One Ghost,Episode 17 - In the Dark,3929076,
8,2025-10-06 20:53:00,Two Girls One Ghost,Episode 17 - In the Dark,13730,
8,2025-10-06 21:38:00,Two Girls One Ghost,Episode 18 - They See You When You're Sleeping,2521820,
8,2025-10-08 13:02:00,CreepCast,Smile Dog | CreepCast,2373624,
8,2025-10-08 16:01:00,CreepCast,Smile Dog | CreepCast,624724,
8,2025-10-08 19:29:00,CreepCast,Smile Dog | CreepCast,346704,
8,2025-10-08 20:10:00,CreepCast,Smile Dog | CreepCast,2411840,
8,2025-10-09 10:21:00,CreepCast,"I Wrote Myself A Letter, I Got A Response | Creep Cast",291157,
8,2025-10-09 11:49:00,CreepCast,"I Wrote Myself A Letter, I Got A Response | Creep Cast",2445937,
8,2025-10-09 16:08:00,Mystery Mondays,The Shocking Case of Pam Hupp,96,
8,2025-10-09 16:08:00,Mystery Mondays,The Shocking Case of Pam Hupp,3719,
8,2025-10-09 16:27:00,CreepCast,"I Wrote Myself A Letter, I Got A Response | Creep Cast",1138066,
8,2025-10-09 16:27:00,Mystery Mondays,The Shocking Case of Pam Hupp,1229,
8,2025-10-09 22:33:00,Mystery Mondays,The Shocking Case of Pam Hupp,302,
8,2025-10-09 23:06:00,CreepCast,"I Wrote Myself A Letter, I Got A Response | Creep Cast",1752531,
8,2025-10-09 23:06:00,CreepCast,I Dared My Best Friend To Ruin My Life | Creep Cast,0,
8,2025-10-10 01:40:00,CreepCast,I Dared My Best Friend To Ruin My Life | Creep Cast,668340,
8,2025-10-10 23:33:00,CreepCast,I Dared My Best Friend To Ruin My Life | Creep Cast,992235,
8,2025-10-12 17:12:00,SubwayTakes Uncut with Kareem Rahma,Ethan Hawke Gave Me The Best Life Advice,578,
8,2025-10-15 11:22:00,CreepCast,Accounts From A Lonely Broadcast Station | CreepCast,2498471,
8,2025-10-15 15:39:00,CreepCast,Accounts From A Lonely Broadcast Station | CreepCast,523266,
8,2025-10-15 19:27:00,CreepCast,Accounts From A Lonely Broadcast Station | CreepCast,481049,
8,2025-10-15 20:43:00,CreepCast,Accounts From A Lonely Broadcast Station | CreepCast,2554173,
8,2025-10-16 11:18:00,CreepCast,Accounts From A Lonely Broadcast Station | CreepCast,2249168,
8,2025-10-16 18:50:00,Red Web,"Hexham Heads | Cults, Curses, & Cryptids: What Are These Haunting Stones?",1902,
8,2025-10-16 20:50:00,Red Web,"Hexham Heads | Cults, Curses, & Cryptids: What Are These Haunting Stones?",482,
8,2025-10-16 20:50:00,CreepCast,Accounts From A Lonely Broadcast Station | CreepCast,2852375,
8,2025-10-16 21:59:00,CreepCast,Accounts From A Lonely Broadcast Station | CreepCast,1921277,
8,2025-10-16 23:10:00,Wendigoon,When West Virgina Became a Battlefield,4230238,
8,2025-10-16 23:11:00,Wendigoon,The Disturbing ARG Banned from YouTube - Kepther e,66413,
8,2025-10-16 23:56:00,Wendigoon,WENDIGANG: The Sinatra Karaoke Killings,1406929,
8,2025-10-16 23:57:00,Wendigoon,WENDIGANG: The Sinatra Karaoke Killings,17175,
8,2025-10-17 00:45:00,Wendigoon,The Largest Nuclear Disaster in America,2891880,
8,2025-10-18 18:00:00,Wendigoon,WENDIGANG: The Pope's Corpse was Put on Trial...by the Pope - The Cadaver Synod ,778450,
8,2025-10-18 18:11:00,Red Web,"Hexham Heads | Cults, Curses, & Cryptids: What Are These Haunting Stones?",1104,
8,2025-10-18 18:15:00,Wendigoon,WENDIGANG: The Pope's Corpse was Put on Trial...by the Pope - The Cadaver Synod ,199603,
8,2025-10-18 18:15:00,Wendigoon,The Cult that Took Over a City & Killed Thousands,29562,
8,2025-10-18 18:48:00,Wendigoon,WENDIGANG: The Army Ranger Bank Heist - a Genius Plan & a Stupid Mistake,1999326,
8,2025-10-18 18:49:00,Wendigoon,The Cult that Took Over a City & Killed Thousands,15769,
8,2025-10-18 19:42:00,Wendigoon,WENDIGANG: The Worst Awareness Campaign Ever - Kony 2012,2148941,
8,2025-10-18 19:56:00,Wendigoon,WENDIGANG: The Worst Awareness Campaign Ever - Kony 2012,820379,
8,2025-10-18 20:25:00,Wendigoon,WENDIGANG: That Time a Studio Deleted an Entire Movie,1786020,
8,2025-10-19 13:14:00,Wendigoon,WENDIGANG: The Sinatra Karaoke Killings,0,
8,2025-10-19 14:27:00,Wendigoon,"WENDIGANG: The Football Fan, Gambler, & Bank Robber - Chiefsaholic",2014840,
8,2025-10-19 14:27:00,Wendigoon,Are Airplane Crash Positions Designed to Kill You?,7870,
8,2025-10-19 15:03:00,Wendigoon,The Killer Who Lived in the Walls,1907905,
8,2025-10-19 19:15:00,Wendigoon,The Killer Who Lived in the Walls,402012,
8,2025-10-19 23:19:00,None of My Business,"“Former Gifted Kids"" With Paige Gallagher",1027,
8,2025-10-21 00:39:00,Spotify Conversations,Spotify in Conversation with Bruce Springsteen and Jeremy Allen White,9790,
8,2025-10-21 18:54:00,Wendigoon,The Deadliest Shootout in FBI History,12521,
8,2025-10-21 19:02:00,Two Girls One Ghost,Episode 18 - They See You When You're Sleeping,6500,
8,2025-10-21 19:35:00,Two Girls One Ghost,Encounters x2,1998243,
8,2025-10-21 19:40:00,Two Girls One Ghost,Episode 19 - Home for the Holidays,290887,
8,2025-10-22 19:26:00,CreepCast,Room 733 | CreepCast,2486419,
8,2025-10-22 20:00:00,CreepCast,Room 733 | CreepCast,2057778,
8,2025-10-22 21:09:00,Two Girls One Ghost,Episode 340 -  Pamola: The Wandering Spirit of Mt. Katahdin,12650,
8,2025-10-22 21:09:00,Two Girls One Ghost,Encounters x29,6620,
8,2025-10-22 21:09:00,Two Girls One Ghost,Episode 19 - Home for the Holidays,11060,
8,2025-10-22 21:09:00,Two Girls One Ghost,Episode 19 - Home for the Holidays,7240,
8,2025-10-22 22:02:00,Two Girls One Ghost,Episode 19 - Home for the Holidays,3143340,
8,2025-10-24 13:23:00,Two Girls One Ghost,Episode 19 - Home for the Holidays,883750,
8,2025-10-24 14:08:00,Two Girls One Ghost,Episode 20 - Black Eyed Kids,2502640,
8,2025-10-27 15:45:00,CreepCast,The Whistlers | Creep Cast,2386836,
8,2025-10-27 18:17:00,CreepCast,The Whistlers | Creep Cast,2795227,
8,2025-10-27 18:38:00,CreepCast,The Whistlers | Creep Cast,208678,
8,2025-10-27 23:21:00,CreepCast,The Whistlers | Creep Cast,383208,
8,2025-10-28 01:12:00,CreepCast,The Whistlers | Creep Cast,488,
8,2025-10-28 12:59:00,Two Girls One Ghost,Episode 20 - Black Eyed Kids,56390,
8,2025-10-28 22:01:00,Wendigoon,The Internet's Favorite Terrorist: The Unabomber's Life & Legacy,5612236,
8,2025-10-30 15:16:00,CreepCast,The Whistlers | Creep Cast,609134,
8,2025-10-31 12:06:00,Two Girls One Ghost,Episode 20 - Black Eyed Kids,7710,
8,2025-10-31 12:06:00,Two Girls One Ghost,Encounters x3,3070,
8,2025-11-02 09:21:00,CreepCast,Left Right Game Pt.1 | Creep Cast,0,
8,2025-11-02 17:17:00,CreepCast,Left Right Game Pt.1 | Creep Cast,2307505,
8,2025-11-03 20:31:00,CreepCast,Left Right Game Pt.1 | Creep Cast,1478438,
8,2025-11-03 21:38:00,CreepCast,Left Right Game Pt.1 | Creep Cast,3581000,
8,2025-11-03 22:30:00,CreepCast,Left Right Game Pt.1 | Creep Cast,350528,
8,2025-11-04 14:42:00,CreepCast,Left Right Game Pt.1 | Creep Cast,411388,
8,2025-11-05 15:02:00,CreepCast,Left Right Game Pt.1 | Creep Cast,3499940,
8,2025-11-05 21:36:00,CreepCast,Left Right Game Pt. 2 | Creep Cast,1216,
8,2025-11-06 14:55:00,CreepCast,Journal of an Unknown Soldier | CreepCast,2036192,
8,2025-11-06 23:14:00,CreepCast,Journal of an Unknown Soldier | CreepCast,1800263,
8,2025-11-19 20:24:00,Day in the Life,Day in the Life with Poppy,2411,
8,2025-11-19 20:24:00,CreepCast,The Whistlers | Creep Cast,2458719,
8,2025-11-20 13:13:00,CreepCast,The Whistlers | Creep Cast,2792577,
8,2025-11-20 13:18:00,Day in the Life,Day in the Life with Poppy,2484,
8,2025-11-20 13:18:00,The Tape Library - Archive of the Paranormal & the Unexplained,The Disturbing Case of the Tallman Haunting,2641,
8,2025-11-20 13:18:00,CreepCast,The Whistlers | Creep Cast,2131,
8,2025-11-20 14:13:00,Day in the Life,Day in the Life with Poppy,1552,
8,2025-11-20 15:02:00,CreepCast,The Whistlers | Creep Cast,2053072,
8,2025-11-20 15:19:00,CreepCast,The Whistlers | Creep Cast,981422,
8,2025-11-20 15:58:00,CreepCast,Journal of an Unknown Soldier | CreepCast,358973,
8,2025-11-20 16:21:00,CreepCast,Smiling Ones On Space Station Mir | CreepCast,1369446,
8,2025-11-21 17:03:00,CreepCast,Smiling Ones On Space Station Mir | CreepCast,2463439,
8,2025-11-24 10:19:00,CreepCast,Journal of an Unknown Soldier | CreepCast,1215449,
8,2025-11-24 10:48:00,CreepCast,Smiling Ones On Space Station Mir | CreepCast,1477895,
8,2025-11-24 16:24:00,CreepCast,Smiling Ones On Space Station Mir | CreepCast,963646,
8,2025-11-24 16:24:00,CreepCast,Smiling Ones On Space Station Mir | CreepCast,6302,
8,2025-11-24 22:48:00,CreepCast,My Dad Ate Meat From A Deer That Walked On Two Legs  | CreepCast,1221332,
8,2025-11-24 23:37:00,CreepCast,My Dad Ate Meat From A Deer That Walked On Two Legs  | CreepCast,2428795,
8,2025-11-25 10:02:00,CreepCast,The Bearded Man In My Window | CreepCast,735294,
8,2025-11-25 10:50:00,CreepCast,The Bearded Man In My Window | CreepCast,2443613,
8,2025-11-25 19:06:00,CreepCast,The Bearded Man In My Window | CreepCast,3122410,
8,2025-11-25 20:20:00,CreepCast,The Bearded Man In My Window | CreepCast,2724652,
8,2025-11-26 10:05:00,CreepCast,The Bearded Man In My Window | CreepCast,459184,
8,2025-11-27 16:10:00,CreepCast,Journal of an Unknown Soldier | CreepCast,2824,
8,2025-11-28 00:33:00,CreepCast,Journal of an Unknown Soldier | CreepCast,2492,
8,2025-12-03 13:34:00,CreepCast,Dogscape | CreepCast,2580558,
8,2025-12-03 17:01:00,CreepCast,Dogscape | CreepCast,93383,
8,2025-12-03 21:52:00,CreepCast,Dogscape | CreepCast,2727186,
8,2025-12-03 22:06:00,CreepCast,Dogscape | CreepCast,861586,
8,2025-12-03 23:01:00,Wendigoon,WENDIGANG: The Cult that Branded Celebrities - NXIVM,3281064,
8,2025-12-04 16:53:00,Wendigoon,The Subtle Horror of That Which Gave Chase,1710527,
8,2025-12-04 22:27:00,Wendigoon,WENDIGANG: The Ghost Wives of King Henry VIII,3109505,
8,2025-12-05 00:20:00,Wendigoon,The Subtle Horror of That Which Gave Chase,591704,
8,2025-12-05 18:24:00,The History of Rome,001- In the Beginning,708101,
8,2025-12-05 18:35:00,The History of Rome,002- Youthful Indiscretions,710583,
8,2025-12-05 18:51:00,The History of Rome,003a- The Seven Kings of Rome,960601,
8,2025-12-05 19:10:00,The History of Rome,003b- The Seven Kings of Rome,1090586,
8,2025-12-05 19:25:00,The History of Rome,004- The Public Thing,889104,
8,2025-12-06 14:04:00,The History of Rome,005- Trials and Tribunlations,419259,
8,2025-12-06 14:21:00,The History of Rome,005- Trials and Tribunlations,530842,
8,2025-12-06 14:37:00,The History of Rome,006- The Twelve Tables,956082,
8,2025-12-06 14:49:00,The History of Rome,007- The Roman Washington,175206,
8,2025-12-06 15:15:00,Wendigoon,WENDIGANG: The Whale that Exploded All Over a Small Town in Oregon,1549446,
8,2025-12-06 15:48:00,Wendigoon,"WENDIGANG: The Bizarre ""Disappearance"" of the Sodder Children",1404695,
8,2025-12-06 15:49:00,Wendigoon,"WENDIGANG: The Bizarre ""Disappearance"" of the Sodder Children",12965,
8,2025-12-08 19:25:00,CreepCast,Dreams Beneath The Witch Tree | CreepCast,2607419,
8,2025-12-09 16:00:00,Two Girls One Ghost,Encounters x3,2851364,
8,2025-12-09 16:38:00,Two Girls One Ghost,Episode 21 - Ladies Night,900318,
8,2025-12-10 15:55:00,CreepCast,Dreams Beneath The Witch Tree | CreepCast,7944,
8,2025-12-10 15:55:00,CreepCast,Dreams Beneath The Witch Tree | CreepCast,827356,
8,2025-12-10 22:29:00,Two Girls One Ghost,Episode 21 - Ladies Night,2909430,
8,2025-12-11 12:15:00,CreepCast,Dreams Beneath The Witch Tree | CreepCast,1537212,
8,2025-12-12 14:55:00,Two Girls One Ghost,Episode 21 - Ladies Night,598047,
8,2025-12-12 15:44:00,Two Girls One Ghost,Episode 22 - The Astral Vault,2883413,
8,2025-12-14 14:47:00,Penguinz0, Nobody is Talking About This Huge Flop ,505,
8,2025-12-15 11:43:00,CreepCast,Dreams Beneath The Witch Tree | CreepCast,1839298,
8,2025-12-15 20:19:00,CreepCast,Stairs In The Woods | CreepCast,306341,
8,2025-12-15 21:17:00,CreepCast,Stairs In The Woods | CreepCast,2689367,
8,2025-12-15 22:07:00,CreepCast,Stairs In The Woods | CreepCast,367404,
8,2025-12-15 23:08:00,CreepCast,Stairs In The Woods | CreepCast,3580964,
8,2025-12-16 12:43:00,CreepCast,Stairs In The Woods | CreepCast,2135214,
8,2025-12-16 21:03:00,CreepCast,Stairs In The Woods | CreepCast,1764107,
8,2025-12-16 23:15:00,CreepCast,Stairs In The Woods | CreepCast,1508634,
8,2025-12-17 11:25:00,CreepCast,Stairs In The Woods | CreepCast,814116,
8,2025-12-17 17:09:00,CreepCast,Spire In The Woods | Creep Cast,1600435,
8,2025-12-17 23:20:00,CreepCast,Spire In The Woods | Creep Cast,2945216,
8,2025-12-18 00:34:00,CreepCast,Spire In The Woods | Creep Cast,3511359,
8,2025-12-18 23:56:00,TikTok Trending,WE ARE CHARLIE KIRK (TikTok Song),9799,
8,2025-12-19 14:17:00,CreepCast,Spire In The Woods | Creep Cast,1794512,
8,2025-12-19 16:19:00,CreepCast,Spire In The Woods | Creep Cast,4122587,
8,2025-12-19 17:10:00,CreepCast,I Dared My Best Friend To Ruin My Life | Creep Cast,533070,
8,2025-12-19 20:16:00,CreepCast,I Dared My Best Friend To Ruin My Life | Creep Cast,3582550,
8,2025-12-19 21:34:00,CreepCast,I Dared My Best Friend To Ruin My Life | Creep Cast,728640,
8,2025-12-19 21:36:00,CreepCast,Spire In The Woods | Creep Cast,3701,
8,2025-12-19 21:36:00,CreepCast,I Dared My Best Friend To Ruin My Life | Creep Cast,6920,
8,2025-12-20 21:18:00,CreepCast,I Dared My Best Friend To Ruin My Life | Creep Cast,5297222,
8,2025-12-21 03:27:00,CreepCast,I Dared My Best Friend To Ruin My Life | Creep Cast,3258513,
8,2025-12-21 03:28:00,CreepCast,The Pigeons Around Here Aren't Real | Creep Cast,323,
8,2025-12-21 03:28:00,CreepCast,"I'm Blind, I'm Not Sure How Many Steps My Staircase Has | Creep Cast",53699,
8,2025-12-21 03:29:00,CreepCast,Deepwoods | Creep Cast,9635,
8,2025-12-21 03:29:00,CreepCast,SCP 3000 | Creep Cast,3761,
8,2025-12-21 17:36:00,CreepCast,Deepwoods | Creep Cast,1929764,
8,2025-12-21 18:04:00,CreepCast,Deepwoods | Creep Cast,10194,
8,2025-12-21 21:54:00,CreepCast,Jane The Killer | CreepCast,2472178,
8,2025-12-21 21:55:00,CreepCast,Jane The Killer | CreepCast,53639,
8,2025-12-22 00:00:00,CreepCast,Spire In The Woods | Creep Cast,2404961,
8,2025-12-22 01:04:00,Wendigoon,WENDIGANG: The Complicated & Stupid Harvey's Casino Bombing,0,
8,2025-12-22 01:04:00,Financial Audit,This Has Never Happened Before | Financial Audit,210,
8,2025-12-22 01:05:00,Underwhelming Podcast,Episode One A New Pod ft. ​The Fat Electrician | Underwhelming Podcast Ep 01,230,
8,2025-12-22 01:05:00,blameitonjorge,Lost Media Found in 2025 [Vol 3],1440,
8,2025-12-22 01:05:00,Crime Junkie,MURDERED: Sandra Birchmore,10,
8,2025-12-22 01:05:00,Horrorspiria,Episode 32: Exploiting Penitentiaries in Horror w/ Kayley DeLong,0,
8,2025-12-22 01:05:00,Horrorspiria,Episode 32: Exploiting Penitentiaries in Horror w/ Kayley DeLong,2533,
8,2025-12-22 01:05:00,In Our Time,Eclipses (Archive Episode),2000,
8,2025-12-22 01:05:00,iNabber,Amberlynn Reid Has Officially Destroyed Her Entire Life.,1720,
8,2025-12-22 01:05:00,iNabber,Amberlynn Reid Has Officially Destroyed Her Entire Life.,528,
8,2025-12-22 01:05:00,The Dark Sides of Internet Culture,How Rent-A-Hitman.com Fooled People into Jail,200,
8,2025-12-22 01:05:00,The Dark Sides of Internet Culture,How Rent-A-Hitman.com Fooled People into Jail,1608,
8,2025-12-23 00:18:00,CreepCast,Jane The Killer | CreepCast,1205,
8,2025-12-23 00:18:00,CreepCast,Jane The Killer | CreepCast,1288237,
8,2025-12-23 18:07:00,CreepCast,Spire In The Woods | Creep Cast,1941423,
8,2025-12-26 16:40:00,CreepCast,Spire In The Woods | Creep Cast,4312807,
8,2026-01-02 16:57:00,CreepCast,Jane The Killer | CreepCast,1949520,
8,2026-01-02 18:26:00,CreepCast,Drumming In The Clouds | CreepCast,5277305,
8,2026-01-04 16:25:00,CreepCast,I'm A Cop & I Keep Getting Called To The Same House | Creep Cast,1156310,
8,2026-01-04 16:25:00,CreepCast,I'm A Cop & I Keep Getting Called To The Same House | Creep Cast,1270,
8,2026-01-04 16:26:00,CreepCast,I'm A Cop & I Keep Getting Called To The Same House | Creep Cast,1990,
8,2026-01-05 17:37:00,CreepCast,Best of Creep Cast 2025 | CreepCast,2376570,
8,2026-01-05 20:16:00,CreepCast,Best of Creep Cast 2025 | CreepCast,982582,
8,2026-01-05 20:17:00,Huberman Lab,Best Ways to Build Better Habits & Break Bad Ones | James Clear,2010,
8,2026-01-05 21:46:00,CreepCast,Best of Creep Cast 2025 | CreepCast,274080,
8,2026-01-05 21:51:00,Two Girls One Ghost,Encounters x4,165990,
8,2026-01-06 12:28:00,CreepCast,Best of Creep Cast 2025 | CreepCast,2246869,
8,2026-01-06 16:55:00,CreepCast,Best of Creep Cast 2025 | CreepCast,480390,
8,2026-01-06 20:21:00,CreepCast,Best of Creep Cast 2025 | CreepCast,446290,
8,2026-01-06 22:19:00,CreepCast,Best of Creep Cast 2025 | CreepCast,2773928,
8,2026-01-06 22:20:00,CreepCast,Best of Creep Cast 2025 | CreepCast,35315,
8,2026-01-07 11:43:00,CreepCast,Best of Creep Cast 2025 | CreepCast,1738421,
8,2026-01-07 17:15:00,CreepCast,Best of Creep Cast 2025 | CreepCast,458786,
8,2026-01-07 20:36:00,CreepCast,Best of Creep Cast 2025 | CreepCast,387577,
8,2026-01-07 20:36:00,CreepCast,Best of Creep Cast 2025 | CreepCast,28064,
8,2026-01-19 16:54:00,CreepCast,Turn It Off | CreepCast,4760976,
8,2026-01-20 14:19:00,Black Forest soundscapes,"Relaxing ambient sound recording, Entspannende Naturklänge 4.",2705058,74CWo9SnOfu8emFQD7BZrl
8,2026-01-20 14:20:00,Black Forest soundscapes,"Relaxing nature ambient soundscape, Entspannende Naturklänge",3007,7EJGgSzViJRhArRafwVZ71
8,2026-01-20 15:09:00,Black Forest soundscapes,"Relaxing ambient sound recording, Entspannende Naturklänge 10.3.2022",2104935,089H0xcDznMx8VE9z9haqG
8,2026-01-20 15:29:00,Black Forest soundscapes,"Relaxing nature ambient soundscape, Entspannende Naturklänge",1106497,7EJGgSzViJRhArRafwVZ71
8,2026-01-20 21:16:00,Black Forest soundscapes,"Relaxing ambient sound recording, Entspannende Naturklänge 4.",1598230,74CWo9SnOfu8emFQD7BZrl
8,2026-01-21 11:09:00,CreepCast,Turn It Off | CreepCast,187725,
8,2026-01-21 19:48:00,CreepCast,Marble Hornets Pt. 3 | CreepCast,15416,
8,2026-01-21 19:48:00,CreepCast,Marble Hornets Pt. 3 | CreepCast,2013970,
8,2026-01-22 14:12:00,Wendigoon,WENDIGANG: The Amputee Olympian Who Murdered His Girlfriend - Oscar Pistorius,2915630,
8,2026-01-22 20:36:00,Wendigoon,WENDIGANG: The Complicated & Stupid Harvey's Casino Bombing,15,
8,2026-01-23 01:23:00,Wendigoon,The Story so Brutal it Changed History - The Disturbing Truth of Heart of Darkness Explained,2743916,
8,2026-01-24 16:24:00,Wendigoon,The Story so Brutal it Changed History - The Disturbing Truth of Heart of Darkness Explained,904947,
8,2026-01-24 17:42:00,Wendigoon,The Story so Brutal it Changed History - The Disturbing Truth of Heart of Darkness Explained,995106,
8,2026-01-25 00:43:00,Wendigoon,The Story so Brutal it Changed History - The Disturbing Truth of Heart of Darkness Explained,2191450,
9,2025-02-15 23:54:00,The Joel Klatt Show: A College Football Podcast,Joel Klatt’s 2025 NFL Mock Draft 1.0,0,
9,2025-02-15 23:54:00,The Joel Klatt Show: A College Football Podcast,Joel Klatt’s 2025 NFL Mock Draft 1.0,58818,
9,2025-02-16 02:25:00,The Joel Klatt Show: A College Football Podcast,Joel Klatt’s 2025 NFL Mock Draft 1.0,10027,
9,2025-02-16 04:38:00,The Joel Klatt Show: A College Football Podcast,Joel Klatt’s 2025 NFL Mock Draft 1.0,831,
9,2025-03-10 02:58:00,The Ringer NBA Show,Future Power Rankings | Group Chat,1360,
9,2025-03-11 00:11:00,The Ringer NBA Show,Future Power Rankings | Group Chat,0,
9,2025-03-12 06:24:00,The Ringer NBA Show,Future Power Rankings | Group Chat,701,
9,2025-03-12 11:46:00,The Ringer NBA Show,Future Power Rankings | Group Chat,1180,
9,2025-03-12 19:30:00,The Rest Is History,544. The French Revolution: The September Massacres (Part 1),0,
9,2025-03-12 19:49:00,The Rest Is History,544. The French Revolution: The September Massacres (Part 1),2031,
9,2025-03-22 05:10:00,,HOUSE OF CARDS . INSTRUMENTAL,38294,
9,2025-04-01 20:27:00,Futcrunch,I Watched Mbappe's Presentation,0,
9,2025-04-01 21:36:00,Futcrunch,I Watched Mbappe's Presentation,199,
9,2025-04-02 12:27:00,Futcrunch,I Watched Mbappe's Presentation,0,
9,2025-04-04 04:27:00,,HOUSE OF CARDS . INSTRUMENTAL,181775,
9,2025-04-04 04:28:00,Lights Out Library: Sleep Documentaries,Nuclear Fusion | Science Sleep Story,7154,
9,2025-04-29 15:07:00,Mystery Mondays,THE CASE OF THE HOLLYWOOD RIPPER,0,
9,2025-04-29 20:21:00,Mystery Mondays,THE CASE OF THE HOLLYWOOD RIPPER,0,
9,2025-05-14 14:02:00,Huberman Lab,How Different Diets Impact Your Health | Dr. Christopher Gardner,6261,
9,2025-05-14 17:38:00,Huberman Lab,How Different Diets Impact Your Health | Dr. Christopher Gardner,11270,
9,2025-05-14 17:40:00,Huberman Lab,How Different Diets Impact Your Health | Dr. Christopher Gardner,0,
9,2025-06-13 03:45:00,Ryan Trahan,I Tried the Top 50 Airbnbs in America,12831,
9,2025-06-17 23:11:00,Nyxi's special taste,Mademoiselle Noire,153205,
9,2025-06-17 23:11:00,Nyxi's special taste,Mademoiselle Noire,8164,
9,2025-06-29 15:37:00,Furmandelio,Trouble (Frank Ocean),8859,
9,2025-06-29 15:40:00,Furmandelio,Trouble (Frank Ocean),141826,
9,2025-06-29 15:40:00,Doogie,alabama pajama,4565,
9,2025-06-29 15:44:00,FO tracks 27,American Wedding - Frank Ocean,267469,
9,2025-06-29 16:14:00,10/10 songs ,AMERICAN WEDDING ,5802,
9,2025-06-29 16:18:00,10/10 songs ,AMERICAN WEDDING ,243956,
9,2025-06-30 02:51:00,Frank’s Remakes.,F.O - American Wedding,368600,
9,2025-07-13 18:22:00,Furmandelio,Trouble (Frank Ocean),19650,
9,2025-07-13 18:25:00,10/10 songs ,wisemen!,222794,
9,2025-07-25 20:22:00,lil hero fan,lil hero - done-da-dun (skip to 1:00 min),4928,
9,2025-07-25 20:29:00,lil hero fan,lil hero - done-da-dun (skip to 1:00 min),25600,
9,2025-08-30 13:46:00,Boring History for Sleep,Boring Greek Myths For Sleep | What the Olympian Gods Were Really Like,15265,
9,2025-08-31 15:12:00,Boring History for Sleep,Boring Greek Myths For Sleep | What the Olympian Gods Were Really Like,2102292,
9,2025-09-03 12:01:00,NPR News Now,NPR News: 09-03-2025 7AM EDT,297242,
9,2025-09-03 12:06:00,Boring History for Sleep,Ancient Egyptians Got HIGHER Than You’d EVER Believe and more,109247,
9,2025-09-03 16:20:00,NPR News Now,NPR News: 09-03-2025 12PM EDT,312203,
9,2025-09-03 16:26:00,Boring History for Sleep,The Forgotten Life of Royal Mistresses in Tudor England | Boring History For Sleep,1053,
9,2025-09-22 04:47:00,ExtinctZoo,The Last Time Earth Was Iceless,197,
9,2025-10-08 12:54:00,Ocean Music ,Wiseman (skip to 1:00),246697,
9,2025-10-08 12:55:00,Boring History for Sleep,Medusa’s Tragic Life (Before She Got Snakes for Hair) | Boring History For Sleep,73811,
9,2025-10-14 03:25:00,Boring History for Sleep,What Being a Princess in the Middle Ages Was ACTUALLY Like | Boring History For Sleep,3267,
9,2025-11-27 02:46:00,History After Dark,Everything You Know About Early Human History is Wrong | A Bedtime History Documentary,4129,
9,2025-11-27 22:35:00,Matt and Shane's Secret Podcast,Ep 586 - Shift Work (feat. Nate Marshall),3624,
9,2025-12-25 01:04:00,Boring History for Sleep,Boring History For Sleep | The Secret of the Minoans 🏺🌊 (Europe’s First Lost Civilization),0,
9,2026-01-03 08:28:00,Monologato,"Gunna, Drake - Pussy Power",6130,
9,2026-01-10 20:18:00,Boring History for Sleep,The Great Flood That Ended the Ice Age,6190,
9,2026-01-10 20:18:00,Boring History for Sleep,The Great Flood That Ended the Ice Age,730,
9,2026-01-10 20:18:00,D3C1XN'S VIDEOS:,Joe Bart ~ Spongebob Nightshift,1361,
9,2026-01-10 22:12:00,Boring History for Sleep,The Entire Story of the Titans | Greek Mythology | Boring History for Sleep,48730,
9,2026-01-12 23:04:00,Boring History for Sleep,The Entire Story of the Titans | Greek Mythology | Boring History for Sleep,501362,
9,2026-01-13 06:00:00,Boring History for Sleep,The Entire Story of Ancient Mesopotamia | Boring History for Sleep,3630,
9,2026-01-13 06:00:00,Boring History for Sleep,The Entire Story of the Titans | Greek Mythology | Boring History for Sleep,13199,
9,2026-01-13 06:01:00,Boring History for Sleep,Ancient Persia’s Weirdest Daily Habits | Boring History for Sleep,31785,
9,2026-01-13 14:06:00,Boring History for Sleep,What Did Ancient China C0ncubines Actually Do All Day and more,8243232,
9,2026-01-14 13:08:00,Boring History for Sleep,Boring History For Sleep | How Bedouins Survived Extreme Desert Heat and more,37954,
9,2026-01-15 01:44:00,Boring History for Sleep,The Most Bizarre S3xu4l Practices of Ancient Egyptian Pharaohs | Boring History For Sleep,9365971,
9,2026-01-15 13:34:00,Boring History for Sleep, The Entire Story of Greek Mythology,3991,
9,2026-01-18 07:04:00,History After Dark,Why the West Wanted Venezuela Destroyed | A History Documentary,470,
9,2026-01-18 07:04:00,Boring History for Sleep,Boring History For Sleep | How Ancient Egypt Engineered an Empire 🏗️🏺,231,
9,2026-01-18 07:04:00,Lights Out Library: Sleep Documentaries,Mysteries of Consciousness: why do we know we exist?,1920,
9,2026-01-18 07:08:00,StanLand,Everything Must Go,0,
9,2026-01-18 07:08:00,StanLand,"The Scion, the Glitch, and the IKEA Wardrobe",23701,
9,2026-01-18 07:49:00,StanLand,"The Scion, the Glitch, and the IKEA Wardrobe",2516663,
9,2026-01-18 08:32:00,StanLand,Everything Must Go,2560627,
9,2026-01-18 09:07:00,StanLand,The Crown Jewels,2097110,
9,2026-01-18 09:51:00,StanLand,The Half-Crud Prince,2657019,
9,2026-01-18 10:34:00,StanLand,Erectile Injunction,2561045,
9,2026-01-18 10:36:00,StanLand,Teaser | The Lost Podcasts of Zyngia: Dumpsters & Deadbeats,110864,
9,2026-01-18 23:51:00,Dreamoria,The ENTIRE Story of the Underworld,4357,
9,2026-01-20 06:03:00,Boring History for Sleep,Forbidden Pleasures in the Court of Versailles | Boring History For Sleep ,0,
9,2026-01-20 06:03:00,Sleepy Stories: To help you sleep,Memory Lane Monday ✨The Celestial Sisters,7957,
9,2026-01-20 06:03:00,Boring History for Sleep, The Entire Story of Greek Mythology,10640,
9,2026-01-21 04:04:00,Boring History for Sleep,The Most Bizarre S3xu4l Practices of Ancient Egyptian Pharaohs | Boring History For Sleep,3442078,
9,2026-01-22 22:24:00,D3C1XN'S VIDEOS:,Joe Bart ~ Spongebob Nightshift,190,
9,2026-01-23 05:02:00,StanLand,The StanLand team recommends: Woodbine,446206,
9,2026-01-23 07:24:00,Boring History for Sleep,Boring History for Sleep | The Greek Mythology,8369650,
9,2026-01-23 10:53:00,Boring History for Sleep,What It Was Really Like to Be a Caveman | Boring History For Sleep,12519619,
9,2026-01-23 10:53:00,Boring History for Sleep,The Deadly Secrets Of The Tudor Home,0,
9,2026-01-23 18:06:00,Boring History for Sleep,Boring History For Sleep | Neanderthals Were Absolute Freaks Of Nature and more,33606,
9,2026-01-26 08:04:00,Boring History for Sleep,Why It Sucked to Be a Medieval Jester | Boring History for Sleep,9726582,
9,2026-01-26 12:00:00,Boring History for Sleep,Why It Sucked to Be a Medieval Assassin | Boring History for Sleep,1192747,
9,2026-01-28 19:16:00,--,Rushes,5706,
9,2026-01-29 09:20:00,Boring History for Sleep,Boring Greek Myths For Sleep | The Most Terrifying Monsters in Greek Mythology,15652184,
9,2026-01-29 12:14:00,Boring History for Sleep,The 40 Biggest Cover-ups of Ancient History |Boring History for Sleep,8816736,
11,2025-02-01 19:55:00,what you've been looking for ,PoPiPo - Hatsune Miku,8753,
11,2025-05-05 01:24:00,christine’s silly stuff!!!,The Subway - Chappell Roan,76373,
11,2025-05-05 01:27:00,christine’s silly stuff!!!,The Subway - Chappell Roan,202374,
11,2025-05-05 01:31:00,christine’s silly stuff!!!,The Subway - Chappell Roan,53909,
11,2025-05-05 13:34:00,christine’s silly stuff!!!,The Subway - Chappell Roan,309693,
11,2025-05-05 13:41:00,christine’s silly stuff!!!,The Subway - Chappell Roan,432744,
11,2025-05-05 13:41:00,christine’s silly stuff!!!,Lacy (Cover) - Hanni,11238,
11,2025-05-05 13:42:00,christine’s silly stuff!!!,Love. (Live) - Wave To Earth,49899,
11,2025-05-05 14:01:00,christine’s silly stuff!!!,The Subway - Chappell Roan,289764,
11,2025-05-05 20:37:00,christine’s silly stuff!!!,The Subway - Chappell Roan,228205,
11,2025-05-05 20:40:00,christine’s silly stuff!!!,Lacy (Cover) - Hanni,197329,
11,2025-05-05 20:42:00,christine’s silly stuff!!!,The Subway - Chappell Roan,83853,
11,2025-05-05 21:27:00,christine’s silly stuff!!!,Goodbye Goodbye - Beabadoobee,190291,
11,2025-05-05 21:50:00,christine’s silly stuff!!!,The Subway - Chappell Roan,1304583,
11,2025-05-05 22:07:00,christine’s silly stuff!!!,Fake Plastic Trees (Live) - Radiohead,170682,
11,2025-05-05 22:12:00,christine’s silly stuff!!!,The Subway - Chappell Roan,307889,
11,2025-05-06 19:51:00,christine’s silly stuff!!!,The Subway - Chappell Roan,187221,
11,2025-05-07 16:06:00,christine’s silly stuff!!!,The Subway - Chappell Roan,300778,
11,2025-05-08 15:58:00,christine’s silly stuff!!!,The Subway - Chappell Roan,298151,
11,2025-05-08 21:58:00,christine’s silly stuff!!!,The Subway - Chappell Roan,305853,
11,2025-05-09 12:25:00,christine’s silly stuff!!!,Goodbye Goodbye - Beabadoobee,5480,
11,2025-05-09 12:25:00,christine’s silly stuff!!!,Goodbye Goodbye - Beabadoobee,15759,
11,2025-05-11 00:04:00,christine’s silly stuff!!!,The Subway - Chappell Roan,336828,
11,2025-05-14 23:45:00,christine’s silly stuff!!!,The Subway - Chappell Roan,286699,
11,2025-05-22 20:39:00,christine’s silly stuff!!!,The Subway - Chappell Roan,12097,
11,2025-05-25 00:06:00,christine’s silly stuff!!!,The Subway - Chappell Roan,15915,
11,2025-05-25 00:06:00,"༝ ۫  ݃ 𓏲 bitch, i'm big mama",the subway (live from bonnaroo) - chappell roan,49230,
11,2025-05-25 00:07:00,jubreakit jabawdit 26,the subway - chappell roan (ignore the last 1:02),41675,
11,2025-05-27 20:55:00,Up First from NPR,"Harvard President says critics' ""fire is misdirected""",1147649,
11,2025-05-28 11:13:00,Odd Lots,"Zohran Mamdani, the Socialist Who Could Be NYC's New Mayor",2181569,
11,2025-05-28 11:16:00,Odd Lots,"Zohran Mamdani, the Socialist Who Could Be NYC's New Mayor",17346,
11,2025-05-28 11:29:00,Up First from NPR,"Gaza Food Distribution Chaos, New COVID-19 Vaccine Guidelines, Children Of ISIS",778220,
11,2025-05-28 20:31:00,Odd Lots,Why Asset Allocators Love Multi-Strategy Hedge Funds,973452,
11,2025-05-28 20:35:00,Odd Lots,Why Asset Allocators Love Multi-Strategy Hedge Funds,207238,
11,2025-05-29 11:34:00,Up First from NPR,"Court Blocks Most Trump Tariffs, Trump Grows Frustrated With Putin, CPAC Hungary",882355,
11,2025-05-29 11:36:00,christine’s silly stuff!!!,Forwards Beckon Rebound (Live) - Adrianne,141371,
11,2025-06-08 00:16:00,Artist covers + live performances,The subway - chappell Roan (unreleased),267145,
11,2025-06-16 11:04:00,The Journal.,Iran and the U.S. Were Set To Negotiate. Then Israel Attacked.,14466,
11,2025-06-16 11:22:00,Up First from NPR,"Minnesota Shooting Arrest, Israel-Iran Conflict, G7 Kicks Off, Colorado Election Data",1095819,
11,2025-06-23 16:01:00,Up First from NPR,"Trump Strikes Iran, View From Israel, Iran's Options",3570,
11,2025-06-23 16:13:00,Up First from NPR,Bonus Episode: US Strikes Iran,701360,
11,2025-06-23 16:20:00,Up First from NPR,"Trump Strikes Iran, View From Israel, Iran's Options",416470,
11,2025-07-01 20:15:00,Up First from NPR,"Senate Spending Bill, Ukraine Airstrikes, Idaho Firefighter Shootings",686386,
11,2025-07-01 23:32:00,Up First from NPR,"Megabill Wrangling, State Of Democracy Poll, USAID Ends",690654,
11,2025-07-03 23:51:00,Up First from NPR,"GOP Megabill Latest, Tax Cuts And Debt, Sean Combs Conviction",0,
11,2025-07-04 00:30:00,Up First from NPR,One-on-One with Zohran Mamdani,2298260,
11,2025-07-04 00:45:00,Up First from NPR,"GOP Megabill Latest, Tax Cuts And Debt, Sean Combs Conviction",906631,
11,2025-07-04 01:12:00,Up First from NPR,"Iran Intelligence, Supreme Court Term Ends, Gaza Food Program",19298,
11,2025-07-04 01:12:00,Up First from NPR,Supreme Court Decision on Nationwide Injunctions,1602351,
11,2025-07-04 23:39:00,christine’s silly stuff!!!,The Subway - Chappell Roan,202432,
11,2025-07-05 05:43:00,christine’s silly stuff!!!,The Subway - Chappell Roan,15040,
11,2025-07-31 01:14:00,jubreakit jubawdit,the subway - chappell roan (ignore the last 1:02),308848,
11,2025-07-31 01:15:00,Up First from NPR,"Epstein Files Subpoena, Columbia $221 Million Settlement, 'Woke' AI",65024,
11,2025-07-31 11:15:00,jubreakit jubawdit,the subway - chappell roan (ignore the last 1:02),501729,
11,2025-08-20 04:29:00,Up First from NPR,"Trump and Ukraine, Kremlin's View, California Redistricting",9514,
11,2025-08-20 04:45:00,Up First from NPR,"Trump and Ukraine, Kremlin's View, California Redistricting",954426,
11,2025-08-20 05:06:00,Up First from NPR,"Putin U.S. Meeting, Netanyahu's Gaza Plan, Trump D.C. Action",673133,
11,2025-08-20 12:58:00,Up First from NPR,"Trump and Ukraine, Kremlin's View, California Redistricting",12724,
11,2025-08-23 03:50:00,Odd Lots,Lots More on What Just Happened With the Fed at Jackson Hole,40417,
11,2025-08-23 03:50:00,Stuff You Should Know,Short Stuff: Dodleston Messages,9984,
11,2025-08-23 03:50:00,Stuff You Should Know,How Attachment Theory Works,23540,
11,2025-08-23 04:25:00,Stuff You Should Know,Private Equity: Your Ears Will Bleed,1534786,
11,2025-08-24 05:41:00,Stuff You Should Know,Private Equity: Your Ears Will Bleed,28437,
11,2025-08-24 06:30:00,Stuff You Should Know,Private Equity: Your Ears Will Bleed,2998289,
11,2025-08-24 06:48:00,Stuff You Should Know,Selects: The Flannen Isles Mystery,531367,
11,2025-08-24 16:59:00,Stuff You Should Know,Selects: The Flannen Isles Mystery,307688,
11,2025-09-03 03:16:00,Critics at Large | The New Yorker,How to Watch a Movie,150,
11,2025-09-03 03:16:00,Up First from NPR,"Government Shutdown Looms, Brazil's Ex-President on Trial, Earthquake in Afghanistan",9984,
11,2025-09-03 03:32:00,Up First from NPR,"Government Shutdown Looms, Brazil's Ex-President on Trial, Earthquake in Afghanistan",948410,
11,2025-09-03 03:56:00,The Daily,How Trump Is Changing American Capitalism,865842,
11,2025-09-03 12:37:00,Up First from NPR,"Government Shutdown Looms, Brazil's Ex-President on Trial, Earthquake in Afghanistan",14649,
11,2025-09-25 19:13:00,The Knowledge Project,Ed Stack: Lessons from Dick’s Sporting Goods [Outliers] ,129920,
11,2025-09-25 19:13:00,The Knowledge Project,Kenneth Stanley: Set The Right Objectives,5828,
11,2025-10-01 14:55:00,FT News Briefing,Spotify has its leadership on shuffle mode 🔀,585600,
11,2025-11-24 16:32:00,lals,was it you? i don't remember ,134076,
11,2025-11-24 16:32:00,lals,the worst that could happen is happening to me ,18934,
11,2025-12-18 17:29:00,lals,was it you? i don't remember ,127454,
11,2025-12-21 16:59:00,lals,i told you things (live at outside lands),15790,
12,2025-01-30 12:22:00,White Noise and Sleep Sounds (12 Hours),Deep Brown Noise | Sleep Sound (12 Hours),31026262,
12,2025-01-30 13:11:00,White Noise and Sleep Sounds (12 Hours),Deep Brown Noise | Sleep Sound (12 Hours),15301,
12,2025-01-31 14:04:00,White Noise and Sleep Sounds (12 Hours),Deep Brown Noise | Sleep Sound (12 Hours),33663402,
12,2025-01-31 14:43:00,White Noise and Sleep Sounds (12 Hours),Deep Brown Noise | Sleep Sound (12 Hours),26982,
12,2025-02-01 14:40:00,White Noise and Sleep Sounds (12 Hours),Deep Brown Noise | Sleep Sound (12 Hours),30163393,
12,2025-02-02 13:18:00,White Noise and Sleep Sounds (12 Hours),Deep Brown Noise | Sleep Sound (12 Hours),15517949,
12,2025-02-03 08:39:00,White Noise and Sleep Sounds (12 Hours),Deep Brown Noise | Sleep Sound (12 Hours),13376597,
12,2025-02-04 08:56:00,White Noise and Sleep Sounds (12 Hours),Deep Brown Noise | Sleep Sound (12 Hours),18474241,
12,2025-02-05 08:15:00,White Noise and Sleep Sounds (12 Hours),Deep Brown Noise | Sleep Sound (12 Hours),15738700,
12,2025-02-06 08:49:00,White Noise and Sleep Sounds (12 Hours),Deep Brown Noise | Sleep Sound (12 Hours),15838855,
12,2025-02-07 09:23:00,White Noise and Sleep Sounds (12 Hours),Deep Brown Noise | Sleep Sound (12 Hours),15133655,
12,2025-02-08 14:41:00,LADbible Entertainment,Sabrina Carpenter Rates British And American Snacks | Snack Wars,1081,
12,2025-02-08 16:55:00,LADbible Entertainment,Sabrina Carpenter Rates British And American Snacks | Snack Wars,0,
12,2025-02-09 04:35:00,LADbible Entertainment,Sabrina Carpenter Rates British And American Snacks | Snack Wars,0,
12,2025-02-09 04:35:00,LADbible Entertainment,Sabrina Carpenter Rates British And American Snacks | Snack Wars,321,
12,2025-02-09 10:31:00,White Noise and Sleep Sounds (12 Hours),Deep Brown Noise | Sleep Sound (12 Hours),21359834,
12,2025-02-09 14:24:00,LADbible Entertainment,Sabrina Carpenter Rates British And American Snacks | Snack Wars,1891,
12,2025-02-09 14:59:00,LADbible Entertainment,Sabrina Carpenter Rates British And American Snacks | Snack Wars,0,
12,2025-02-10 07:51:00,White Noise and Sleep Sounds (12 Hours),Deep Brown Noise | Sleep Sound (12 Hours),12451898,
12,2025-02-10 10:59:00,White Noise and Sleep Sounds (12 Hours),Deep Brown Noise | Sleep Sound (12 Hours),9725060,
12,2025-02-11 08:58:00,White Noise and Sleep Sounds (12 Hours),Deep Brown Noise | Sleep Sound (12 Hours),16242960,
12,2025-02-11 23:43:00,The Codcast,Massachusetts roundtable: a look at 2025 legislative priorities,0,
12,2025-02-11 23:43:00,The Codcast,Massachusetts health care concerns under Trump 2.0,1164191,
12,2025-02-12 07:30:00,White Noise and Sleep Sounds (12 Hours),Deep Brown Noise | Sleep Sound (12 Hours),13202644,
12,2025-02-13 06:54:00,White Noise and Sleep Sounds (12 Hours),Deep Brown Noise | Sleep Sound (12 Hours),11408669,
12,2025-02-14 10:32:00,White Noise and Sleep Sounds (12 Hours),Deep Brown Noise | Sleep Sound (12 Hours),21885538,
12,2025-02-15 09:01:00,White Noise and Sleep Sounds (12 Hours),Deep Brown Noise | Sleep Sound (12 Hours),18044009,
12,2025-02-16 11:27:00,White Noise and Sleep Sounds (12 Hours),Deep Brown Noise | Sleep Sound (12 Hours),17979395,
12,2025-02-17 08:41:00,White Noise and Sleep Sounds (12 Hours),Deep Brown Noise | Sleep Sound (12 Hours),14907711,
12,2025-02-18 07:53:00,White Noise and Sleep Sounds (12 Hours),Deep Brown Noise | Sleep Sound (12 Hours),12220635,
12,2025-02-19 08:09:00,White Noise and Sleep Sounds (12 Hours),Deep Brown Noise | Sleep Sound (12 Hours),13963639,
12,2025-02-19 20:13:00,TikTok Trending,Chappell Roan - The Giver (Saturday Night Live (SNL) Performance),23843,
12,2025-02-20 07:50:00,White Noise and Sleep Sounds (12 Hours),Deep Brown Noise | Sleep Sound (12 Hours),13907776,
12,2025-02-21 09:27:00,White Noise and Sleep Sounds (12 Hours),Deep Brown Noise | Sleep Sound (12 Hours),20939694,
12,2025-02-22 09:25:00,White Noise and Sleep Sounds (12 Hours),Deep Brown Noise | Sleep Sound (12 Hours),16620703,
12,2025-02-23 12:05:00,White Noise and Sleep Sounds (12 Hours),Deep Brown Noise | Sleep Sound (12 Hours),29796522,
12,2025-02-24 04:26:00,Perfect Person,137: besties with my cheating ex's parents (w/ Arasha Lalani),530,
12,2025-02-24 11:32:00,White Noise and Sleep Sounds (12 Hours),Deep Brown Noise | Sleep Sound (12 Hours),25510563,
12,2025-02-24 13:24:00,Perfect Person,137: besties with my cheating ex's parents (w/ Arasha Lalani),3254,
12,2025-02-24 13:24:00,White Noise and Sleep Sounds (12 Hours),Deep Brown Noise | Sleep Sound (12 Hours),2894912,
12,2025-02-24 13:48:00,anything goes with emma chamberlain,are my standards too high? advice session [video],2080,
12,2025-02-24 14:26:00,anything goes with emma chamberlain,are my standards too high? advice session [video],1470,
12,2025-02-25 10:03:00,White Noise and Sleep Sounds (12 Hours),Deep Brown Noise | Sleep Sound (12 Hours),24169012,
12,2025-02-26 12:26:00,White Noise and Sleep Sounds (12 Hours),Deep Brown Noise | Sleep Sound (12 Hours),31821661,
12,2025-02-27 09:15:00,White Noise and Sleep Sounds (12 Hours),Deep Brown Noise | Sleep Sound (12 Hours),20892413,
12,2025-02-28 10:34:00,White Noise and Sleep Sounds (12 Hours),Deep Brown Noise | Sleep Sound (12 Hours),21068784,
12,2025-03-01 04:20:00,White Noise and Sleep Sounds (12 Hours),Deep Brown Noise | Sleep Sound (12 Hours),3735,
12,2025-03-01 10:53:00,White Noise and Sleep Sounds (12 Hours),Deep Brown Noise | Sleep Sound (12 Hours),23544174,
12,2025-03-02 07:56:00,White Noise and Sleep Sounds (12 Hours),Deep Brown Noise | Sleep Sound (12 Hours),13029410,
12,2025-03-03 09:15:00,White Noise and Sleep Sounds (12 Hours),Deep Brown Noise | Sleep Sound (12 Hours),18063307,
12,2025-03-03 21:07:00,The Game with Alex Hormozi,Stop Confusing Patience With Delaying The Inevitable | Ep 843,7450,
12,2025-03-04 03:23:00,The Colin and Samir Show,The Death of the Follower & the Future of Creativity on the Internet: Patreon CEO Jack Conte,1320,
12,2025-03-04 03:26:00,The Colin and Samir Show,The Death of the Follower & the Future of Creativity on the Internet: Patreon CEO Jack Conte,130,
12,2025-03-04 03:28:00,The Colin and Samir Show,The Death of the Follower & the Future of Creativity on the Internet: Patreon CEO Jack Conte,900,
12,2025-03-04 03:28:00,The Colin and Samir Show,The Death of the Follower & the Future of Creativity on the Internet: Patreon CEO Jack Conte,0,
12,2025-03-04 03:29:00,The Colin and Samir Show,The Death of the Follower & the Future of Creativity on the Internet: Patreon CEO Jack Conte,6760,
12,2025-03-04 03:29:00,The Colin and Samir Show,The Death of the Follower & the Future of Creativity on the Internet: Patreon CEO Jack Conte,0,
12,2025-03-04 04:25:00,The Colin and Samir Show,The Death of the Follower & the Future of Creativity on the Internet: Patreon CEO Jack Conte,1350,
12,2025-03-04 04:25:00,The Game with Alex Hormozi,Stop Confusing Patience With Delaying The Inevitable | Ep 843,370,
12,2025-03-04 10:46:00,White Noise and Sleep Sounds (12 Hours),Deep Brown Noise | Sleep Sound (12 Hours),22850162,
12,2025-03-04 12:42:00,The Game with Alex Hormozi,Stop Confusing Patience With Delaying The Inevitable | Ep 843,790,
12,2025-03-04 12:42:00,The Game with Alex Hormozi,Stop Confusing Patience With Delaying The Inevitable | Ep 843,1460,
12,2025-03-04 18:17:00,The Game with Alex Hormozi,Stop Confusing Patience With Delaying The Inevitable | Ep 843,390,
12,2025-03-05 09:50:00,White Noise and Sleep Sounds (12 Hours),Deep Brown Noise | Sleep Sound (12 Hours),21817337,
12,2025-03-06 10:19:00,White Noise and Sleep Sounds (12 Hours),Deep Brown Noise | Sleep Sound (12 Hours),16776099,
12,2025-03-07 11:10:00,White Noise and Sleep Sounds (12 Hours),Deep Brown Noise | Sleep Sound (12 Hours),23840625,
12,2025-03-17 06:51:00,White Noise and Sleep Sounds (12 Hours),Deep Brown Noise | Sleep Sound (12 Hours),14103745,
12,2025-03-19 02:11:00,The Comment Section with Drew Afualo,WE'RE PEOPLE GIRLS Ft. Dylan Mulvaney | Episode 160,0,
12,2025-03-19 08:11:00,White Noise and Sleep Sounds (12 Hours),Deep Brown Noise | Sleep Sound (12 Hours),21647325,
12,2025-03-19 11:24:00,The Comment Section with Drew Afualo,WE'RE PEOPLE GIRLS Ft. Dylan Mulvaney | Episode 160,0,
12,2025-03-20 09:09:00,White Noise and Sleep Sounds (12 Hours),Deep Brown Noise | Sleep Sound (12 Hours),22659966,
12,2025-03-21 10:14:00,The Nightlight Astrology Podcast,The Sun Conjoins Neptune at the Anaretic Degree — A Sea Change is Happening,12710,
12,2025-03-21 10:14:00,White Noise and Sleep Sounds (12 Hours),Deep Brown Noise | Sleep Sound (12 Hours),27327936,
12,2025-03-21 20:14:00,The Nightlight Astrology Podcast,The Sun Conjoins Neptune at the Anaretic Degree — A Sea Change is Happening,202,
12,2025-03-22 02:59:00,The Nightlight Astrology Podcast,The Sun Conjoins Neptune at the Anaretic Degree — A Sea Change is Happening,2130,
12,2025-03-22 08:17:00,White Noise and Sleep Sounds (12 Hours),Deep Brown Noise | Sleep Sound (12 Hours),19095544,
12,2025-03-23 08:25:00,White Noise and Sleep Sounds (12 Hours),Deep Brown Noise | Sleep Sound (12 Hours),19631210,
12,2025-03-24 05:59:00,White Noise and Sleep Sounds (12 Hours),Deep Brown Noise | Sleep Sound (12 Hours),11351358,
12,2025-03-25 08:11:00,White Noise and Sleep Sounds (12 Hours),Deep Brown Noise | Sleep Sound (12 Hours),18775920,
12,2025-03-26 08:19:00,White Noise and Sleep Sounds (12 Hours),Deep Brown Noise | Sleep Sound (12 Hours),19568040,
12,2025-03-27 07:47:00,White Noise and Sleep Sounds (12 Hours),Deep Brown Noise | Sleep Sound (12 Hours),18296680,
12,2025-03-28 07:08:00,White Noise and Sleep Sounds (12 Hours),Deep Brown Noise | Sleep Sound (12 Hours),16037329,
12,2025-03-29 03:55:00,White Noise and Sleep Sounds (12 Hours),Deep Brown Noise | Sleep Sound (12 Hours),3239,
12,2025-03-29 11:05:00,White Noise and Sleep Sounds (12 Hours),Deep Brown Noise | Sleep Sound (12 Hours),25784578,
12,2025-03-30 11:08:00,White Noise and Sleep Sounds (12 Hours),Deep Brown Noise | Sleep Sound (12 Hours),27421894,
12,2025-03-31 03:11:00,White Noise and Sleep Sounds (12 Hours),Deep Brown Noise | Sleep Sound (12 Hours),5394,
12,2025-03-31 09:19:00,White Noise and Sleep Sounds (12 Hours),Deep Brown Noise | Sleep Sound (12 Hours),22070249,
12,2025-04-01 08:08:00,White Noise and Sleep Sounds (12 Hours),Deep Brown Noise | Sleep Sound (12 Hours),18663695,
12,2025-04-02 02:57:00,White Noise and Sleep Sounds (12 Hours),Deep Brown Noise | Sleep Sound (12 Hours),4394,
12,2025-04-02 09:28:00,White Noise and Sleep Sounds (12 Hours),Deep Brown Noise | Sleep Sound (12 Hours),23444962,
12,2025-04-03 09:48:00,White Noise and Sleep Sounds (12 Hours),Deep Brown Noise | Sleep Sound (12 Hours),25458762,
12,2025-04-04 09:16:00,White Noise and Sleep Sounds (12 Hours),Deep Brown Noise | Sleep Sound (12 Hours),23419224,
12,2025-04-05 06:16:00,White Noise and Sleep Sounds (12 Hours),Deep Brown Noise | Sleep Sound (12 Hours),14079449,
12,2025-04-07 07:17:00,White Noise and Sleep Sounds (12 Hours),Deep Brown Noise | Sleep Sound (12 Hours),15107725,
12,2025-04-08 07:33:00,White Noise and Sleep Sounds (12 Hours),Deep Brown Noise | Sleep Sound (12 Hours),19263563,
12,2025-04-09 08:35:00,White Noise and Sleep Sounds (12 Hours),Deep Brown Noise | Sleep Sound (12 Hours),21492990,
12,2025-04-10 07:39:00,White Noise and Sleep Sounds (12 Hours),Deep Brown Noise | Sleep Sound (12 Hours),18028716,
12,2025-04-11 06:57:00,White Noise and Sleep Sounds (12 Hours),Deep Brown Noise | Sleep Sound (12 Hours),16395069,
12,2025-04-13 08:51:00,White Noise and Sleep Sounds (12 Hours),Deep Brown Noise | Sleep Sound (12 Hours),18818950,
12,2025-04-14 08:06:00,White Noise and Sleep Sounds (12 Hours),Deep Brown Noise | Sleep Sound (12 Hours),18924541,
12,2025-04-15 08:35:00,White Noise and Sleep Sounds (12 Hours),Deep Brown Noise | Sleep Sound (12 Hours),20341973,
12,2025-04-16 08:19:00,White Noise and Sleep Sounds (12 Hours),Deep Brown Noise | Sleep Sound (12 Hours),20887236,
12,2025-04-17 09:00:00,White Noise and Sleep Sounds (12 Hours),Deep Brown Noise | Sleep Sound (12 Hours),17167211,
12,2025-04-18 08:46:00,White Noise and Sleep Sounds (12 Hours),Deep Brown Noise | Sleep Sound (12 Hours),20117339,
12,2025-04-19 09:46:00,White Noise and Sleep Sounds (12 Hours),Deep Brown Noise | Sleep Sound (12 Hours),20143708,
12,2025-04-20 11:27:00,White Noise and Sleep Sounds (12 Hours),Deep Brown Noise | Sleep Sound (12 Hours),19935819,
12,2025-04-21 10:00:00,White Noise and Sleep Sounds (12 Hours),Deep Brown Noise | Sleep Sound (12 Hours),25040027,
12,2025-04-22 08:34:00,White Noise and Sleep Sounds (12 Hours),Deep Brown Noise | Sleep Sound (12 Hours),18132573,
12,2025-04-23 08:38:00,White Noise and Sleep Sounds (12 Hours),Deep Brown Noise | Sleep Sound (12 Hours),19362777,
12,2025-04-24 09:49:00,White Noise and Sleep Sounds (12 Hours),Deep Brown Noise | Sleep Sound (12 Hours),23462579,
12,2025-04-25 10:22:00,White Noise and Sleep Sounds (12 Hours),Deep Brown Noise | Sleep Sound (12 Hours),24765457,
12,2025-04-27 08:27:00,White Noise and Sleep Sounds (12 Hours),Deep Brown Noise | Sleep Sound (12 Hours),19325765,
12,2025-04-28 05:53:00,White Noise and Sleep Sounds (12 Hours),Deep Brown Noise | Sleep Sound (12 Hours),11665188,
12,2025-04-29 06:02:00,White Noise and Sleep Sounds (12 Hours),Deep Brown Noise | Sleep Sound (12 Hours),10189040,
12,2025-04-29 09:11:00,White Noise and Sleep Sounds (12 Hours),Deep Brown Noise | Sleep Sound (12 Hours),10696104,
12,2025-04-30 06:35:00,White Noise and Sleep Sounds (12 Hours),Deep Brown Noise | Sleep Sound (12 Hours),13221821,
12,2025-05-01 08:44:00,White Noise and Sleep Sounds (12 Hours),Deep Brown Noise | Sleep Sound (12 Hours),20425748,
12,2025-05-02 03:02:00,Two Dykes And A Mic,#310 - Nip to Nip,780,
12,2025-05-02 09:35:00,White Noise and Sleep Sounds (12 Hours),Deep Brown Noise | Sleep Sound (12 Hours),23594880,
12,2025-05-03 08:04:00,White Noise and Sleep Sounds (12 Hours),Deep Brown Noise | Sleep Sound (12 Hours),18792570,
12,2025-05-04 09:11:00,White Noise and Sleep Sounds (12 Hours),Deep Brown Noise | Sleep Sound (12 Hours),22235557,
12,2025-05-04 13:12:00,Two Dykes And A Mic,#310 - Nip to Nip,2190,
12,2025-05-04 14:23:00,Two Dykes And A Mic,#310 - Nip to Nip,0,
12,2025-05-05 07:01:00,White Noise and Sleep Sounds (12 Hours),Deep Brown Noise | Sleep Sound (12 Hours),13112409,
12,2025-05-06 08:09:00,White Noise and Sleep Sounds (12 Hours),Deep Brown Noise | Sleep Sound (12 Hours),17267676,
12,2025-05-07 09:22:00,White Noise and Sleep Sounds (12 Hours),Deep Brown Noise | Sleep Sound (12 Hours),23086335,
12,2025-05-08 07:26:00,White Noise and Sleep Sounds (12 Hours),Deep Brown Noise | Sleep Sound (12 Hours),17527284,
12,2025-05-09 07:25:00,White Noise and Sleep Sounds (12 Hours),Deep Brown Noise | Sleep Sound (12 Hours),16905880,
12,2025-05-10 09:03:00,White Noise and Sleep Sounds (12 Hours),Deep Brown Noise | Sleep Sound (12 Hours),20334360,
12,2025-05-15 05:34:00,White Noise and Sleep Sounds (12 Hours),Deep Brown Noise | Sleep Sound (12 Hours),9554980,
12,2025-06-02 05:41:00,White Noise and Sleep Sounds (12 Hours),Deep Brown Noise | Sleep Sound (12 Hours),11412354,
12,2025-06-03 12:24:00,The Comment Section with Drew Afualo,NOBODY WANTS TO DANCE Ft. Vanilla Mace | Episode 168,0,
12,2025-06-03 12:24:00,The Comment Section with Drew Afualo,NOBODY WANTS TO DANCE Ft. Vanilla Mace | Episode 168,1290,
12,2025-06-03 21:32:00,The Comment Section with Drew Afualo,NOBODY WANTS TO DANCE Ft. Vanilla Mace | Episode 168,80,
12,2025-06-03 21:32:00,The Comment Section with Drew Afualo,NOBODY WANTS TO DANCE Ft. Vanilla Mace | Episode 168,0,
12,2025-06-03 23:07:00,The Comment Section with Drew Afualo,NOBODY WANTS TO DANCE Ft. Vanilla Mace | Episode 168,0,
12,2025-06-04 02:13:00,The Comment Section with Drew Afualo,NOBODY WANTS TO DANCE Ft. Vanilla Mace | Episode 168,0,
12,2025-06-04 07:02:00,White Noise and Sleep Sounds (12 Hours),Deep Brown Noise | Sleep Sound (12 Hours),17314327,
12,2025-06-04 11:50:00,The Comment Section with Drew Afualo,DOING BLASPHEMY Ft. Caleb Hearon | Episode 171,1480,
12,2025-06-04 11:50:00,The Comment Section with Drew Afualo,DOING BLASPHEMY Ft. Caleb Hearon | Episode 171,70,
12,2025-06-06 02:42:00,Good Hang with Amy Poehler,Reneé Rapp,0,
12,2025-06-06 02:42:00,Good Hang with Amy Poehler,Reneé Rapp,590,
12,2025-06-06 10:33:00,Good Hang with Amy Poehler,Reneé Rapp,745,
12,2025-06-06 10:33:00,White Noise and Sleep Sounds (12 Hours),Deep Brown Noise | Sleep Sound (12 Hours),18866854,
12,2025-06-07 04:31:00,White Noise and Sleep Sounds (12 Hours),Deep Brown Noise | Sleep Sound (12 Hours),940,
12,2025-06-07 09:23:00,White Noise and Sleep Sounds (12 Hours),Deep Brown Noise | Sleep Sound (12 Hours),17523246,
12,2025-06-08 14:33:00,The Comment Section with Drew Afualo,DOING BLASPHEMY Ft. Caleb Hearon | Episode 171,1220,
12,2025-06-08 14:33:00,The Comment Section with Drew Afualo,DOING BLASPHEMY Ft. Caleb Hearon | Episode 171,0,
12,2025-06-08 14:48:00,The Comment Section with Drew Afualo,DOING BLASPHEMY Ft. Caleb Hearon | Episode 171,340,
12,2025-06-08 15:59:00,The Comment Section with Drew Afualo,DOING BLASPHEMY Ft. Caleb Hearon | Episode 171,0,
12,2025-06-08 17:06:00,The Comment Section with Drew Afualo,DOING BLASPHEMY Ft. Caleb Hearon | Episode 171,0,
12,2025-06-09 06:24:00,White Noise and Sleep Sounds (12 Hours),Deep Brown Noise | Sleep Sound (12 Hours),16361986,
12,2025-06-09 11:45:00,Slumber Solution,Heavy Rain and Distant Thunder Rumbles for Sleep & Relaxation,5230,
12,2025-06-09 12:35:00,Slumber Solution,Heavy Rain and Distant Thunder Rumbles for Sleep & Relaxation,380,
12,2025-06-09 12:35:00,Slumber Solution,Heavy Rain and Distant Thunder Rumbles for Sleep & Relaxation,0,
12,2025-06-09 21:48:00,Slumber Solution,Heavy Rain and Distant Thunder Rumbles for Sleep & Relaxation,0,
12,2025-06-09 23:22:00,Slumber Solution,Heavy Rain and Distant Thunder Rumbles for Sleep & Relaxation,0,
12,2025-06-10 03:06:00,Good Hang with Amy Poehler,Paul Rudd,3610,
12,2025-06-10 03:06:00,Slumber Solution,Heavy Rain and Distant Thunder Rumbles for Sleep & Relaxation,530,
12,2025-06-10 07:42:00,White Noise and Sleep Sounds (12 Hours),Deep Brown Noise | Sleep Sound (12 Hours),16577876,
12,2025-06-10 13:51:00,Good Hang with Amy Poehler,Paul Rudd,180,
12,2025-06-10 13:51:00,Good Hang with Amy Poehler,Paul Rudd,0,
12,2025-06-11 02:49:00,Good Hang with Amy Poehler,Paul Rudd,2060,
12,2025-06-11 02:49:00,Good Hang with Amy Poehler,Paul Rudd,0,
12,2025-06-11 11:47:00,Good Hang with Amy Poehler,Paul Rudd,1080,
12,2025-06-11 11:47:00,Good Hang with Amy Poehler,Paul Rudd,0,
12,2025-06-11 11:47:00,Good Hang with Amy Poehler,Paul Rudd,1010,
12,2025-06-11 11:47:00,White Noise and Sleep Sounds (12 Hours),Deep Brown Noise | Sleep Sound (12 Hours),16349100,
12,2025-06-14 16:59:00,The Comment Section with Drew Afualo,DOING BLASPHEMY Ft. Caleb Hearon | Episode 171,1440,
12,2025-06-15 02:12:00,The Comment Section with Drew Afualo,DOING BLASPHEMY Ft. Caleb Hearon | Episode 171,4890,
12,2025-06-15 03:03:00,The Comment Section with Drew Afualo,DOING BLASPHEMY Ft. Caleb Hearon | Episode 171,0,
12,2025-06-15 03:03:00,The Comment Section with Drew Afualo,DOING BLASPHEMY Ft. Caleb Hearon | Episode 171,160,
12,2025-06-15 07:34:00,White Noise and Sleep Sounds (12 Hours),Deep Brown Noise | Sleep Sound (12 Hours),16114825,
12,2025-06-15 14:13:00,The Comment Section with Drew Afualo,DOING BLASPHEMY Ft. Caleb Hearon | Episode 171,0,
12,2025-06-15 16:02:00,The Comment Section with Drew Afualo,DOING BLASPHEMY Ft. Caleb Hearon | Episode 171,7100,
12,2025-06-15 16:02:00,The Comment Section with Drew Afualo,DOING BLASPHEMY Ft. Caleb Hearon | Episode 171,2410,
12,2025-06-15 16:03:00,The Comment Section with Drew Afualo,DOING BLASPHEMY Ft. Caleb Hearon | Episode 171,1100,
12,2025-06-15 18:24:00,The Comment Section with Drew Afualo,DOING BLASPHEMY Ft. Caleb Hearon | Episode 171,0,
12,2025-06-16 11:41:00,White Noise and Sleep Sounds (12 Hours),Deep Brown Noise | Sleep Sound (12 Hours),13943358,
12,2025-06-16 11:42:00,The Comment Section with Drew Afualo,DOING BLASPHEMY Ft. Caleb Hearon | Episode 171,770,
12,2025-06-16 12:36:00,The Comment Section with Drew Afualo,DOING BLASPHEMY Ft. Caleb Hearon | Episode 171,200,
12,2025-06-16 23:18:00,The Comment Section with Drew Afualo,DOING BLASPHEMY Ft. Caleb Hearon | Episode 171,0,
12,2025-06-16 23:18:00,The Comment Section with Drew Afualo,DOING BLASPHEMY Ft. Caleb Hearon | Episode 171,1000,
12,2025-06-17 00:22:00,The Comment Section with Drew Afualo,DOING BLASPHEMY Ft. Caleb Hearon | Episode 171,0,
12,2025-06-17 03:03:00,The Comment Section with Drew Afualo,DOING BLASPHEMY Ft. Caleb Hearon | Episode 171,850,
12,2025-06-17 03:03:00,White Noise and Sleep Sounds (12 Hours),Deep Brown Noise | Sleep Sound (12 Hours),600,
12,2025-06-17 07:06:00,White Noise and Sleep Sounds (12 Hours),Deep Brown Noise | Sleep Sound (12 Hours),14562732,
12,2025-06-18 07:33:00,White Noise and Sleep Sounds (12 Hours),Deep Brown Noise | Sleep Sound (12 Hours),14431617,
12,2025-06-22 17:27:00,Brooke and Connor Make A Podcast,Sad But Fire,820,
12,2025-06-22 17:27:00,Brooke and Connor Make A Podcast,Sad But Fire,3700,
12,2025-06-24 07:10:00,White Noise and Sleep Sounds (12 Hours),Deep Brown Noise | Sleep Sound (12 Hours),14376654,
12,2025-06-25 11:42:00,White Noise and Sleep Sounds (12 Hours),Deep Brown Noise | Sleep Sound (12 Hours),13469911,
12,2025-06-25 21:36:00,Therapuss with Jake Shane,Session 78: Maren Morris,400,
12,2025-06-25 21:36:00,Therapuss with Jake Shane,Session 78: Maren Morris,901,
12,2025-06-25 21:37:00,Therapuss with Jake Shane,Session 78: Maren Morris,2969,
12,2025-06-26 02:58:00,Therapuss with Jake Shane,Session 78: Maren Morris,532,
12,2025-06-26 02:58:00,White Noise and Sleep Sounds (12 Hours),Deep Brown Noise | Sleep Sound (12 Hours),2175,
12,2025-06-26 10:37:00,White Noise and Sleep Sounds (12 Hours),Deep Brown Noise | Sleep Sound (12 Hours),27540807,
12,2025-06-26 22:06:00,The Broski Report with Brittany Broski,99: Moonbeam Ice Cream & Swans,690,
12,2025-06-28 16:40:00,White Noise Relax Zone,Box Fan White Noise | 3 Hours of Black Screen Video,7560,
12,2025-06-29 04:10:00,White Noise Relax Zone,Box Fan White Noise | 3 Hours of Black Screen Video,2822,
12,2025-06-29 07:58:00,White Noise and Sleep Sounds (12 Hours),Deep Brown Noise | Sleep Sound (12 Hours),13666456,
12,2025-06-30 06:54:00,White Noise and Sleep Sounds (12 Hours),Deep Brown Noise | Sleep Sound (12 Hours),14277123,
12,2025-07-01 06:35:00,White Noise and Sleep Sounds (12 Hours),Deep Brown Noise | Sleep Sound (12 Hours),13744602,
12,2025-07-01 14:44:00,White Noise Relax Zone,Box Fan White Noise | 3 Hours of Black Screen Video,2546,
12,2025-07-01 18:36:00,White Noise Relax Zone,Box Fan White Noise | 3 Hours of Black Screen Video,0,
12,2025-07-02 10:56:00,White Noise and Sleep Sounds (12 Hours),Deep Brown Noise | Sleep Sound (12 Hours),16917813,
12,2025-07-02 12:41:00,White Noise Relax Zone,Box Fan White Noise | 3 Hours of Black Screen Video,5984,
12,2025-07-02 12:53:00,White Noise Relax Zone,Box Fan White Noise | 3 Hours of Black Screen Video,0,
12,2025-07-02 12:56:00,White Noise Relax Zone,Box Fan White Noise | 3 Hours of Black Screen Video,0,
12,2025-07-02 12:57:00,White Noise Relax Zone,Box Fan White Noise | 3 Hours of Black Screen Video,0,
12,2025-07-03 02:48:00,White Noise Relax Zone,Box Fan White Noise | 3 Hours of Black Screen Video,75,
12,2025-07-03 02:48:00,White Noise and Sleep Sounds (12 Hours),Deep Brown Noise | Sleep Sound (12 Hours),1802,
12,2025-07-03 06:24:00,White Noise and Sleep Sounds (12 Hours),Deep Brown Noise | Sleep Sound (12 Hours),12959152,
12,2025-07-03 12:16:00,White Noise Relax Zone,Box Fan White Noise | 3 Hours of Black Screen Video,2753,
12,2025-07-03 12:32:00,White Noise Relax Zone,Box Fan White Noise | 3 Hours of Black Screen Video,0,
12,2025-07-03 14:41:00,White Noise Relax Zone,Box Fan White Noise | 3 Hours of Black Screen Video,21753,
12,2025-07-07 11:37:00,Giggly Squad,"Giggling about therapy, retirement, and ravioli",2600,
12,2025-07-07 11:37:00,Giggly Squad,"Giggling about therapy, retirement, and ravioli",2660,
12,2025-07-07 11:56:00,Giggly Squad,"Giggling about therapy, retirement, and ravioli",200,
12,2025-07-07 13:42:00,Giggly Squad,"Giggling about therapy, retirement, and ravioli",0,
12,2025-07-07 15:02:00,Giggly Squad,"Giggling about therapy, retirement, and ravioli",5860,
12,2025-07-08 07:46:00,White Noise and Sleep Sounds (12 Hours),Deep Brown Noise | Sleep Sound (12 Hours),17706020,
12,2025-07-08 14:58:00,Giggly Squad,"Giggling about therapy, retirement, and ravioli",0,
12,2025-07-08 16:17:00,Giggly Squad,"Giggling about therapy, retirement, and ravioli",4090,
12,2025-07-08 16:36:00,Giggly Squad,"Giggling about therapy, retirement, and ravioli",690,
12,2025-07-08 19:14:00,Giggly Squad,"Giggling about therapy, retirement, and ravioli",0,
12,2025-07-08 21:32:00,Giggly Squad,"Giggling about therapy, retirement, and ravioli",0,
12,2025-07-09 11:30:00,Giggly Squad,"Giggling about therapy, retirement, and ravioli",0,
12,2025-07-09 14:47:00,Therapuss with Jake Shane,Session 81: Goodbye Girls!,0,
12,2025-07-09 18:47:00,Therapuss with Jake Shane,Session 81: Goodbye Girls!,5230,
12,2025-07-09 21:39:00,Therapuss with Jake Shane,Session 81: Goodbye Girls!,13692,
12,2025-07-13 23:16:00,Giggly Squad,Summer Break Giggles,2920,
12,2025-07-13 23:16:00,Giggly Squad,Summer Break Giggles,0,
12,2025-07-13 23:35:00,Giggly Squad,Summer Break Giggles,0,
12,2025-07-16 16:35:00,Therapuss with Jake Shane,Session 83: Jessie Murph,0,
12,2025-07-23 21:39:00,Billions Club: The Series,Billions Club Live with Miley Cyrus: A Concert Film,2080,
12,2025-07-29 13:43:00,The Anthropocene Reviewed,Orbital Sunrise,2520,
12,2025-09-01 13:15:00,Ologies with Alie Ward,Lutrinology (OTTERS) Encore with Chris J. Law,6012,
12,2025-09-01 13:15:00,Ologies with Alie Ward,Trolleyology (MORAL DILEMMAS + THE TROLLEY PROBLEM) with Joshua Greene,3163158,
12,2025-09-02 06:49:00,White Noise and Sleep Sounds (12 Hours),Deep Brown Noise | Sleep Sound (12 Hours),14677275,
12,2025-09-08 08:54:00,White Noise and Sleep Sounds (12 Hours),Deep Brown Noise | Sleep Sound (12 Hours),19983147,
12,2025-09-09 08:51:00,White Noise and Sleep Sounds (12 Hours),Deep Brown Noise | Sleep Sound (12 Hours),17892469,
12,2025-09-10 07:18:00,White Noise and Sleep Sounds (12 Hours),Deep Brown Noise | Sleep Sound (12 Hours),16173967,
12,2025-09-11 07:37:00,White Noise and Sleep Sounds (12 Hours),Deep Brown Noise | Sleep Sound (12 Hours),16512989,
12,2025-09-12 07:49:00,White Noise and Sleep Sounds (12 Hours),Deep Brown Noise | Sleep Sound (12 Hours),16117101,
12,2025-09-15 08:09:00,White Noise and Sleep Sounds (12 Hours),Deep Brown Noise | Sleep Sound (12 Hours),20875284,
12,2025-09-15 11:24:00,If Books Could Kill,"Thomas Chatterton Williams' ""Summer of Our Discontent""",1860,
12,2025-09-16 07:21:00,White Noise and Sleep Sounds (12 Hours),Deep Brown Noise | Sleep Sound (12 Hours),16030360,
12,2025-09-17 09:13:00,White Noise and Sleep Sounds (12 Hours),Deep Brown Noise | Sleep Sound (12 Hours),20539970,
12,2025-09-18 08:09:00,White Noise and Sleep Sounds (12 Hours),Deep Brown Noise | Sleep Sound (12 Hours),17740642,
12,2025-09-22 06:57:00,White Noise and Sleep Sounds (12 Hours),Deep Brown Noise | Sleep Sound (12 Hours),15132400,
12,2025-09-23 06:34:00,White Noise and Sleep Sounds (12 Hours),Deep Brown Noise | Sleep Sound (12 Hours),13824279,
12,2025-09-24 06:58:00,White Noise and Sleep Sounds (12 Hours),Deep Brown Noise | Sleep Sound (12 Hours),12318446,
12,2025-09-25 06:50:00,White Noise and Sleep Sounds (12 Hours),Deep Brown Noise | Sleep Sound (12 Hours),13986938,
12,2025-09-26 01:30:00,History For Weirdos,"Episode 160: The Beverly Hills Stabbing - Lana Turner, Johnny Stompanato & a Studio System on Trial",3809,
12,2025-09-26 02:58:00,History For Weirdos,"Episode 160: The Beverly Hills Stabbing - Lana Turner, Johnny Stompanato & a Studio System on Trial",1481,
12,2025-09-26 02:59:00,White Noise and Sleep Sounds (12 Hours),Deep Brown Noise | Sleep Sound (12 Hours),3265,
12,2025-09-26 06:46:00,White Noise and Sleep Sounds (12 Hours),Deep Brown Noise | Sleep Sound (12 Hours),13631725,
12,2025-09-29 07:05:00,White Noise and Sleep Sounds (12 Hours),Deep Brown Noise | Sleep Sound (12 Hours),16276216,
12,2025-09-29 11:46:00,History For Weirdos,"Episode 160: The Beverly Hills Stabbing - Lana Turner, Johnny Stompanato & a Studio System on Trial",1051,
12,2025-09-29 14:02:00,Terms of Service with Clare Duffy,Think Before You Ring: Keeping Home Surveillance Safe,626707,
12,2025-09-30 09:02:00,White Noise and Sleep Sounds (12 Hours),Deep Brown Noise | Sleep Sound (12 Hours),22766054,
12,2025-09-30 22:07:00,History For Weirdos,"Episode 160: The Beverly Hills Stabbing - Lana Turner, Johnny Stompanato & a Studio System on Trial",4162,
12,2025-10-01 07:40:00,White Noise and Sleep Sounds (12 Hours),Deep Brown Noise | Sleep Sound (12 Hours),15632837,
12,2025-10-01 12:49:00,History For Weirdos,"Episode 160: The Beverly Hills Stabbing - Lana Turner, Johnny Stompanato & a Studio System on Trial",3860,
12,2025-10-02 08:17:00,White Noise and Sleep Sounds (12 Hours),Deep Brown Noise | Sleep Sound (12 Hours),17323442,
12,2025-10-03 06:49:00,White Noise and Sleep Sounds (12 Hours),Deep Brown Noise | Sleep Sound (12 Hours),15655072,
12,2025-10-04 07:36:00,White Noise and Sleep Sounds (12 Hours),Deep Brown Noise | Sleep Sound (12 Hours),14899882,
12,2025-10-05 07:16:00,White Noise and Sleep Sounds (12 Hours),Deep Brown Noise | Sleep Sound (12 Hours),17119019,
12,2025-10-06 07:34:00,White Noise and Sleep Sounds (12 Hours),Deep Brown Noise | Sleep Sound (12 Hours),16880960,
12,2025-10-07 06:50:00,White Noise and Sleep Sounds (12 Hours),Deep Brown Noise | Sleep Sound (12 Hours),17182680,
12,2025-10-08 06:39:00,White Noise and Sleep Sounds (12 Hours),Deep Brown Noise | Sleep Sound (12 Hours),12767060,
12,2025-10-09 02:23:00,History For Weirdos,Episode 161: The Kingfish vs. Oligarchs - Huey Long’s War for the Working Class,1260,
12,2025-10-09 07:11:00,White Noise and Sleep Sounds (12 Hours),Deep Brown Noise | Sleep Sound (12 Hours),17272956,
12,2025-10-11 05:02:00,White Noise and Sleep Sounds (12 Hours),Deep Brown Noise | Sleep Sound (12 Hours),16542388,
12,2025-10-13 13:44:00,Therapuss with Jake Shane,Session 99: Megan Moroney,0,
12,2025-10-13 15:12:00,Therapuss with Jake Shane,Session 99: Megan Moroney,3020,
12,2025-10-13 15:12:00,Therapuss with Jake Shane,Session 99: Megan Moroney,761,
12,2025-10-13 18:55:00,Geography By Geoff,Why You've Never Heard Of China's Largest Cities,65133,
12,2025-10-13 18:56:00,Geography By Geoff,Why You've Never Heard Of China's Largest Cities,1120,
12,2025-10-14 13:40:00,Geography By Geoff,Why You've Never Heard Of China's Largest Cities,0,
12,2025-10-15 18:22:00,Therapuss with Jake Shane,Session 99: Megan Moroney,230,
12,2025-10-16 02:10:00,Therapuss with Jake Shane,Session 99: Megan Moroney,1756,
12,2025-10-16 06:34:00,White Noise and Sleep Sounds (12 Hours),Deep Brown Noise | Sleep Sound (12 Hours),15851648,
12,2025-10-16 10:08:00,JAMA Medical News,Acetaminophen Use in Pregnancy and Risk of Autism,4830,
12,2025-10-17 08:09:00,White Noise and Sleep Sounds (12 Hours),Deep Brown Noise | Sleep Sound (12 Hours),19985361,
12,2025-10-18 06:30:00,White Noise and Sleep Sounds (12 Hours),Deep Brown Noise | Sleep Sound (12 Hours),14047445,
12,2025-10-19 07:13:00,White Noise and Sleep Sounds (12 Hours),Deep Brown Noise | Sleep Sound (12 Hours),15846546,
12,2025-10-19 18:03:00,Short Wave,Science Says Quitting Smoking At Any Age Is Good For The Brain,0,
12,2025-10-19 19:30:00,Short Wave,Science Says Quitting Smoking At Any Age Is Good For The Brain,570,
12,2025-10-20 01:23:00,Therapuss with Jake Shane,Session 100: Kerry Washington,3108,
12,2025-10-20 03:03:00,Therapuss with Jake Shane,Session 100: Kerry Washington,2903,
12,2025-10-20 06:57:00,White Noise and Sleep Sounds (12 Hours),Deep Brown Noise | Sleep Sound (12 Hours),14071263,
12,2025-10-21 06:24:00,White Noise and Sleep Sounds (12 Hours),Deep Brown Noise | Sleep Sound (12 Hours),14852851,
12,2025-10-22 07:02:00,White Noise and Sleep Sounds (12 Hours),Deep Brown Noise | Sleep Sound (12 Hours),15622422,
12,2025-10-23 07:15:00,White Noise and Sleep Sounds (12 Hours),Deep Brown Noise | Sleep Sound (12 Hours),14535443,
12,2025-10-24 07:49:00,White Noise and Sleep Sounds (12 Hours),Deep Brown Noise | Sleep Sound (12 Hours),19226328,
12,2025-10-25 08:22:00,White Noise and Sleep Sounds (12 Hours),Deep Brown Noise | Sleep Sound (12 Hours),21313796,
12,2025-10-26 08:56:00,White Noise and Sleep Sounds (12 Hours),Deep Brown Noise | Sleep Sound (12 Hours),20912712,
12,2025-10-27 03:02:00,White Noise and Sleep Sounds (12 Hours),Deep Brown Noise | Sleep Sound (12 Hours),4258,
12,2025-10-27 07:49:00,White Noise and Sleep Sounds (12 Hours),Deep Brown Noise | Sleep Sound (12 Hours),17241234,
12,2025-10-27 12:05:00,Therapuss with Jake Shane,Session 103: Banks,388,
12,2025-10-28 08:14:00,White Noise and Sleep Sounds (12 Hours),Deep Brown Noise | Sleep Sound (12 Hours),20997526,
12,2025-10-29 08:00:00,White Noise and Sleep Sounds (12 Hours),Deep Brown Noise | Sleep Sound (12 Hours),18080049,
12,2025-10-30 01:41:00,Therapuss with Jake Shane,Session 103: Banks,0,
12,2025-10-30 07:38:00,White Noise and Sleep Sounds (12 Hours),Deep Brown Noise | Sleep Sound (12 Hours),17897162,
12,2025-10-31 08:55:00,White Noise and Sleep Sounds (12 Hours),Deep Brown Noise | Sleep Sound (12 Hours),20912573,
12,2025-11-02 08:14:00,White Noise and Sleep Sounds (12 Hours),Deep Brown Noise | Sleep Sound (12 Hours),17768754,
12,2025-11-03 09:11:00,White Noise and Sleep Sounds (12 Hours),Deep Brown Noise | Sleep Sound (12 Hours),20740570,
12,2025-11-04 02:28:00,What Could Go Right?,Turning Down the Headline Noise,109,
12,2025-11-04 03:02:00,What Could Go Right?,Turning Down the Headline Noise,526,
12,2025-11-04 09:10:00,White Noise and Sleep Sounds (12 Hours),Deep Brown Noise | Sleep Sound (12 Hours),22074216,
12,2025-11-05 11:10:00,White Noise and Sleep Sounds (12 Hours),Deep Brown Noise | Sleep Sound (12 Hours),21154974,
12,2025-11-06 10:13:00,White Noise and Sleep Sounds (12 Hours),Deep Brown Noise | Sleep Sound (12 Hours),21852205,
12,2025-11-06 14:36:00,White Noise Relax Zone,Box Fan White Noise | 3 Hours of Black Screen Video,1391,
12,2025-11-06 14:36:00,White Noise Relax Zone,Box Fan White Noise | 3 Hours of Black Screen Video,824,
12,2025-11-06 22:07:00,White Noise Relax Zone,Box Fan White Noise | 3 Hours of Black Screen Video,814,
12,2025-11-07 09:43:00,White Noise and Sleep Sounds (12 Hours),Deep Brown Noise | Sleep Sound (12 Hours),19690587,
12,2025-11-10 04:18:00,Fortune 500: Titans and Disruptors of Industry,Kamala Harris says the ‘Glass Cliff’ Suggests Finality: “I’m Not Into That”,3,
12,2025-11-10 09:23:00,White Noise and Sleep Sounds (12 Hours),Deep Brown Noise | Sleep Sound (12 Hours),18276859,
12,2025-11-11 08:52:00,White Noise and Sleep Sounds (12 Hours),Deep Brown Noise | Sleep Sound (12 Hours),20344593,
12,2025-11-12 09:44:00,White Noise and Sleep Sounds (12 Hours),Deep Brown Noise | Sleep Sound (12 Hours),20617037,
12,2025-11-13 03:23:00,Therapuss with Jake Shane,Session 105: Hilary Duff,1088,
12,2025-11-13 03:24:00,Therapuss with Jake Shane,Session 105: Hilary Duff,741,
12,2025-11-13 08:16:00,White Noise and Sleep Sounds (12 Hours),Deep Brown Noise | Sleep Sound (12 Hours),17508429,
12,2025-11-13 13:14:00,Therapuss with Jake Shane,Session 105: Hilary Duff,68144,
12,2025-11-13 13:38:00,Therapuss with Jake Shane,Session 105: Hilary Duff,50996,
12,2025-11-14 02:55:00,Therapuss with Jake Shane,Session 105: Hilary Duff,17088,
12,2025-11-14 03:13:00,Therapuss with Jake Shane,Session 105: Hilary Duff,5675,
12,2025-11-14 08:28:00,White Noise and Sleep Sounds (12 Hours),Deep Brown Noise | Sleep Sound (12 Hours),18844637,
12,2025-11-15 13:12:00,Science Vs,AI: Is It Ruining the Environment?,0,
12,2025-11-15 19:48:00,Science Vs,AI: Is It Ruining the Environment?,0,
12,2025-11-16 18:03:00,Maintenance Phase,Raw Milk,550,
12,2025-11-17 00:54:00,Maintenance Phase,Raw Milk,4250,
12,2025-11-17 01:55:00,Maintenance Phase,Raw Milk,150,
12,2025-11-17 03:44:00,Maintenance Phase,Raw Milk,2060,
12,2025-11-17 03:44:00,Maintenance Phase,Raw Milk,2770,
12,2025-11-17 10:00:00,White Noise and Sleep Sounds (12 Hours),Deep Brown Noise | Sleep Sound (12 Hours),22568803,
12,2025-11-17 13:10:00,Therapuss with Jake Shane,Session 105: Hilary Duff,1259,
12,2025-11-17 13:13:00,Therapuss with Jake Shane,Session 105: Hilary Duff,2867,
12,2025-11-18 00:51:00,Therapuss with Jake Shane,Session 105: Hilary Duff,1167,
12,2025-11-18 02:20:00,Fortune 500: Titans and Disruptors of Industry,Kamala Harris says the ‘Glass Cliff’ Suggests Finality: “I’m Not Into That”,1188,
12,2025-11-19 04:17:00,White Noise and Sleep Sounds (12 Hours),Deep Brown Noise | Sleep Sound (12 Hours),2273,
12,2025-11-19 10:09:00,White Noise and Sleep Sounds (12 Hours),Deep Brown Noise | Sleep Sound (12 Hours),21083959,
12,2025-11-20 11:19:00,White Noise and Sleep Sounds (12 Hours),Deep Brown Noise | Sleep Sound (12 Hours),24527202,
12,2025-11-21 04:22:00,Therapuss with Jake Shane,Session 105: Hilary Duff,5620,
12,2025-11-21 09:47:00,White Noise and Sleep Sounds (12 Hours),Deep Brown Noise | Sleep Sound (12 Hours),19451715,
12,2025-11-22 09:30:00,White Noise and Sleep Sounds (12 Hours),Deep Brown Noise | Sleep Sound (12 Hours),21682274,
12,2025-11-23 04:25:00,The Wild with Chris Morgan,"The story of Whatcom Creek: an explosion, a tragedy, and a rebirth",1290,
12,2025-11-23 10:40:00,White Noise and Sleep Sounds (12 Hours),Deep Brown Noise | Sleep Sound (12 Hours),22506935,
12,2025-11-24 01:52:00,If Books Could Kill,Sapiens,0,
12,2025-11-24 03:59:00,If Books Could Kill,Sapiens,0,
12,2025-11-24 04:00:00,White Noise and Sleep Sounds (12 Hours),Deep Brown Noise | Sleep Sound (12 Hours),4258,
12,2025-11-24 10:59:00,White Noise and Sleep Sounds (12 Hours),Deep Brown Noise | Sleep Sound (12 Hours),25162411,
12,2025-11-24 12:59:00,Hello Monday with Jessi Hempel,The Introvert’s Guide to Personal Branding,1190,
12,2025-11-24 13:28:00,Hello Monday with Jessi Hempel,The Introvert’s Guide to Personal Branding,1,
12,2025-11-25 10:04:00,White Noise and Sleep Sounds (12 Hours),Deep Brown Noise | Sleep Sound (12 Hours),20456525,
12,2025-12-01 03:43:00,Therapuss with Jake Shane,Session 105: Hilary Duff,84165,
12,2025-12-01 09:51:00,White Noise and Sleep Sounds (12 Hours),Deep Brown Noise | Sleep Sound (12 Hours),21810511,
12,2025-12-01 13:01:00,Skimm This,Well Played LIVE at the National Women's Soccer League Championship with Sarah Spain,897,
12,2025-12-01 19:31:00,Skimm This,Well Played LIVE at the National Women's Soccer League Championship with Sarah Spain,1750,
12,2025-12-02 09:57:00,White Noise and Sleep Sounds (12 Hours),Deep Brown Noise | Sleep Sound (12 Hours),21655996,
12,2025-12-03 09:08:00,White Noise and Sleep Sounds (12 Hours),Deep Brown Noise | Sleep Sound (12 Hours),17970825,
12,2025-12-04 08:41:00,White Noise and Sleep Sounds (12 Hours),Deep Brown Noise | Sleep Sound (12 Hours),17705628,
12,2025-12-05 10:18:00,White Noise and Sleep Sounds (12 Hours),Deep Brown Noise | Sleep Sound (12 Hours),21758036,
12,2025-12-07 12:57:00,White Noise and Sleep Sounds (12 Hours),Deep Brown Noise | Sleep Sound (12 Hours),30106561,
12,2025-12-08 10:22:00,White Noise and Sleep Sounds (12 Hours),Deep Brown Noise | Sleep Sound (12 Hours),22231882,
12,2025-12-09 04:09:00,White Noise and Sleep Sounds (12 Hours),Deep Brown Noise | Sleep Sound (12 Hours),4258,
12,2025-12-09 10:11:00,White Noise and Sleep Sounds (12 Hours),Deep Brown Noise | Sleep Sound (12 Hours),21455189,
12,2025-12-09 12:15:00,Good Hang with Amy Poehler,Selena Gomez,1063,
12,2025-12-09 12:44:00,Good Hang with Amy Poehler,Selena Gomez,294,
12,2025-12-10 11:22:00,White Noise and Sleep Sounds (12 Hours),Deep Brown Noise | Sleep Sound (12 Hours),25069509,
12,2025-12-11 10:29:00,White Noise and Sleep Sounds (12 Hours),Deep Brown Noise | Sleep Sound (12 Hours),21767723,
12,2025-12-12 07:58:00,White Noise and Sleep Sounds (12 Hours),Deep Brown Noise | Sleep Sound (12 Hours),16689016,
12,2025-12-13 08:48:00,White Noise and Sleep Sounds (12 Hours),Deep Brown Noise | Sleep Sound (12 Hours),17852409,
12,2025-12-14 02:46:00,Therapuss with Jake Shane,Session 105: Hilary Duff,0,
12,2025-12-14 03:50:00,Therapuss with Jake Shane,Session 105: Hilary Duff,174,
12,2025-12-14 03:50:00,Therapuss with Jake Shane,Session 105: Hilary Duff,194,
12,2025-12-14 09:36:00,White Noise and Sleep Sounds (12 Hours),Deep Brown Noise | Sleep Sound (12 Hours),20733295,
12,2025-12-15 05:06:00,Therapuss with Jake Shane,Session 105: Hilary Duff,1013,
12,2025-12-15 11:35:00,White Noise and Sleep Sounds (12 Hours),Deep Brown Noise | Sleep Sound (12 Hours),23338320,
12,2025-12-15 13:59:00,The Toast,"The Story Of Us: Friday, December 12th, 2025",4924,
12,2025-12-15 14:53:00,The Toast,"The Story Of Us: Friday, December 12th, 2025",588,
12,2025-12-16 14:27:00,Good Hang with Amy Poehler,Tina Fey,2385,
12,2025-12-16 16:13:00,Good Hang with Amy Poehler,Tina Fey,328,
12,2025-12-16 18:32:00,Good Hang with Amy Poehler,Tina Fey,6156,
12,2025-12-17 10:45:00,White Noise and Sleep Sounds (12 Hours),Deep Brown Noise | Sleep Sound (12 Hours),22529773,
12,2025-12-17 17:48:00,Good Hang with Amy Poehler,Kristen Wiig,106387,
12,2025-12-17 19:40:00,Good Hang with Amy Poehler,Kristen Wiig,0,
12,2025-12-17 19:40:00,Good Hang with Amy Poehler,Kristen Wiig,815,
12,2025-12-17 23:43:00,I've Got Questions with Sinead Bovell,7 Skills You Need to Stay Employed in the Age of AI,430,
12,2025-12-17 23:57:00,I've Got Questions with Sinead Bovell,7 Skills You Need to Stay Employed in the Age of AI,5591,
12,2025-12-17 23:59:00,I've Got Questions with Sinead Bovell,7 Skills You Need to Stay Employed in the Age of AI,1256,
12,2025-12-18 08:39:00,White Noise and Sleep Sounds (12 Hours),Deep Brown Noise | Sleep Sound (12 Hours),21045224,
12,2025-12-23 14:24:00,Hot Mess Habits,we are getting un-addicted to our phones in 2026 | tips to *ACTUALLY* break your phone addiction and be productive,0,
12,2026-01-04 20:21:00,White Noise and Sleep Sounds (12 Hours),Deep Brown Noise | Sleep Sound (12 Hours),15286,
12,2026-01-04 23:12:00,White Noise and Sleep Sounds (12 Hours),Deep Brown Noise | Sleep Sound (12 Hours),5712,
12,2026-01-07 16:50:00,This Week with George Stephanopoulos,"Full Episode: Sunday, January 4, 2026",0,
12,2026-01-07 17:12:00,This Week with George Stephanopoulos,"Full Episode: Sunday, January 4, 2026",10,
12,2026-01-07 17:23:00,This Week with George Stephanopoulos,"Full Episode: Sunday, January 4, 2026",0,
12,2026-01-07 17:24:00,This Week with George Stephanopoulos,"Full Episode: Sunday, January 4, 2026",0,
12,2026-01-11 15:29:00,Good Hang with Amy Poehler,Tina Fey,652,
12,2026-01-12 09:17:00,White Noise and Sleep Sounds (12 Hours),Deep Brown Noise | Sleep Sound (12 Hours),19782011,
12,2026-01-12 13:21:00,White Noise and Sleep Sounds (12 Hours),👉 We’ve Got a Newsletter! For Better Sleep 📬😴,0,
12,2026-01-13 03:52:00,White Noise and Sleep Sounds (12 Hours),Deep Brown Noise | Sleep Sound (12 Hours),26261,
12,2026-01-13 11:00:00,White Noise and Sleep Sounds (12 Hours),👉 We’ve Got a Newsletter! For Better Sleep 📬😴,9319,
12,2026-01-13 11:00:00,White Noise and Sleep Sounds (12 Hours),Deep Brown Noise | Sleep Sound (12 Hours),25625104,
12,2026-01-13 11:52:00,White Noise and Sleep Sounds (12 Hours),Deep Brown Noise | Sleep Sound (12 Hours),3136397,
12,2026-01-13 12:49:00,White Noise and Sleep Sounds (12 Hours),👉 We’ve Got a Newsletter! For Better Sleep 📬😴,0,
12,2026-01-14 13:28:00,TBPN,"Dan Wang's Annual Letter, Meta Acquires Manus, Nvidia's $20B Groq Deal | Diet TBPN",2820,
12,2026-01-14 13:28:00,White Noise and Sleep Sounds (12 Hours),Deep Brown Noise | Sleep Sound (12 Hours),5421653,
12,2026-01-15 08:56:00,White Noise and Sleep Sounds (12 Hours),Deep Brown Noise | Sleep Sound (12 Hours),18842084,
12,2026-01-15 12:36:00,White Noise and Sleep Sounds (12 Hours),👉 We’ve Got a Newsletter! For Better Sleep 📬😴,0,
12,2026-01-16 10:15:00,White Noise and Sleep Sounds (12 Hours),Deep Brown Noise | Sleep Sound (12 Hours),23311710,
12,2026-01-16 13:54:00,White Noise and Sleep Sounds (12 Hours),👉 We’ve Got a Newsletter! For Better Sleep 📬😴,0,
12,2026-01-17 10:04:00,White Noise and Sleep Sounds (12 Hours),Deep Brown Noise | Sleep Sound (12 Hours),21116673,
12,2026-01-17 13:47:00,White Noise and Sleep Sounds (12 Hours),👉 We’ve Got a Newsletter! For Better Sleep 📬😴,0,
12,2026-01-17 15:01:00,Good Hang with Amy Poehler,Tina Fey,693,
12,2026-01-17 15:03:00,Good Hang with Amy Poehler,Tina Fey,555,
12,2026-01-17 15:28:00,Good Hang with Amy Poehler,Tina Fey,326,
12,2026-01-17 20:10:00,Good Hang with Amy Poehler,Tina Fey,685,
12,2026-01-17 22:24:00,Good Hang with Amy Poehler,Tina Fey,276,
12,2026-01-17 22:24:00,Good Hang with Amy Poehler,Tina Fey,0,
12,2026-01-17 22:32:00,Good Hang with Amy Poehler,Tina Fey,0,
12,2026-01-17 23:22:00,Good Hang with Amy Poehler,Tina Fey,0,
12,2026-01-17 23:23:00,Good Hang with Amy Poehler,Tina Fey,0,
12,2026-01-19 01:57:00,The Toast,"A Queenie in Both Hands: Friday, January 16th, 2026",1750,
12,2026-01-19 08:22:00,White Noise and Sleep Sounds (12 Hours),Deep Brown Noise | Sleep Sound (12 Hours),23088939,
12,2026-01-19 14:23:00,Good Hang with Amy Poehler,Aubrey Plaza,0,
12,2026-01-19 14:23:00,White Noise and Sleep Sounds (12 Hours),Blizzard & Snowstorm | Sleep Sound (12 Hours),0,
12,2026-01-20 08:40:00,White Noise and Sleep Sounds (12 Hours),Deep Brown Noise | Sleep Sound (12 Hours),26345958,
12,2026-01-21 02:39:00,The Toast,"A Queenie in Both Hands: Friday, January 16th, 2026",7629,
12,2026-01-21 03:48:00,Therapuss with Jake Shane,Session 102: Rachel Sennott,153,
12,2026-01-21 03:48:00,The Toast,"A Queenie in Both Hands: Friday, January 16th, 2026",5297,
12,2026-01-21 03:48:00,The Toast,"A Queenie in Both Hands: Friday, January 16th, 2026",131,
12,2026-01-21 10:04:00,White Noise and Sleep Sounds (12 Hours),Deep Brown Noise | Sleep Sound (12 Hours),22534516,
12,2026-01-22 03:17:00,U Up?,My Ex Wants Our Dog Back,145,
12,2026-01-22 08:37:00,White Noise and Sleep Sounds (12 Hours),Deep Brown Noise | Sleep Sound (12 Hours),19187297,
12,2026-01-23 01:05:00,Billions Club: The Series,Billions Club Live with Ed Sheeran: A Concert Film,307,
12,2026-01-23 08:49:00,White Noise and Sleep Sounds (12 Hours),Deep Brown Noise | Sleep Sound (12 Hours),20460272,
12,2026-01-24 10:39:00,White Noise and Sleep Sounds (12 Hours),Deep Brown Noise | Sleep Sound (12 Hours),22479423,
12,2026-01-25 00:50:00,Kim Duy,Rain Sound in Forest in Ba Be Lake ,907,
12,2026-01-25 15:23:00,Kim Duy,Rain Sound in Forest in Ba Be Lake ,0,
12,2026-01-25 15:23:00,Kim Duy,Rain Sound in Forest in Ba Be Lake ,268,
12,2026-01-26 04:05:00,Therapuss with Jake Shane,Session 102: Rachel Sennott,5,
12,2026-01-26 07:10:00,White Noise and Sleep Sounds (12 Hours),Deep Brown Noise | Sleep Sound (12 Hours),11090849,
12,2026-01-26 14:07:00,White Noise and Sleep Sounds (12 Hours),👉 We’ve Got a Newsletter! For Better Sleep 📬😴,0,
12,2026-01-26 17:10:00,Dream Drift,🔴 Gentle Night Rain to Sleep FAST + Black Screen - Rain Sounds for Sleeping,79,
12,2026-01-27 03:46:00,Dream Drift,🔴 Gentle Night Rain to Sleep FAST + Black Screen - Rain Sounds for Sleeping,803,
12,2026-01-27 08:11:00,White Noise and Sleep Sounds (12 Hours),Deep Brown Noise | Sleep Sound (12 Hours),15909035,
12,2026-01-27 13:42:00,White Noise and Sleep Sounds (12 Hours),👉 We’ve Got a Newsletter! For Better Sleep 📬😴,0,
12,2026-01-27 13:44:00,Dream Drift,🌧️ 12-Hour Black Screen Rain Sounds | Sleep & Relaxation | No Ads 🌧️,5942,
12,2026-01-27 14:35:00,Dream Drift,🌧️ 12-Hour Black Screen Rain Sounds | Sleep & Relaxation | No Ads 🌧️,0,
12,2026-01-27 16:37:00,Dream Drift,🌧️ 12-Hour Black Screen Rain Sounds | Sleep & Relaxation | No Ads 🌧️,0,
12,2026-01-28 04:01:00,Dream Drift,🌧️ 12-Hour Black Screen Rain Sounds | Sleep & Relaxation | No Ads 🌧️,912,
12,2026-01-28 04:01:00,Dream Drift,🌧️ 12-Hour Black Screen Rain Sounds | Sleep & Relaxation | No Ads 🌧️,2604,
12,2026-01-28 08:55:00,White Noise and Sleep Sounds (12 Hours),Deep Brown Noise | Sleep Sound (12 Hours),17654908,
12,2026-01-28 13:58:00,White Noise and Sleep Sounds (12 Hours),👉 We’ve Got a Newsletter! For Better Sleep 📬😴,0,
12,2026-01-29 01:30:00,Kim Duy,Rain Sound in Forest in Ba Be Lake ,4484,
12,2026-01-29 02:42:00,Kim Duy,Rain Sound in Forest in Ba Be Lake ,0,
12,2026-01-29 04:16:00,Dream Drift,🔴 Gentle Night Rain to Sleep FAST + Black Screen - Rain Sounds for Sleeping,2658,
12,2026-01-29 09:16:00,White Noise and Sleep Sounds (12 Hours),Deep Brown Noise | Sleep Sound (12 Hours),17873280,
12,2026-01-29 13:26:00,White Noise and Sleep Sounds (12 Hours),👉 We’ve Got a Newsletter! For Better Sleep 📬😴,0,
12,2026-01-29 13:27:00,Therapuss with Jake Shane,Session 105: Hilary Duff,1874,
12,2026-01-30 09:05:00,White Noise and Sleep Sounds (12 Hours),Deep Brown Noise | Sleep Sound (12 Hours),18504102,
12,2026-01-30 12:22:00,White Noise and Sleep Sounds (12 Hours),👉 We’ve Got a Newsletter! For Better Sleep 📬😴,0,
14,2025-11-16 00:17:00,anything goes with emma chamberlain,"becoming a better person, advice session",15051,
14,2025-11-16 00:17:00,anything goes with emma chamberlain,"becoming a better person, advice session",1413,
14,2026-01-09 22:36:00,Best Noise Labs,White Noise (8 hours continuous) 432 Hz LPF,2535921,
14,2026-01-11 01:54:00,@RxTr4k on IG,4 Raws TChalamet,234718,
14,2026-01-11 01:54:00,Emergency Intercom,2018 was 4 years ago,3948,
14,2026-01-11 14:04:00,The Hidden Third,Anna Delvey / Fake Heiress | The Hidden Third with Mariana van Zeller,4580,
14,2026-01-11 20:32:00,The Hidden Third,Anna Delvey / Fake Heiress | The Hidden Third with Mariana van Zeller,0,
14,2026-01-22 04:19:00,Smoke Sesh,"adult bullies, adult acne & vaping addiction",172,
15,2025-02-16 02:44:00,The Checkup with Doctor Mike,Debating Dr. Jason Fung On Calories & Insulin,939,
15,2025-02-16 03:33:00,The Checkup with Doctor Mike,Debating Dr. Jason Fung On Calories & Insulin,19,
15,2025-02-16 03:33:00,The Checkup with Doctor Mike,Debating Dr. Jason Fung On Calories & Insulin,329,
15,2025-02-18 21:45:00,The Checkup with Doctor Mike,Debating Dr. Jason Fung On Calories & Insulin,0,
15,2025-02-20 22:16:00,THEMOVE,What Can the Early-Season Racing Teach Us About the Rest of the Season? | THEMOVE+,23280,
15,2025-02-20 22:16:00,THEMOVE,What Can the Early-Season Racing Teach Us About the Rest of the Season? | THEMOVE+,5680,
15,2025-02-25 21:43:00,SOLVED with Mark Manson,How to Build a Life Full of Meaning and Purpose (ft. Arthur Brooks),0,
15,2025-02-25 22:03:00,SOLVED with Mark Manson,How to Build a Life Full of Meaning and Purpose (ft. Arthur Brooks),0,
15,2025-03-08 14:59:00,The Peter Attia Drive,"#338 ‒ Peter’s takeaways on aerobic exercise and VO2 max, insulin resistance, rising healthcare costs, treating children with autism and ADHD, and strength training | Quarterly Podcast Summary #4",32061,
15,2025-03-08 15:57:00,The Peter Attia Drive,"#338 ‒ Peter’s takeaways on aerobic exercise and VO2 max, insulin resistance, rising healthcare costs, treating children with autism and ADHD, and strength training | Quarterly Podcast Summary #4",0,
15,2025-03-11 15:15:00,The Peter Attia Drive,"#338 ‒ Peter’s takeaways on aerobic exercise and VO2 max, insulin resistance, rising healthcare costs, treating children with autism and ADHD, and strength training | Quarterly Podcast Summary #4",0,
15,2025-03-18 19:45:00,The Checkup with Doctor Mike,Do You Need A Full Body MRI Scan? | Prenuvo CEO,0,
15,2025-03-19 11:24:00,The Checkup with Doctor Mike,Do You Need A Full Body MRI Scan? | Prenuvo CEO,350,
15,2025-04-25 16:34:00,The Unplanned Podcast with Matt & Abby,Relationship warning signs & how to be likable w/ body language expert (Vanessa Van Edwards),0,
15,2025-05-18 03:23:00,Modern Wisdom,#940 - Cameron Hanes - The Harsh Price Of Extreme Performance,1280,
15,2025-05-24 22:48:00,Family Trips with the Meyers Brothers,CONNIE BRITTON Went to Singing Eagle Lodge ,300,
15,2025-05-24 23:17:00,Family Trips with the Meyers Brothers,CONNIE BRITTON Went to Singing Eagle Lodge ,409,
15,2025-05-24 23:25:00,Family Trips with the Meyers Brothers,CONNIE BRITTON Went to Singing Eagle Lodge ,0,
15,2025-06-15 02:27:00,Unwind to Ocean Science,Why do Deep Sea Creatures Rise at Night?,859,
15,2025-06-16 14:54:00,Unwind to Ocean Science,Why do Deep Sea Creatures Rise at Night?,436,
15,2025-06-16 19:42:00,Unwind to Ocean Science,Why do Deep Sea Creatures Rise at Night?,0,
15,2025-06-17 17:06:00,Unwind to Ocean Science,Why do Deep Sea Creatures Rise at Night?,1286,
15,2025-06-18 12:25:00,Unwind to Ocean Science,Why do Deep Sea Creatures Rise at Night?,2244,
15,2025-06-18 14:37:00,Unwind to Ocean Science,Why do Deep Sea Creatures Rise at Night?,560,
15,2025-06-18 16:06:00,Unwind to Ocean Science,Why do Deep Sea Creatures Rise at Night?,0,
15,2025-06-18 17:32:00,Unwind to Ocean Science,Why do Deep Sea Creatures Rise at Night?,1936,
15,2025-08-10 22:42:00,Good Hang with Amy Poehler,The Jonas Brothers,510,
15,2025-08-10 23:08:00,Good Hang with Amy Poehler,The Jonas Brothers,68,
15,2025-08-10 23:08:00,Good Hang with Amy Poehler,The Jonas Brothers,870,
15,2025-08-10 23:09:00,Good Hang with Amy Poehler,The Jonas Brothers,664,
15,2025-08-11 21:29:00,Good Hang with Amy Poehler,The Jonas Brothers,0,
15,2025-08-13 14:04:00,Nicky at Night,"The Epidemic of ""Performative Men"" (ft Amelia Moore)",0,
15,2025-08-28 17:44:00,Two Deep | The Longest-Running Hokies Podcast,"Hokies Depth Chart Surprises - VT vs. South Carolina Preview, Keys, & Predictions",2181,
15,2025-08-28 17:58:00,Two Deep | The Longest-Running Hokies Podcast,"Hokies Depth Chart Surprises - VT vs. South Carolina Preview, Keys, & Predictions",10220,
15,2025-08-28 18:29:00,Two Deep | The Longest-Running Hokies Podcast,"Hokies Depth Chart Surprises - VT vs. South Carolina Preview, Keys, & Predictions",19030,
15,2025-08-28 18:29:00,Two Deep | The Longest-Running Hokies Podcast,"Hokies Depth Chart Surprises - VT vs. South Carolina Preview, Keys, & Predictions",15850,
15,2025-10-04 17:00:00,Founders,#401 How Bill Gates Works ,6577,
15,2025-10-28 19:58:00,The Watch,Creator Brad Ingelsby on the ‘Task’ Finale,1112,
15,2025-12-03 22:53:00,Good Hang with Amy Poehler,Hayley Williams,86767,
15,2025-12-19 19:24:00,Huberman Lab,Essentials: The Science of Making & Breaking Habits,1450,
15,2026-01-02 19:53:00,Huberman Lab,Essentials: The Science of Making & Breaking Habits,0,
15,2026-01-04 04:29:00,Song Exploder,Goo Goo Dolls - Iris,18176,
15,2026-01-05 16:48:00,Song Exploder,Goo Goo Dolls - Iris,56330,
15,2026-01-15 19:28:00,The Joe Rogan Experience,#2439 - Johnny Knoxville,1069967,
15,2026-01-15 19:39:00,The Joe Rogan Experience,#2439 - Johnny Knoxville,19338,
15,2026-01-15 19:42:00,The Joe Rogan Experience,#2439 - Johnny Knoxville,303,
15,2026-01-19 14:38:00,This Past Weekend w/ Theo Von,#634 - Fiona Cauley,2350,
